200 15
0 23 71 151 43 25 118 66 126 133 12 155 59 91 44 136 162 269 127 139 131 31 82 72 79 96 68 234 137 161 97 142 153 173 25 79 239 86 102 111 74 79 215 70 119 31 140 106 98 122 198 159 124 143 106 248 78 63 202 143 58 125 123 88 230 189 35 243 115 169 53 126 203 70 162 86 144 121 71 133 69 140 217 38 148 52 130 175 65 106 112 150 45 91 75 109 81 226 199 33 190 228 61 70 35 291 175 105 328 160 83 132 167 132 196 254 64 151 50 75 140 132 234 158 100 85 167 110 333 69 232 205 58 156 296 14 84 237 49 127 135 68 79 218 44 81 171 79 127 14 207 126 132 51 213 199 69 46 208 139 230 274 206 163 231 200 79 48 198 184 86 72 65 200 81 102 124 49 62 78 106 644 622 647 618 634 607 623 606 627 626 617 625 658 639 643 653 620 636 634 670
23 0 88 132 49 30 139 85 103 154 20 145 69 102 67 132 152 251 130 132 129 13 102 94 102 72 74 251 114 184 120 157 133 168 47 92 260 87 78 117 92 59 193 72 135 53 163 94 119 138 211 176 102 160 129 240 79 51 207 157 36 110 109 105 247 189 50 242 138 190 40 116 220 69 144 108 160 116 94 142 90 162 237 41 168 74 138 165 57 128 109 131 61 92 75 131 80 244 193 17 206 241 59 60 40 293 192 98 338 140 107 144 148 153 182 277 86 129 71 79 117 130 218 180 120 62 178 132 348 91 249 205 65 149 273 10 77 214 72 150 152 49 56 205 43 79 187 55 109 24 228 130 126 75 226 187 74 66 194 139 254 271 196 181 240 189 71 39 197 204 78 62 83 210 94 78 138 60 76 91 129 647 599 644 641 632 583 625 583 630 649 620 624 681 637 646 629 619 638 657 693
71 88 0 220 107 60 58 97 183 71 83 226 29 137 67 203 232 282 82 207 196 100 25 83 79 151 41 164 193 114 63 174 180 240 47 20 176 150 160 166 6 117 249 54 149 66 121 176 107 153 233 181 187 72 93 226 142 87 255 73 112 196 194 122 244 250 38 303 112 165 124 124 132 63 182 40 173 103 66 73 20 139 150 106 81 30 179 166 135 100 90 219 94 66 141 61 68 156 175 83 214 263 129 86 53 238 104 98 364 186 59 171 188 138 198 207 79 192 26 137 181 104 243 99 36 148 99 113 353 84 161 265 40 224 338 81 154 295 55 111 64 137 135 212 113 68 195 136 197 64 197 183 200 52 144 270 130 27 279 104 186 336 276 179 166 271 150 119 260 119 86 143 97 135 126 158 160 106 110 125 94 587 663 708 577 693 652 567 649 571 587 562 684 619 697 587 696 679 579 598 631
151 132 220 0 131 161 268 179 78 283 140 66 200 160 181 99 69 264 250 84 109 120 232 199 212 93 202 383 80 305 241 209 162 108 176 223 389 116 79 143 224 134 177 196 198 171 268 62 214 200 237 236 54 292 237 315 117 157 190 288 117 33 45 181 300 150 182 188 237 276 99 203 352 188 181 235 214 219 209 269 220 252 367 126 299 202 164 240 96 233 219 7 156 211 110 257 197 376 280 140 252 259 111 166 171 402 324 199 335 167 227 189 182 239 234 393 193 129 201 124 126 237 248 307 251 80 307 227 376 195 381 163 194 92 217 139 87 122 192 255 284 83 99 262 119 196 239 98 24 156 314 140 87 196 355 80 128 196 75 249 369 201 98 247 365 87 87 106 150 334 185 87 177 336 162 87 192 143 157 158 237 751 520 556 742 547 499 729 502 732 748 722 542 779 556 749 546 539 741 753 791
43 49 107 131 0 67 143 50 131 158 33 121 100 54 51 96 127 297 169 101 90 42 110 68 80 106 110 267 142 174 111 110 178 133 60 118 260 44 107 69 109 106 233 113 90 44 138 75 86 92 162 132 121 176 106 288 36 99 160 180 79 101 95 61 203 146 75 200 108 155 38 165 235 112 190 109 113 162 78 174 99 128 242 9 176 81 90 213 36 102 154 133 25 134 34 128 123 255 240 66 159 192 23 108 78 333 207 145 289 185 97 96 195 117 230 261 61 168 82 33 157 175 265 179 130 87 206 100 301 64 264 163 100 117 307 44 50 235 64 125 169 62 92 254 13 123 141 90 108 57 193 83 93 68 251 166 26 80 177 182 238 232 171 138 271 166 47 30 156 208 126 44 48 240 47 110 91 14 32 44 106 687 629 605 617 591 612 665 612 670 623 660 583 655 596 686 658 578 678 630 667
25 30 60 161 67 0 114 87 124 129 34 174 39 115 60 159 181 251 103 159 154 43 77 88 93 93 45 222 135 164 102 165 137 195 29 62 235 110 101 135 65 65 202 46 142 48 152 123 115 145 222 181 128 131 118 224 101 43 227 127 53 139 139 111 251 212 23 266 130 185 69 103 191 45 144 86 167 96 82 113 65 157 210 62 141 52 154 152 84 120 88 160 69 67 98 109 57 216 175 24 212 252 83 48 11 267 163 81 352 144 90 155 149 150 175 258 80 141 47 99 129 108 215 156 94 88 148 127 355 86 220 229 36 177 287 26 104 237 60 139 123 78 77 195 66 56 193 77 139 10 222 150 153 61 196 217 93 41 223 115 235 296 225 184 211 219 99 67 221 178 62 90 86 180 105 99 147 73 86 102 118 621 614 670 625 657 600 600 598 604 634 594 649 666 662 620 645 644 612 643 678
118 139 58 268 143 114 0 113 239 15 128 264 87 155 93 235 270 335 119 242 225 149 37 91 80 207 97 127 249 59 43 173 238 271 93 70 121 181 215 187 52 175 306 110 152 100 89 218 103 155 230 172 241 47 75 265 174 145 267 69 167 241 237 133 223 272 91 323 95 138 170 177 96 120 238 34 171 153 73 94 49 118 99 146 34 66 193 214 177 85 139 268 123 117 176 23 123 112 215 138 204 258 166 144 109 249 70 151 356 243 53 177 244 123 250 151 92 250 69 168 239 148 296 42 23 201 98 102 332 94 124 286 97 257 395 131 193 351 80 85 47 187 191 260 153 124 186 191 245 116 162 204 234 75 130 309 160 74 320 144 130 358 313 165 162 309 190 163 283 65 142 185 115 132 144 214 165 137 134 145 77 586 721 723 521 707 709 566 707 571 531 562 697 563 710 586 754 691 579 542 575
66 85 97 179 50 87 113 0 179 127 65 157 104 42 31 124 163 335 174 133 114 85 88 23 36 153 118 240 190 131 74 80 218 159 64 115 221 72 155 74 96 144 277 126 56 39 89 119 37 59 138 94 170 154 59 309 67 129 159 165 120 147 139 25 164 159 81 210 59 107 88 190 209 129 228 81 81 180 40 170 81 79 207 58 147 67 83 239 84 54 170 181 26 146 71 93 140 225 259 98 126 169 68 135 94 335 182 167 269 225 61 74 233 69 261 214 21 213 72 59 202 189 300 143 106 136 194 50 268 19 237 173 109 147 354 76 93 285 42 76 150 111 137 282 63 139 106 136 156 78 145 91 125 45 236 202 53 74 217 193 190 246 203 97 261 201 92 79 170 173 148 92 2 230 31 157 64 36 23 32 59 684 678 614 567 598 661 663 661 668 574 659 589 605 602 684 707 583 676 580 617
126 103 183 78 131 124 239 179 0 253 120 134 157 178 168 152 139 192 190 141 158 97 202 193 203 32 153 338 11 286 223 235 84 174 149 179 359 141 25 175 188 72 111 144 217 155 264 101 216 220 277 259 25 251 230 238 137 102 246 240 71 86 97 191 329 212 147 257 236 285 93 131 309 135 104 209 239 152 196 215 190 258 333 122 264 175 199 164 104 228 155 72 154 154 130 233 140 336 205 101 283 303 121 108 130 332 282 134 390 89 209 217 105 247 156 379 185 54 171 143 48 171 172 280 218 43 254 229 419 190 337 227 148 156 176 112 111 112 175 250 242 69 48 185 118 139 267 48 72 124 324 180 141 177 301 158 143 165 152 184 356 274 175 267 305 164 107 101 215 302 123 100 177 279 175 25 215 145 162 171 230 676 499 634 743 625 482 655 482 658 751 647 619 782 633 675 529 616 667 758 794
133 154 71 283 158 129 15 127 253 0 143 279 99 168 108 249 285 344 124 256 240 164 52 105 93 221 108 114 263 53 55 184 249 285 108 81 107 196 230 201 65 188 318 121 163 115 94 233 114 166 239 181 256 41 85 269 189 158 279 67 182 256 252 146 229 285 106 335 104 142 185 186 84 131 249 49 181 161 86 97 64 125 84 161 21 81 206 222 192 95 148 283 138 127 191 34 134 98 220 152 212 266 181 156 123 245 59 161 364 255 66 189 255 131 258 141 106 262 83 182 252 155 305 29 35 216 94 112 337 108 110 299 110 271 408 146 208 365 94 91 44 202 205 267 168 134 195 205 260 130 164 218 249 90 122 324 175 88 335 150 121 371 327 173 155 323 205 178 296 50 153 200 128 127 158 228 176 151 148 159 86 578 733 735 510 719 722 558 719 564 521 555 708 553 721 578 766 703 571 533 564
12 20 83 140 33 34 128 65 120 143 0 144 70 84 48 125 150 271 137 127 120 23 92 74 83 91 79 246 131 169 105 138 153 162 36 90 249 76 95 102 86 79 213 80 115 35 144 94 99 118 193 157 116 154 110 256 67 68 193 154 55 114 111 85 227 178 46 232 118 170 42 132 214 79 164 96 140 129 76 145 80 142 227 28 159 62 122 181 53 109 121 140 41 101 64 118 90 237 207 35 186 223 50 76 45 301 186 112 321 160 91 126 168 133 200 261 66 149 61 65 137 142 237 168 111 78 178 112 329 71 244 195 69 144 292 12 72 230 56 131 147 59 75 223 33 90 168 74 117 24 208 116 120 59 225 187 59 57 196 149 237 263 195 161 242 189 68 37 187 194 93 60 63 212 75 96 119 42 57 72 110 655 618 636 623 623 602 634 601 638 631 628 615 663 628 654 648 610 646 639 675
155 145 226 66 121 174 264 157 134 279 144 0 213 126 171 42 7 326 274 27 55 132 231 180 193 138 219 387 140 289 229 163 217 42 178 234 378 85 126 98 228 171 241 217 158 164 241 51 188 159 180 189 110 296 216 363 91 186 126 298 147 49 41 150 247 84 190 123 210 239 105 243 356 212 235 230 168 252 195 287 220 219 362 120 297 201 115 286 90 209 249 73 141 236 88 247 222 376 322 159 199 199 98 196 185 435 328 233 270 222 215 142 237 205 287 368 176 188 202 98 182 270 306 298 250 117 322 199 314 176 385 97 210 27 283 148 72 185 184 230 289 104 137 314 113 222 190 135 63 166 273 89 35 188 369 45 105 199 60 280 345 140 51 202 385 45 76 108 84 328 215 84 155 354 132 135 149 127 134 129 215 788 579 507 702 496 556 766 560 770 706 760 490 737 504 787 603 486 779 709 750
59 69 29 200 100 39 87 104 157 99 70 213 0 140 73 195 219 255 71 197 190 82 54 96 96 125 15 184 167 143 89 184 151 232 42 23 204 144 135 165 35 89 220 26 159 67 146 162 122 163 242 195 163 94 115 207 136 59 256 88 87 179 178 130 261 246 25 300 131 186 109 98 153 34 153 67 184 80 83 75 45 159 177 97 108 43 182 142 123 120 68 198 94 43 134 89 41 180 156 60 228 273 120 57 29 234 126 72 374 157 81 178 159 156 172 236 90 163 36 132 152 85 217 128 64 124 109 131 369 96 182 262 11 214 309 65 142 268 65 134 86 117 110 188 103 42 208 111 178 47 221 181 190 64 157 256 125 32 263 89 215 332 264 194 172 258 137 105 256 146 58 129 104 142 129 132 168 103 111 128 115 587 634 705 606 691 623 566 620 570 616 561 682 648 696 586 667 677 579 626 660
91 102 137 160 54 115 155 42 178 168 84 126 140 0 70 87 131 351 211 99 76 96 130 64 76 157 153 282 189 167 114 57 232 120 98 154 259 44 156 33 137 160 285 158 39 73 116 98 63 41 109 80 165 196 93 339 44 152 117 207 133 127 116 25 151 117 115 168 85 116 87 217 251 160 244 123 60 211 82 210 123 94 247 63 189 107 42 266 74 85 202 164 47 179 51 134 171 266 290 119 106 138 58 160 124 373 225 196 237 239 102 42 249 80 284 243 63 220 112 37 210 222 319 182 148 136 235 74 247 60 279 131 144 110 354 96 74 275 83 105 192 109 144 307 64 171 89 142 139 105 154 50 91 87 278 169 36 112 185 227 219 203 167 89 302 167 76 79 128 213 176 80 41 271 11 160 37 42 29 13 92 724 673 572 583 557 654 704 656 708 588 699 547 619 560 724 701 542 716 593 631
44 67 67 181 51 60 93 31 168 108 48 171 73 70 0 142 177 311 144 149 134 71 63 28 35 139 88 218 179 124 60 110 196 179 34 84 209 88 143 100 67 123 259 96 86 14 96 126 55 89 169 123 163 129 62 279 81 103 187 138 102 152 146 56 191 184 51 237 71 125 83 162 187 99 204 59 111 150 29 140 54 97 191 56 127 37 112 210 86 62 140 182 30 115 83 77 110 205 228 76 155 199 74 109 66 304 159 138 300 203 46 105 209 90 235 214 20 195 42 75 184 158 275 128 82 125 166 66 297 26 216 199 79 164 340 57 101 278 14 83 124 104 122 254 62 110 136 122 157 53 163 116 141 18 209 216 67 43 228 162 190 271 219 124 233 216 98 76 195 157 120 95 31 201 59 144 94 44 43 58 62 655 665 641 575 626 650 634 649 638 583 629 617 615 630 654 696 612 646 591 627
136 132 203 99 96 159 235 124 152 249 125 42 195 87 142 0 46 344 262 16 13 120 204 147 160 147 204 360 160 254 197 120 228 37 156 214 345 54 138 58 205 172 263 204 117 138 203 52 150 118 140 147 130 271 180 365 61 179 94 276 144 70 58 112 205 61 170 112 172 198 94 242 329 201 246 201 126 246 163 270 194 179 331 98 268 176 73 288 76 172 241 105 112 224 62 216 212 347 321 149 158 161 75 189 170 425 301 228 239 235 184 100 248 165 295 330 144 205 178 67 197 262 320 266 224 124 302 161 277 143 358 77 194 23 314 133 56 221 156 192 265 102 141 321 92 211 148 139 86 149 232 47 12 160 347 82 75 176 100 271 306 139 80 160 367 79 62 93 67 297 209 72 122 336 95 146 107 99 101 93 179 779 618 512 660 500 595 758 599 762 664 752 492 695 505 778 643 487 770 667 708
162 152 232 69 127 181 270 163 139 285 150 7 219 131 177 46 0 331 281 32 58 138 237 186 199 143 226 394 144 295 235 166 222 40 185 241 384 91 132 103 235 178 245 224 163 171 247 58 193 163 181 193 115 303 221 369 97 192 125 305 153 54 47 155 249 83 197 119 215 243 111 249 362 219 241 236 171 259 201 294 226 224 368 126 303 208 118 292 97 214 256 76 147 242 94 254 229 382 328 166 202 199 104 202 192 442 334 240 268 228 221 146 242 209 292 373 182 193 209 104 187 276 311 304 257 123 328 205 314 182 391 95 216 28 285 155 78 186 191 235 296 110 143 320 119 228 193 141 68 172 277 93 39 195 375 39 111 206 55 286 350 135 45 206 391 39 83 114 81 334 222 90 161 361 137 140 153 133 140 134 221 794 579 501 706 490 555 773 560 777 710 766 484 741 498 793 603 480 786 713 753
269 251 282 264 297 251 335 335 192 344 271 326 255 351 311 344 331 0 225 334 348 255 308 339 343 199 242 377 187 394 344 407 119 367 279 266 434 323 206 357 288 192 91 229 386 298 399 292 366 388 458 427 216 319 366 134 317 208 436 295 218 278 289 355 498 404 266 449 380 435 267 159 357 221 107 322 410 184 332 258 300 407 400 288 344 295 381 127 284 369 197 258 312 218 310 343 214 389 150 236 456 486 297 203 247 266 339 184 579 112 335 393 102 401 87 485 331 139 288 320 147 192 40 373 313 222 288 377 598 337 377 420 245 348 135 259 296 199 310 387 311 248 209 88 287 214 438 211 263 258 472 365 332 310 319 344 318 283 333 201 465 465 362 432 300 351 291 273 407 380 197 282 333 290 344 199 388 310 327 341 367 553 411 813 854 807 409 532 401 533 865 522 802 897 816 551 448 799 543 877 908
127 130 82 250 169 103 119 174 190 124 137 274 71 211 144 262 281 225 0 262 258 143 103 164 161 162 59 160 197 177 142 253 150 298 113 62 209 213 175 236 85 119 217 58 229 138 200 223 188 232 312 262 204 94 174 147 204 93 327 69 133 235 237 200 325 315 96 369 193 246 170 76 136 63 143 118 253 47 148 33 102 221 175 165 120 109 253 100 187 181 37 247 165 39 202 133 53 167 97 115 295 342 187 84 92 164 115 59 444 153 140 248 148 220 138 263 159 175 103 202 167 33 185 151 100 170 69 195 435 164 160 332 69 280 309 129 207 292 134 191 86 173 151 144 170 54 276 153 230 113 276 252 256 131 113 315 195 101 319 26 245 400 326 260 115 318 201 169 325 155 67 192 174 89 200 168 238 173 182 199 175 518 627 773 629 760 619 496 614 501 641 491 752 673 765 517 661 747 509 654 684
139 132 207 84 101 159 242 133 141 256 127 27 197 99 149 16 32 334 262 0 28 119 210 156 169 138 205 367 148 264 206 135 220 37 160 217 354 61 129 71 210 167 251 204 131 144 215 44 162 132 155 162 118 276 191 360 68 177 107 280 140 57 45 124 221 71 173 118 184 212 92 237 335 200 238 208 141 244 172 272 200 192 339 101 276 182 88 283 75 183 240 90 119 224 66 225 211 354 317 147 173 176 78 187 171 425 307 225 252 226 192 115 240 178 287 342 152 195 183 74 187 260 311 275 230 116 305 173 292 152 364 86 195 18 300 133 55 206 163 204 270 97 135 314 95 211 163 132 73 150 246 62 8 167 351 70 82 180 86 270 318 142 71 175 369 68 61 93 74 305 207 70 131 339 106 137 121 105 110 103 190 778 603 513 675 502 580 757 584 761 679 751 494 710 508 777 627 490 770 682 723
131 129 196 109 90 154 225 114 158 240 120 55 190 76 134 13 58 348 258 28 0 117 196 137 149 150 199 352 166 243 187 108 232 45 150 208 334 46 142 45 198 172 269 200 105 131 192 57 139 105 129 135 137 263 169 365 54 178 88 269 144 79 66 101 193 60 165 113 161 185 92 241 320 197 249 192 113 244 154 264 186 167 321 93 259 169 60 288 74 161 239 115 104 221 56 207 209 338 320 146 146 151 71 188 166 421 293 226 232 238 174 87 252 152 296 318 134 210 171 59 201 259 323 256 215 127 295 150 267 133 349 77 189 35 323 129 55 231 147 181 257 104 143 323 88 208 136 141 95 144 219 35 22 152 340 94 67 169 112 268 295 142 91 148 361 91 61 91 68 287 207 72 112 330 84 150 94 91 92 82 168 775 629 516 648 503 606 754 610 758 652 748 495 683 508 774 654 490 767 655 695
31 13 100 120 42 43 149 85 97 164 23 132 82 96 71 120 138 255 143 119 117 0 113 96 106 68 88 264 108 192 127 152 136 155 56 105 270 77 72 107 104 64 193 86 131 58 167 80 120 134 204 173 93 172 133 250 69 61 196 169 37 97 96 102 244 177 62 230 140 191 27 126 232 82 148 117 155 127 99 156 100 163 248 33 179 83 130 174 44 132 122 120 60 105 64 140 93 256 204 29 201 233 48 71 54 306 204 109 330 143 114 138 153 153 189 284 88 128 81 69 117 142 223 190 131 55 191 133 343 93 261 193 78 136 270 19 64 207 79 153 164 37 53 213 34 92 183 52 97 36 229 120 113 81 239 174 65 77 180 151 260 258 183 179 253 176 58 26 185 215 90 49 83 223 89 74 133 55 72 86 133 660 595 631 646 619 579 638 579 642 654 632 611 685 625 659 625 607 651 661 697
82 102 25 232 110 77 37 88 202 52 92 231 54 130 63 204 237 308 103 210 196 113 0 70 63 170 66 156 212 89 39 160 205 241 57 44 158 151 178 162 20 139 273 79 136 67 97 184 90 139 218 164 204 67 71 249 143 110 247 77 131 206 202 112 223 246 55 298 91 142 134 149 125 88 207 15 158 128 51 88 12 118 135 112 67 30 171 191 142 79 115 232 92 91 144 35 93 145 198 101 197 247 133 110 73 252 97 123 348 211 38 159 213 118 224 183 68 215 32 137 203 128 269 78 19 164 106 94 333 72 154 261 64 226 361 94 160 314 49 88 61 150 154 237 119 94 178 154 209 79 173 179 203 45 147 276 130 37 286 127 161 333 281 160 173 276 156 128 257 102 112 150 89 142 119 177 148 106 106 119 72 598 687 702 553 687 675 577 672 582 563 573 677 594 690 598 719 672 590 573 606
72 94 83 199 68 88 91 23 193 105 74 180 96 64 28 147 186 339 164 156 137 96 70 0 13 165 111 218 204 109 51 90 224 182 61 102 198 95 168 96 81 150 286 120 67 41 71 141 27 70 149 99 187 134 38 303 89 131 177 147 129 168 161 42 165 180 76 231 44 97 105 189 187 125 232 61 90 175 19 156 65 69 184 75 125 55 103 236 103 35 164 201 43 139 93 71 135 202 252 104 132 179 89 136 93 320 161 164 280 231 38 89 237 62 262 194 8 222 61 82 211 181 303 120 87 150 176 39 273 4 215 195 103 170 366 84 115 301 31 58 130 127 149 281 81 135 112 148 176 81 135 113 148 33 216 225 75 64 239 184 170 267 226 98 243 224 113 96 192 150 147 112 25 212 53 170 77 56 46 55 38 668 692 633 550 618 675 647 675 652 558 643 608 589 621 668 722 602 660 565 602
79 102 79 212 80 93 80 36 203 93 83 193 96 76 35 160 199 343 161 169 149 106 63 13 0 174 111 207 214 96 39 97 230 194 65 99 185 108 178 109 77 157 294 121 74 49 61 154 28 77 155 102 198 124 27 303 102 136 187 139 138 181 173 53 165 192 78 242 37 92 116 191 176 127 238 52 95 176 13 150 60 64 172 87 114 53 113 238 116 26 164 213 55 139 106 59 136 190 252 111 135 185 101 140 97 315 151 166 285 237 28 98 243 60 265 181 19 231 60 95 219 181 307 107 78 160 169 35 274 17 204 206 104 183 375 92 128 312 34 47 121 138 158 283 93 136 116 157 188 87 129 125 161 34 207 238 88 64 252 182 157 278 239 99 235 237 126 108 204 138 149 124 38 205 66 180 86 69 59 67 27 660 701 643 540 627 685 640 685 645 548 636 617 579 630 660 731 612 653 555 591
96 72 151 93 106 93 207 153 32 221 91 138 125 157 139 147 143 199 162 138 150 68 170 165 174 0 122 307 42 255 192 214 82 174 117 147 327 124 13 159 156 43 127 113 195 125 235 95 188 197 260 237 42 219 201 226 119 71 237 209 39 89 97 167 308 208 115 256 208 259 71 110 277 104 99 178 218 127 166 185 158 231 301 97 232 144 183 149 86 200 128 88 127 125 112 201 110 305 188 69 263 288 100 78 98 310 250 108 379 89 179 197 102 221 149 349 157 63 139 123 53 146 173 248 186 23 224 202 402 161 306 224 116 154 202 82 97 144 145 221 210 49 16 177 94 109 246 17 78 93 298 166 136 147 271 168 122 134 167 158 325 277 184 244 277 173 92 78 212 270 95 83 151 250 152 7 195 120 138 149 201 658 527 643 713 633 511 636 511 640 721 629 627 753 641 657 557 623 649 729 765
68 74 41 202 110 45 97 118 153 108 79 219 15 153 88 204 226 242 59 205 199 88 66 111 111 122 0 185 163 154 103 198 141 240 55 27 211 154 133 177 46 83 210 13 174 80 160 168 137 177 256 209 162 98 129 192 146 52 268 87 86 183 183 144 276 257 38 310 146 201 114 84 155 23 141 80 198 65 98 68 59 174 182 106 115 58 194 128 130 134 53 200 107 28 143 101 27 183 141 62 242 287 129 49 34 223 129 58 388 146 96 191 147 171 158 247 105 155 51 143 145 71 203 137 74 124 105 146 384 111 184 273 10 222 299 72 150 263 80 149 89 121 108 173 112 28 223 109 180 55 235 193 198 78 153 261 136 47 267 74 226 341 271 209 166 264 145 112 266 153 46 136 118 136 142 129 182 114 124 141 130 576 625 715 617 702 613 555 610 559 628 550 693 659 706 576 658 688 568 638 671
234 251 164 383 267 222 127 240 338 114 246 387 184 282 218 360 394 377 160 367 352 264 156 218 207 307 185 0 348 137 168 295 310 397 210 161 84 307 319 314 160 267 377 194 276 223 197 339 227 279 348 289 347 92 197 267 299 237 393 98 271 360 357 259 326 398 201 449 214 241 288 236 32 204 303 160 292 207 199 128 167 231 57 268 93 186 320 251 298 207 196 382 248 188 300 148 200 27 230 244 318 374 289 231 213 188 60 217 468 314 180 302 308 240 292 166 219 333 185 293 324 191 337 107 137 308 91 223 430 221 4 412 192 382 469 245 316 447 204 198 99 300 293 290 275 201 303 294 361 227 252 331 359 200 61 432 286 189 442 180 162 485 437 280 95 432 312 282 410 77 220 305 241 89 271 314 289 262 260 272 198 483 784 848 497 831 778 464 773 470 512 462 820 542 833 483 820 814 476 528 553
137 114 193 80 142 135 249 190 11 263 131 140 167 189 179 160 144 187 197 148 166 108 212 204 214 42 163 348 0 297 234 245 83 180 160 189 370 151 36 185 198 81 103 153 228 166 275 109 227 230 287 270 30 260 241 239 148 111 254 249 82 92 104 202 339 219 158 263 248 297 104 136 318 143 103 220 249 158 207 223 200 269 343 133 274 186 209 166 115 240 162 73 165 162 140 244 148 346 208 111 293 313 131 117 140 336 291 140 399 87 221 227 103 258 156 391 197 50 182 153 47 177 168 291 228 55 262 240 428 201 346 234 158 162 165 124 121 102 186 262 252 80 59 184 129 147 277 59 77 135 335 189 148 189 309 160 153 176 153 190 367 279 178 278 312 166 117 112 221 312 131 110 188 286 186 36 226 156 173 182 241 678 488 635 754 627 471 657 471 660 762 649 622 794 636 677 517 618 669 769 806
161 184 114 305 174 164 59 131 286 53 169 289 143 167 124 254 295 394 177 264 243 192 89 109 96 255 154 137 297 0 64 166 294 288 138 129 92 204 262 200 108 228 362 167 150 136 62 249 105 152 214 155 285 92 74 322 198 199 266 119 216 275 269 143 190 280 141 326 86 105 208 236 113 176 296 78 162 212 96 150 100 97 87 180 65 112 199 273 210 83 198 306 150 176 202 55 181 113 273 187 183 238 196 200 161 293 98 210 332 300 79 176 301 107 309 94 114 303 117 191 292 207 355 34 81 246 144 97 296 113 133 292 153 277 450 175 223 398 114 67 96 228 239 319 186 181 168 239 282 163 118 216 256 111 163 334 184 122 348 203 72 363 334 145 200 332 221 200 291 60 200 218 134 174 159 262 164 164 155 161 75 616 776 717 464 699 763 597 761 602 474 594 688 505 700 616 808 682 609 484 517
97 120 63 241 111 102 43 74 223 55 105 229 89 114 60 197 235 344 142 206 187 127 39 51 39 192 103 168 234 64 0 131 237 232 75 83 149 144 198 147 59 167 303 115 109 71 58 186 60 112 188 131 221 89 34 288 138 141 225 107 153 212 206 91 186 231 81 281 55 104 143 186 138 123 241 24 129 166 34 125 44 80 134 116 76 50 152 229 147 44 153 242 88 129 141 21 130 151 237 124 163 216 134 143 101 286 113 160 316 243 14 135 246 83 261 157 53 243 57 131 231 167 305 69 46 182 137 60 296 54 165 244 99 220 389 110 161 334 49 49 87 163 175 276 123 130 145 175 218 99 134 164 198 46 172 274 124 62 287 166 134 317 276 125 202 273 158 136 242 100 147 155 75 172 104 198 122 102 96 105 36 627 716 681 523 665 702 607 700 612 532 603 654 564 667 627 747 649 620 541 576
142 157 174 209 110 165 173 80 235 184 138 163 184 57 110 120 166 407 253 135 108 152 160 90 97 214 198 295 245 166 131 0 288 143 143 192 256 96 212 66 172 216 342 205 24 119 105 147 71 21 59 27 220 219 99 389 98 205 101 236 189 176 164 55 94 121 161 162 81 82 144 269 267 208 301 148 5 260 108 246 156 72 252 120 205 145 48 317 130 89 250 213 97 226 106 151 219 275 338 173 49 89 114 213 174 411 243 246 190 295 124 21 305 59 338 222 95 277 150 92 267 268 375 189 174 193 265 72 191 89 292 130 189 140 410 150 127 328 120 99 217 166 201 360 121 219 32 199 189 156 112 73 129 122 303 200 92 153 220 272 200 200 194 40 332 196 130 136 133 221 227 136 80 301 63 217 20 97 81 67 98 757 727 553 540 536 706 736 709 741 544 732 525 575 537 757 754 519 749 547 587
153 133 180 162 178 137 238 218 84 249 153 217 151 232 196 228 222 119 150 220 232 136 205 224 230 82 141 310 83 294 237 288 0 255 166 168 350 204 91 238 186 74 69 128 267 183 289 177 251 270 338 309 108 234 255 157 198 96 319 215 99 168 177 237 380 289 156 337 267 321 148 75 284 118 20 217 291 104 220 182 195 293 319 169 254 186 262 88 165 257 113 155 194 126 191 240 116 314 131 120 337 367 178 94 136 263 260 93 460 7 226 273 21 285 73 388 216 36 180 201 36 121 91 278 215 105 219 263 479 222 309 305 141 235 160 142 178 150 197 276 225 130 90 101 168 115 319 92 154 143 359 247 217 198 261 242 198 174 236 134 366 357 259 314 256 248 173 154 294 292 96 164 216 235 225 83 269 191 208 222 255 599 484 718 758 709 473 577 470 580 767 569 703 799 717 597 517 700 589 777 811
173 168 240 108 133 195 271 159 174 285 162 42 232 120 179 37 40 367 298 37 45 155 241 182 194 174 240 397 180 288 232 143 255 0 193 251 379 91 164 88 242 204 282 240 145 175 234 80 183 145 148 169 150 308 213 397 98 214 86 313 177 88 78 145 218 43 207 83 204 224 129 274 366 237 273 237 148 281 199 307 231 207 366 135 305 213 96 320 111 205 276 115 149 260 99 252 248 383 354 184 173 163 112 224 206 461 338 262 228 261 219 124 275 193 323 360 179 228 215 104 221 297 345 301 260 152 339 193 277 178 394 55 231 20 324 169 91 226 193 224 302 134 171 351 129 247 166 169 104 186 255 73 42 197 385 60 111 213 81 306 337 105 51 182 404 55 97 129 42 332 243 107 157 373 129 172 133 136 137 127 212 815 617 477 681 465 593 793 598 797 683 787 457 714 471 814 640 453 806 685 726
25 47 47 176 60 29 93 64 149 108 36 178 42 98 34 156 185 279 113 160 150 56 57 61 65 117 55 210 160 138 75 143 166 193 0 59 214 104 124 123 50 94 231 62 119 25 123 129 88 122 201 157 149 119 89 245 95 71 214 120 78 150 147 89 225 205 17 259 102 157 78 128 178 65 173 61 144 117 54 115 44 129 192 59 123 27 139 176 88 91 106 176 52 83 94 85 76 201 195 50 189 232 82 75 32 276 150 104 332 173 62 136 178 123 201 231 53 169 25 91 157 125 242 133 75 109 145 99 331 59 208 221 46 177 315 38 107 260 31 110 111 94 101 220 65 76 169 101 152 25 194 139 153 32 192 222 84 21 232 130 208 291 229 158 211 223 102 72 215 158 86 96 63 180 87 124 126 61 69 85 89 629 641 664 598 650 627 608 626 612 606 603 641 638 654 628 673 636 621 615 650
79 92 20 223 118 62 70 115 179 81 90 234 23 154 84 214 241 266 62 217 208 105 44 102 99 147 27 161 189 129 83 192 168 251 59 0 184 162 158 181 24 110 237 40 168 81 141 184 127 171 251 201 186 72 113 206 154 79 271 65 110 201 200 140 264 264 44 317 132 185 130 107 131 50 168 59 192 84 86 57 40 159 155 116 87 48 195 147 144 120 71 221 109 47 153 78 52 157 155 83 234 281 139 76 52 220 103 81 383 173 79 188 173 158 181 221 98 182 42 150 172 84 226 110 48 147 88 133 373 103 159 279 31 234 327 86 163 290 73 131 63 140 133 194 123 53 214 133 201 69 217 197 210 70 135 277 143 41 285 84 200 350 285 199 153 279 158 127 273 126 72 150 115 122 142 154 178 119 125 141 114 571 652 722 591 708 641 550 638 555 602 545 699 633 712 571 685 694 563 613 645
239 260 176 389 260 235 121 221 359 107 249 378 204 259 209 345 384 434 209 354 334 270 158 198 185 327 211 84 370 92 149 256 350 379 214 184 0 293 336 291 171 293 419 223 242 218 151 335 197 244 301 243 362 117 166 337 287 263 357 139 288 360 355 234 266 371 212 417 178 187 290 281 84 233 347 153 252 253 183 176 170 185 34 264 96 187 290 308 295 174 240 389 237 224 290 132 234 58 294 259 268 323 283 260 229 271 95 258 410 354 163 268 352 197 347 83 202 366 190 280 355 242 394 81 142 322 149 189 362 202 81 383 214 368 509 252 310 471 197 158 125 308 311 350 271 234 255 312 365 237 187 307 346 193 139 423 273 195 436 233 83 455 424 231 176 422 307 283 383 58 254 303 223 163 250 334 255 251 244 252 167 559 833 804 424 786 823 541 819 547 437 540 774 468 786 559 867 768 553 452 479
86 87 150 116 44 110 181 72 141 196 76 85 144 44 88 54 91 323 213 61 46 77 151 95 108 124 154 307 151 204 144 96 204 91 104 162 293 0 120 34 152 138 251 156 83 85 157 53 103 84 136 122 124 217 131 327 8 138 120 223 109 82 72 67 189 103 119 156 126 161 57 202 275 154 219 147 100 203 110 218 140 138 278 48 215 123 59 251 39 124 196 120 58 177 13 163 166 293 280 105 142 164 28 147 121 377 248 185 256 211 131 76 223 124 263 284 91 188 125 13 178 217 294 214 170 102 249 115 278 91 304 119 144 76 315 85 31 232 102 145 211 75 114 288 44 165 127 112 95 100 198 43 53 106 294 130 21 123 145 224 260 188 132 132 315 129 35 52 112 244 166 42 70 284 48 126 77 45 49 45 130 730 631 561 627 547 611 709 613 713 632 704 539 664 552 730 658 534 722 637 676
102 78 160 79 107 101 215 155 25 230 95 126 135 156 143 138 132 206 175 129 142 72 178 168 178 13 133 319 36 262 198 212 91 164 124 158 336 120 0 154 165 56 130 125 194 130 239 86 191 196 257 236 29 230 205 238 116 83 230 220 49 78 86 168 306 199 124 246 212 261 69 123 288 116 109 186 216 140 171 197 166 234 311 97 242 151 179 162 82 204 142 75 129 137 108 209 123 315 201 77 261 284 98 91 108 323 261 121 373 97 185 195 111 223 160 355 161 68 147 121 59 159 182 257 195 19 236 204 398 165 317 214 127 144 200 88 91 136 150 226 221 46 25 188 94 122 244 25 66 100 300 160 127 153 284 156 120 142 154 171 332 267 171 244 290 161 87 77 203 279 108 78 153 263 152 9 193 121 138 148 205 671 524 631 718 621 507 650 507 653 726 642 615 758 629 670 553 611 662 733 770
111 117 166 143 69 135 187 74 175 201 102 98 165 33 100 58 103 357 236 71 45 107 162 96 109 159 177 314 185 200 147 66 238 88 123 181 291 34 154 0 167 170 285 181 60 100 147 82 95 60 102 93 157 228 126 357 40 168 91 237 141 110 98 57 158 85 140 137 116 141 90 233 283 180 253 155 71 231 115 238 153 121 280 76 222 137 25 281 73 117 223 147 72 202 47 167 192 299 309 134 110 130 60 177 146 400 257 214 223 245 135 46 256 107 296 273 95 222 140 38 212 243 328 215 180 136 265 105 244 93 311 100 167 80 348 113 64 262 113 136 223 109 148 320 74 192 97 146 124 125 175 17 64 117 308 140 43 140 157 250 249 172 136 105 332 137 68 85 96 246 194 76 73 301 43 161 50 63 56 42 125 752 661 542 605 527 641 731 643 735 609 726 518 640 531 751 688 513 744 613 653
74 92 6 224 109 65 52 96 188 65 86 228 35 137 67 205 235 288 85 210 198 104 20 81 77 156 46 160 198 108 59 172 186 242 50 24 171 152 165 167 0 123 255 59 148 67 117 179 104 151 231 178 192 68 89 230 144 93 255 71 117 200 197 121 240 251 42 304 108 161 128 129 129 68 188 35 171 108 64 74 17 136 146 109 76 30 179 171 138 96 95 223 95 71 143 55 73 152 179 88 212 261 131 92 58 239 100 103 362 192 55 170 193 135 204 202 78 197 27 139 186 108 249 94 30 152 98 110 350 83 158 266 45 226 343 85 157 300 54 107 61 141 140 217 116 74 193 141 201 68 193 183 202 51 143 273 131 29 282 108 180 337 279 176 165 274 153 122 261 114 92 146 97 134 126 163 158 107 110 125 90 588 669 708 572 694 657 567 655 572 582 562 684 613 697 587 702 679 580 592 625
79 59 117 134 106 65 175 144 72 188 79 171 89 160 123 172 178 192 119 167 172 64 139 150 157 43 83 267 81 228 167 216 74 204 94 110 293 138 56 170 123 0 137 73 194 109 217 123 177 197 268 236 86 181 183 193 130 31 257 169 29 125 131 164 307 232 86 283 194 248 81 71 238 63 85 149 218 85 147 143 128 219 265 97 197 117 193 116 100 184 85 130 121 82 124 173 68 266 151 46 265 297 110 36 67 268 212 65 393 81 156 202 89 211 126 322 142 76 111 132 64 103 159 216 153 56 182 189 407 148 266 249 79 184 222 68 117 180 125 204 172 70 35 151 97 67 246 37 117 70 285 181 162 126 229 206 128 105 207 115 299 308 220 240 234 211 111 86 238 235 52 101 142 207 153 50 197 119 135 149 183 619 549 678 690 667 536 597 534 600 699 590 660 731 674 617 581 656 609 708 743
215 193 249 177 233 202 306 277 111 318 213 241 220 285 259 263 245 91 217 251 269 193 273 286 294 127 210 377 103 362 303 342 69 282 231 237 419 251 130 285 255 137 0 197 322 245 354 212 312 325 387 364 133 303 320 188 246 163 357 283 157 195 206 294 435 322 222 364 330 383 198 141 352 187 74 285 345 170 284 250 263 355 388 223 323 253 309 139 212 320 181 170 252 195 239 308 185 383 178 183 390 414 228 163 202 310 329 162 501 64 292 325 69 346 106 456 278 65 247 251 76 186 89 347 284 149 286 325 529 283 377 336 209 264 92 202 221 113 262 341 294 176 141 128 221 185 373 143 179 207 421 290 251 263 326 255 249 241 243 198 434 378 274 371 317 262 217 206 324 362 165 209 276 299 280 125 322 247 264 276 320 627 415 722 826 716 404 606 401 608 835 597 712 867 726 625 448 709 617 845 879
70 72 54 196 113 46 110 126 144 121 80 217 26 158 96 204 224 229 58 204 200 86 79 120 121 113 13 194 153 167 115 205 128 240 62 40 223 156 125 181 59 73 197 0 181 87 172 166 147 184 264 218 154 109 141 183 148 42 272 96 79 179 180 151 285 259 45 312 157 212 113 71 165 10 129 93 206 55 108 73 71 185 194 108 127 69 199 117 129 145 44 194 112 21 144 114 15 194 133 58 251 294 129 37 35 221 139 46 394 134 108 198 134 181 146 260 114 143 62 145 133 63 190 150 87 117 112 156 393 120 193 275 17 222 287 71 149 253 89 161 100 116 100 162 112 16 231 101 175 56 247 196 198 88 159 258 139 57 263 69 239 342 268 219 169 261 144 111 267 165 33 134 125 140 148 120 189 118 129 146 141 575 612 716 630 703 601 554 598 558 640 548 695 672 708 574 645 690 566 651 684
119 135 149 198 90 142 152 56 217 163 115 158 159 39 86 117 163 386 229 131 105 131 136 67 74 195 174 276 228 150 109 24 267 145 119 168 242 83 194 60 148 194 322 181 0 95 92 136 49 3 83 42 204 197 80 364 83 182 117 213 168 165 154 31 113 130 136 176 64 81 125 245 247 184 279 125 25 236 85 222 132 63 235 99 185 120 50 294 114 70 225 202 74 201 90 130 195 257 314 150 71 113 97 189 150 387 222 222 215 274 101 26 283 48 315 215 71 258 126 76 247 244 352 171 151 175 242 54 214 65 273 141 165 139 393 127 113 315 95 83 194 148 181 336 101 195 52 180 177 132 116 72 124 98 281 199 75 128 217 248 192 213 195 50 309 196 115 117 142 203 203 120 56 278 43 199 14 76 59 46 78 734 713 572 546 555 693 713 695 718 550 709 545 582 558 734 740 539 726 555 594
31 53 66 171 44 48 100 39 155 115 35 164 67 73 14 138 171 298 138 144 131 58 67 41 49 125 80 223 166 136 71 119 183 175 25 81 218 85 130 100 67 109 245 87 95 0 110 118 68 98 177 133 151 133 76 270 77 91 190 138 89 142 137 64 202 184 42 237 85 138 72 151 192 89 191 66 120 141 41 137 56 110 199 46 133 38 115 199 77 75 131 171 28 107 77 86 100 212 219 63 165 207 67 97 55 300 164 128 308 190 57 111 196 102 223 226 33 182 40 72 170 150 263 137 86 112 165 80 308 39 221 199 71 160 326 43 93 265 22 96 127 92 109 243 53 100 146 108 147 40 176 117 136 25 210 209 64 40 220 155 203 270 214 135 232 209 90 65 194 165 109 85 39 201 62 131 102 40 45 61 76 652 652 642 588 628 636 631 636 635 596 626 618 628 632 651 682 613 644 604 640
140 163 121 268 138 152 89 89 264 94 144 241 146 116 96 203 247 399 200 215 192 167 97 71 61 235 160 197 275 62 58 105 289 234 123 141 151 157 239 147 117 217 354 172 92 110 0 207 54 93 152 93 258 135 34 346 153 193 205 158 198 236 227 91 135 222 134 266 31 48 175 243 171 179 295 82 101 224 70 181 102 35 149 146 114 104 141 287 173 36 211 270 113 187 159 69 187 174 296 171 122 177 157 196 153 338 151 217 272 295 64 117 300 46 318 127 79 291 111 146 279 225 362 90 102 221 187 42 243 75 193 233 155 226 436 153 182 372 92 13 136 198 219 333 151 187 107 218 245 147 76 161 207 91 215 285 140 116 301 224 103 304 283 83 249 282 181 167 234 120 203 181 91 221 110 240 105 125 111 113 34 671 762 655 479 637 746 652 746 657 487 649 626 519 638 672 792 620 664 494 531
106 94 176 62 75 123 218 119 101 233 94 51 162 98 126 52 58 292 223 44 57 80 184 141 154 95 168 339 109 249 186 147 177 80 129 184 335 53 86 82 179 123 212 166 136 118 207 0 154 137 180 174 80 248 178 316 55 135 145 248 97 29 20 119 239 113 140 162 176 214 54 194 308 161 194 184 152 202 153 236 172 190 317 72 251 154 105 239 41 173 199 66 99 185 49 203 171 329 274 108 192 205 53 145 134 385 279 183 289 183 172 127 197 177 244 333 135 153 154 62 145 219 268 255 203 72 271 166 321 137 337 129 159 61 268 97 26 181 139 195 241 54 91 271 65 171 178 89 42 115 251 82 41 143 318 94 67 150 103 229 310 185 102 185 334 95 28 57 117 283 165 34 117 304 100 94 130 85 96 96 178 738 580 556 680 544 559 716 562 720 685 710 537 717 551 737 606 533 729 690 729
98 119 107 214 86 115 103 37 216 114 99 188 122 63 55 150 193 366 188 162 139 120 90 27 28 188 137 227 227 105 60 71 251 183 88 127 197 103 191 95 104 177 312 147 49 68 54 154 0 52 128 74 207 148 31 330 99 158 166 165 154 182 173 38 138 175 103 223 23 71 125 216 197 152 259 78 69 202 41 178 88 43 188 95 135 80 95 263 120 22 190 217 62 166 105 80 162 208 279 131 107 158 104 163 120 342 173 191 258 257 53 75 264 35 289 181 35 248 87 92 236 208 330 123 104 172 195 13 247 29 224 188 130 173 390 110 128 322 58 42 146 148 173 308 100 162 88 172 191 108 109 111 154 59 232 232 86 90 247 210 157 260 230 72 261 229 128 116 187 155 174 128 39 231 56 193 62 73 58 59 30 686 715 621 530 605 698 666 698 671 537 662 594 568 607 686 744 589 679 543 581
122 138 153 200 92 145 155 59 220 166 118 159 163 41 89 118 163 388 232 132 105 134 139 70 77 197 177 279 230 152 112 21 270 145 122 171 244 84 196 60 151 197 325 184 3 98 93 137 52 0 80 40 206 200 82 368 85 185 114 216 170 166 155 34 110 129 139 174 66 80 127 248 249 187 281 128 22 239 88 225 135 63 237 102 187 123 49 297 116 72 228 204 77 205 92 132 198 259 317 153 68 110 99 192 153 390 225 225 211 277 104 24 286 49 318 216 74 260 129 78 250 247 355 174 154 177 245 56 211 68 275 140 168 139 396 130 115 316 98 85 197 150 184 339 104 198 49 182 179 135 115 72 124 101 284 199 77 131 217 251 193 211 195 48 312 196 117 119 141 205 206 121 59 281 45 201 12 79 62 49 81 737 714 569 545 553 695 716 697 721 549 712 542 581 555 737 742 537 729 554 593
198 211 233 237 162 222 230 138 277 239 193 180 242 109 169 140 181 458 312 155 129 204 218 149 155 260 256 348 287 214 188 59 338 148 201 251 301 136 257 102 231 268 387 264 83 177 152 180 128 80 0 59 259 276 154 446 141 260 74 294 240 206 194 113 72 112 219 135 135 115 191 325 321 266 352 206 60 318 167 305 214 118 301 171 260 204 78 374 175 144 308 243 153 284 149 207 277 327 396 227 35 30 161 268 231 470 298 303 131 346 181 67 356 108 392 254 154 324 209 138 314 327 427 241 232 238 323 128 142 148 345 113 248 153 449 205 166 359 179 150 274 211 249 415 171 277 46 247 222 212 130 99 151 181 359 208 140 212 229 331 235 171 196 70 390 202 170 184 122 272 284 178 139 359 118 263 75 151 136 120 153 815 757 503 538 485 735 794 739 799 540 791 474 570 486 815 782 468 807 540 582
159 176 181 236 132 181 172 94 259 181 157 189 195 80 123 147 193 427 262 162 135 173 164 99 102 237 209 289 270 155 131 27 309 169 157 201 243 122 236 93 178 236 364 218 42 133 93 174 74 40 59 0 245 219 97 402 123 222 118 238 210 202 191 72 71 144 173 181 77 60 167 284 262 222 320 151 22 273 114 252 162 59 242 141 202 153 75 332 155 87 262 240 115 238 131 149 233 267 351 191 33 86 138 229 188 415 240 261 185 316 126 48 325 49 355 202 105 300 160 117 289 280 394 182 176 217 267 70 175 99 286 151 201 167 435 168 153 354 130 91 217 190 223 376 143 232 14 222 216 172 87 100 156 131 302 227 116 163 246 283 181 218 219 14 333 222 155 159 156 213 242 160 95 303 85 240 44 118 101 88 95 758 753 562 513 544 733 738 735 743 517 734 533 548 545 758 780 527 750 520 560
124 102 187 54 121 128 241 170 25 256 116 110 163 165 163 130 115 216 204 118 137 93 204 187 198 42 162 347 30 285 221 220 108 150 149 186 362 124 29 157 192 86 133 154 204 151 258 80 207 206 259 245 0 258 225 262 122 113 224 249 76 62 73 180 313 189 150 233 229 275 83 151 317 145 128 210 224 169 192 227 192 249 338 113 268 176 182 187 90 222 171 48 145 167 114 233 152 343 227 104 267 284 107 120 135 351 289 150 369 114 207 201 129 237 181 377 179 78 172 128 73 188 197 282 221 40 265 221 400 183 345 204 155 132 191 111 93 115 172 244 249 60 54 209 107 151 251 53 47 125 314 160 118 175 313 133 129 167 129 200 353 250 150 254 319 139 90 91 191 305 138 84 168 292 162 36 201 135 152 159 224 698 509 609 737 601 491 676 492 679 744 669 595 776 609 696 538 591 688 751 788
143 160 72 292 176 131 47 154 251 41 154 296 94 196 129 271 303 319 94 276 263 172 67 134 124 219 98 92 260 92 89 219 234 308 119 72 117 217 230 228 68 181 303 109 197 133 135 248 148 200 276 219 258 0 122 233 209 151 311 28 181 268 266 176 269 312 110 364 142 183 196 164 60 119 230 73 217 136 115 62 77 165 85 177 28 95 236 193 207 132 124 291 159 108 210 69 118 86 186 154 251 304 199 146 123 203 32 141 403 238 96 222 236 170 232 170 133 252 94 204 242 127 279 61 48 218 53 149 378 136 89 327 103 293 394 153 225 361 115 131 9 209 204 238 183 119 233 205 269 136 206 245 269 111 83 341 196 97 350 119 154 399 346 212 115 342 221 191 323 61 138 214 155 86 185 226 210 172 172 185 123 539 716 767 536 751 707 519 703 524 547 516 742 579 754 539 750 736 532 560 590
106 129 93 237 106 118 75 59 230 85 110 216 115 93 62 180 221 366 174 191 169 133 71 38 27 201 129 197 241 74 34 99 255 213 89 113 166 131 205 126 89 183 320 141 80 76 34 178 31 82 154 97 225 122 0 319 126 160 196 141 164 206 198 68 152 206 101 255 20 72 143 212 168 147 261 57 96 194 36 159 73 47 156 113 106 72 126 257 142 10 182 239 81 157 130 53 156 178 268 137 129 182 127 163 120 320 144 186 282 262 34 106 267 48 286 155 45 257 79 118 245 197 329 92 81 187 171 27 262 42 193 219 124 203 402 119 152 339 58 21 121 165 185 303 119 156 111 184 214 113 106 142 183 57 205 260 112 84 275 197 131 291 260 91 236 259 151 135 218 124 171 150 61 206 85 206 93 94 82 87 1 661 728 651 513 634 712 641 712 646 521 637 624 552 636 661 758 618 654 528 564
248 240 226 315 288 224 265 309 238 269 256 363 207 339 279 365 369 134 147 360 365 250 249 303 303 226 192 267 239 322 288 389 157 397 245 206 337 327 238 357 230 193 188 183 364 270 346 316 330 368 446 402 262 233 319 0 319 189 447 206 221 315 322 334 468 425 228 477 337 391 273 124 254 180 137 264 389 129 290 172 246 365 302 281 261 250 378 77 292 325 139 310 293 164 314 280 169 284 51 223 434 476 299 180 215 132 244 143 576 154 285 380 138 363 86 403 297 193 243 319 193 122 105 293 247 246 188 338 576 303 268 442 200 377 262 244 310 297 272 337 227 263 226 60 283 169 415 228 304 234 423 370 356 271 206 394 314 239 390 122 387 501 410 402 178 399 304 276 432 291 163 294 308 177 329 230 371 297 310 327 320 443 540 869 761 859 541 421 531 424 774 413 853 805 867 441 578 849 433 789 816
78 79 142 117 36 101 174 67 137 189 67 91 136 44 81 61 97 317 204 68 54 69 143 89 102 119 146 299 148 198 138 98 198 98 95 154 287 8 116 40 144 130 246 148 83 77 153 55 99 85 141 123 122 209 126 319 0 130 128 215 102 84 74 64 192 111 110 165 122 160 50 195 268 146 213 140 102 195 104 210 133 136 271 40 208 115 64 243 34 119 188 120 51 168 8 157 157 286 272 97 145 169 21 139 113 368 240 177 263 205 124 79 216 122 256 280 85 182 117 8 173 208 288 207 162 97 241 112 283 85 296 127 136 83 312 77 30 231 95 141 203 70 108 281 36 157 130 106 95 91 197 51 60 99 286 136 14 115 150 216 256 196 139 133 306 135 32 45 120 237 158 38 65 275 45 121 79 37 43 42 125 722 630 569 626 556 610 701 612 705 631 695 547 663 561 721 657 542 713 636 675
63 51 87 157 99 43 145 129 102 158 68 186 59 152 103 179 192 208 93 177 178 61 110 131 136 71 52 237 111 199 141 205 96 214 71 79 263 138 83 168 93 31 163 42 182 91 193 135 158 185 260 222 113 151 160 189 130 0 257 138 40 143 146 151 292 238 60 291 173 228 86 65 208 33 102 122 207 67 124 114 100 200 234 92 166 90 189 114 104 162 64 154 108 54 125 145 40 236 142 34 253 290 110 10 40 250 181 48 389 102 130 194 107 193 133 294 123 104 84 130 93 84 172 187 123 77 153 169 396 129 235 254 49 195 250 56 123 211 102 181 142 82 59 155 94 39 234 60 138 50 265 181 171 103 200 224 125 79 227 94 272 318 236 226 208 228 117 87 245 205 30 107 127 180 143 78 187 109 124 140 160 602 577 690 663 678 564 581 562 585 672 574 671 704 685 601 609 666 593 682 716
202 207 255 190 160 227 267 159 246 279 193 126 256 117 187 94 125 436 327 107 88 196 247 177 187 237 268 393 254 266 225 101 319 86 214 271 357 120 230 91 255 257 357 272 117 190 205 145 166 114 74 118 224 311 196 447 128 257 0 324 228 164 152 135 145 44 231 63 180 178 175 322 363 272 336 238 105 322 197 327 240 172 352 166 301 225 76 370 157 186 314 197 162 293 133 246 283 374 399 224 107 80 148 267 237 490 338 305 145 326 215 91 339 159 382 320 179 298 229 128 289 334 410 288 264 214 352 170 191 175 389 40 259 98 407 204 141 311 200 199 307 190 230 407 163 283 109 228 180 216 200 77 106 204 394 144 134 230 165 341 299 100 129 131 420 137 147 171 51 320 285 156 158 388 129 238 103 154 145 130 195 842 703 456 612 440 679 821 684 825 613 816 430 643 443 841 726 425 834 613 655
143 157 73 288 180 127 69 165 240 67 154 298 88 207 138 276 305 295 69 280 269 169 77 147 139 209 87 98 249 119 107 236 215 313 120 65 139 223 220 237 71 169 283 96 213 138 158 248 165 216 294 238 249 28 141 206 215 138 324 0 173 266 265 189 292 321 108 374 162 206 195 143 70 106 210 88 234 114 128 36 84 186 106 179 55 101 248 168 207 151 102 286 166 90 214 90 102 100 159 147 270 323 202 133 117 180 46 122 423 219 112 236 215 190 207 197 145 236 98 210 226 103 254 88 62 211 30 167 401 149 97 337 94 297 375 151 226 348 124 153 23 205 195 212 186 103 252 196 265 133 231 254 273 120 72 342 202 100 350 94 181 408 349 232 96 343 222 191 332 87 122 214 166 66 196 216 224 178 181 195 143 521 695 779 561 764 687 501 682 506 573 497 754 605 767 521 730 749 514 587 616
58 36 112 117 79 53 167 120 71 182 55 147 87 133 102 144 153 218 133 140 144 37 131 129 138 39 86 271 82 216 153 189 99 177 78 110 288 109 49 141 117 29 157 79 168 89 198 97 154 170 240 210 76 181 164 221 102 40 228 173 0 103 107 138 281 204 76 256 173 226 52 98 240 71 112 139 192 106 129 152 119 197 262 69 193 104 165 144 71 164 104 115 96 94 95 162 80 267 177 30 238 269 81 50 59 289 213 87 364 107 140 174 116 188 155 310 121 93 100 104 82 123 187 209 147 38 190 167 379 126 269 221 79 157 238 45 89 183 107 185 173 43 23 180 69 79 220 24 98 54 264 152 135 109 238 184 100 94 187 134 287 281 197 215 247 188 83 57 211 231 69 72 118 219 126 46 169 92 109 122 164 641 564 653 676 641 549 620 548 624 684 613 634 716 648 640 595 630 633 692 728
125 110 196 33 101 139 241 147 86 256 114 49 179 127 152 70 54 278 235 57 79 97 206 168 181 89 183 360 92 275 212 176 168 88 150 201 360 82 78 110 200 125 195 179 165 142 236 29 182 166 206 202 62 268 206 315 84 143 164 266 103 0 13 148 267 127 159 171 205 243 72 197 328 172 186 208 181 209 179 251 194 219 341 96 273 176 132 238 65 201 207 38 125 196 78 228 182 351 276 121 219 229 79 153 150 392 300 189 309 174 198 156 188 206 238 361 162 140 175 91 134 227 258 279 225 70 288 195 346 164 357 142 174 70 244 115 54 153 164 223 261 62 91 266 89 181 206 88 16 133 280 108 58 167 335 81 96 171 85 238 337 189 95 214 348 85 55 78 129 307 173 57 145 318 129 86 158 112 124 125 205 744 552 554 709 544 531 722 534 726 715 715 538 746 552 743 578 534 735 719 758
123 109 194 45 95 139 237 139 97 252 111 41 178 116 146 58 47 289 237 45 66 96 202 161 173 97 183 357 104 269 206 164 177 78 147 200 355 72 86 98 197 131 206 180 154 137 227 20 173 155 194 191 73 266 198 322 74 146 152 265 107 13 0 138 255 115 157 160 196 233 70 202 326 174 196 203 169 213 173 251 190 210 336 91 269 172 120 245 60 193 210 50 118 198 69 223 184 348 282 122 207 217 72 156 150 396 297 193 297 183 192 144 198 196 247 353 155 150 172 82 144 230 268 274 221 76 287 186 333 156 355 130 174 59 257 114 46 166 158 215 258 64 97 274 84 183 195 94 29 131 270 96 46 162 335 78 87 168 85 241 330 180 90 202 349 81 48 75 118 302 176 52 137 319 119 95 147 105 116 116 198 748 565 547 699 537 543 727 546 730 704 720 530 736 544 747 590 526 739 709 748
88 105 122 181 61 111 133 25 191 146 85 150 130 25 56 112 155 355 200 124 101 102 112 42 53 167 144 259 202 143 91 55 237 145 89 140 234 67 168 57 121 164 294 151 31 64 91 119 38 34 113 72 180 176 68 334 64 151 135 189 138 148 138 0 143 140 106 190 60 96 98 214 229 153 248 103 56 205 61 195 106 72 223 71 167 92 61 263 90 60 195 184 43 171 70 112 164 243 284 120 102 143 73 158 119 360 203 191 244 244 80 49 253 58 284 218 44 229 98 57 218 214 322 158 129 148 218 49 245 40 256 153 135 135 368 97 94 293 67 80 172 122 153 305 74 164 83 151 159 101 134 74 116 70 259 194 53 99 210 218 195 226 192 77 285 192 95 90 151 190 172 97 26 254 19 171 38 47 30 22 67 709 689 591 562 576 671 688 672 693 567 684 566 599 579 708 718 560 701 573 611
230 247 244 300 203 251 223 164 329 229 227 247 261 151 191 205 249 498 325 221 193 244 223 165 165 308 276 326 339 190 186 94 380 218 225 264 266 189 306 158 240 307 435 285 113 202 135 239 138 110 72 71 313 269 152 468 192 292 145 292 281 267 255 143 0 184 241 204 133 86 237 353 303 290 391 209 90 340 178 311 224 106 274 212 248 218 135 401 224 145 329 305 186 304 199 202 300 302 417 262 48 73 208 299 257 471 285 329 145 387 186 113 396 106 425 204 172 371 225 186 360 346 464 222 232 287 321 131 110 166 323 185 268 222 504 239 221 420 196 139 270 260 294 445 214 300 62 293 282 242 79 160 215 197 350 278 186 229 299 347 189 239 267 67 384 273 224 230 194 249 311 230 165 355 156 311 113 189 172 159 151 805 819 547 466 527 798 786 801 791 468 783 514 498 525 805 845 508 798 468 510
189 189 250 150 146 212 272 159 212 285 178 84 246 117 184 61 83 404 315 71 60 177 246 180 192 208 257 398 219 280 231 121 289 43 205 264 371 103 199 85 251 232 322 259 130 184 222 113 175 129 112 144 189 312 206 425 111 238 44 321 204 127 115 140 184 0 221 54 194 203 152 301 368 256 307 240 126 304 199 320 237 191 362 151 306 221 81 348 134 197 298 157 155 279 114 251 268 382 380 206 141 123 129 247 224 480 341 286 185 296 219 105 309 177 355 343 180 265 224 114 258 319 381 298 265 185 349 183 234 177 395 17 247 58 367 187 115 269 198 213 308 163 202 382 146 267 138 200 143 202 230 68 72 202 393 100 121 223 121 327 321 87 86 158 415 93 121 151 12 329 267 132 157 384 127 207 117 144 141 127 205 833 660 459 649 445 635 812 640 816 651 806 436 682 450 832 683 431 825 652 694
35 50 38 182 75 23 91 81 147 106 46 190 25 115 51 170 197 266 96 173 165 62 55 76 78 115 38 201 158 141 81 161 156 207 17 44 212 119 124 140 42 86 222 45 136 42 134 140 103 139 219 173 150 110 101 228 110 60 231 108 76 159 157 106 241 221 0 275 115 171 87 113 170 49 161 63 161 100 66 100 43 143 188 72 118 31 156 160 99 104 89 181 69 65 109 87 59 194 178 47 206 249 95 63 20 260 142 88 350 162 70 153 166 138 187 236 69 162 25 107 151 108 229 133 71 110 132 113 348 75 199 237 29 190 308 43 119 259 45 121 102 99 99 205 78 59 186 100 159 26 207 156 166 45 179 233 100 19 242 112 213 306 241 174 197 235 114 83 230 155 71 106 80 166 104 122 144 77 86 103 101 612 635 679 604 666 622 591 620 596 613 586 657 645 670 612 667 652 604 622 657
243 242 303 188 200 266 323 210 257 335 232 123 300 168 237 112 119 449 369 118 113 230 298 231 242 256 310 449 263 326 281 162 337 83 259 317 417 156 246 137 304 283 364 312 176 237 266 162 223 174 135 181 233 364 255 477 165 291 63 374 256 171 160 190 204 54 275 0 240 241 205 353 419 310 355 291 167 357 250 374 290 234 411 205 356 274 129 400 186 245 351 195 209 333 168 301 322 432 432 259 169 134 183 300 277 533 393 339 164 343 270 150 358 221 405 383 231 311 277 168 304 372 428 346 317 234 402 230 229 228 446 38 301 102 401 241 168 299 250 259 360 214 252 432 200 321 172 250 186 256 263 120 121 254 445 120 175 277 139 380 362 37 101 194 469 112 173 204 45 378 320 184 209 437 179 254 162 198 193 179 253 887 679 405 669 391 652 866 659 870 669 860 383 699 396 886 699 378 878 668 711
115 138 112 237 108 130 95 59 236 104 118 210 131 85 71 172 215 380 193 184 161 140 91 44 37 208 146 214 248 86 55 81 267 204 102 132 178 126 212 116 108 194 330 157 64 85 31 176 23 66 135 77 229 142 20 337 122 173 180 162 173 205 196 60 133 194 115 240 0 55 146 228 186 163 274 77 78 211 49 178 92 28 171 116 125 88 113 274 143 12 199 240 84 174 128 72 172 194 286 148 109 163 126 177 134 341 163 202 262 274 53 90 280 28 302 158 52 266 95 115 255 215 344 108 101 193 191 11 242 47 211 205 140 195 410 128 151 343 71 20 141 169 192 319 122 172 91 191 214 124 92 131 176 70 225 254 109 100 270 216 135 277 252 71 256 251 150 138 206 140 186 150 61 227 79 214 78 95 81 81 19 681 735 634 508 617 719 661 719 666 515 657 606 547 619 681 765 600 674 522 559
169 190 165 276 155 185 138 107 285 142 170 239 186 116 125 198 243 435 246 212 185 191 142 97 92 259 201 241 297 105 104 82 321 224 157 185 187 161 261 141 161 248 383 212 81 138 48 214 71 80 115 60 275 183 72 391 160 228 178 206 226 243 233 96 86 203 171 241 55 0 193 283 217 219 329 127 77 266 104 228 145 28 191 164 162 143 128 329 186 67 254 280 132 229 166 117 227 218 340 201 81 136 169 232 189 386 199 257 227 328 106 100 334 38 357 142 105 319 150 152 308 269 399 136 149 242 235 59 195 100 238 211 195 219 461 181 190 389 126 55 184 217 244 374 168 228 70 242 255 178 39 151 204 126 263 279 149 155 298 269 121 278 274 47 297 276 191 185 215 164 241 193 108 269 115 264 91 141 124 118 71 719 784 618 466 599 766 699 767 705 471 696 587 503 599 719 813 581 712 477 515
53 40 124 99 38 69 170 88 93 185 42 105 109 87 83 94 111 267 170 92 92 27 134 105 116 71 114 288 104 208 143 144 148 129 78 130 290 57 69 90 128 81 198 113 125 72 175 54 125 127 191 167 83 196 143 273 50 86 175 195 52 72 70 98 237 152 87 205 146 193 0 149 256 108 163 137 147 153 112 183 122 166 269 30 201 104 114 196 19 140 148 99 62 132 43 158 119 279 227 55 192 219 30 95 81 333 228 134 313 155 129 127 166 155 207 297 97 134 103 53 124 168 238 209 153 50 218 138 332 101 285 169 105 110 269 44 38 197 94 162 189 24 58 232 25 118 175 56 75 62 232 100 86 98 265 147 51 99 155 178 273 232 156 174 280 149 32 8 160 235 115 22 86 250 82 74 124 52 69 79 143 686 591 605 654 593 573 665 574 669 661 659 585 693 599 685 620 581 677 668 705
126 116 124 203 165 103 177 190 131 186 132 243 98 217 162 242 249 159 76 237 241 126 149 189 191 110 84 236 136 236 186 269 75 274 128 107 281 202 123 233 129 71 141 71 245 151 243 194 216 248 325 284 151 164 212 124 195 65 322 143 98 197 202 214 353 301 113 353 228 283 149 0 211 64 67 164 270 29 179 108 142 255 249 157 187 140 254 49 167 216 41 198 172 60 189 184 56 242 80 99 316 355 174 57 96 200 189 26 454 78 179 258 73 250 75 327 181 104 133 195 97 46 119 215 155 127 145 226 459 187 235 318 88 255 233 121 186 222 158 232 156 140 106 92 159 56 296 108 188 113 318 245 233 158 186 277 190 128 277 59 307 379 291 286 181 282 180 151 308 225 42 170 189 160 207 115 250 174 189 205 212 548 552 749 697 739 544 526 539 530 708 519 731 739 745 547 587 727 539 719 751
203 220 132 352 235 191 96 209 309 84 214 356 153 251 187 329 362 357 136 335 320 232 125 187 176 277 155 32 318 113 138 267 284 366 178 131 84 275 288 283 129 238 352 165 247 192 171 308 197 249 321 262 317 60 168 254 268 208 363 70 240 328 326 229 303 368 170 419 186 217 256 211 0 175 278 129 264 182 169 103 136 204 50 236 62 154 290 231 266 178 171 351 217 160 269 117 172 31 213 213 292 347 258 202 182 191 28 191 443 288 149 272 284 212 271 159 188 306 154 262 296 168 317 81 106 278 69 195 409 191 29 382 161 351 444 213 284 418 173 171 68 269 263 272 243 173 276 264 329 196 231 300 327 169 57 400 254 157 410 158 150 454 406 253 95 401 280 251 379 55 192 274 210 79 240 284 260 230 229 241 169 503 762 819 507 802 755 484 750 489 520 481 792 551 804 503 797 786 496 535 562
70 69 63 188 112 45 120 129 135 131 79 212 34 160 99 201 219 221 63 200 197 82 88 125 127 104 23 204 143 176 123 208 118 237 65 50 233 154 116 180 68 63 187 10 184 89 179 161 152 187 266 222 145 119 147 180 146 33 272 106 71 172 174 153 290 256 49 310 163 219 108 64 175 0 119 101 209 52 114 81 79 191 204 106 137 75 200 111 125 152 42 186 113 24 142 123 12 204 130 53 254 296 127 27 35 225 149 39 396 124 115 200 125 187 139 270 118 133 68 144 123 63 182 160 97 109 120 162 397 124 203 273 24 218 277 69 145 243 94 168 110 110 91 156 110 11 235 93 168 55 254 195 194 93 168 252 138 64 257 70 249 339 263 223 176 255 140 108 265 176 24 130 128 148 149 111 191 119 131 147 148 578 602 713 640 700 591 557 588 561 650 551 692 682 706 577 635 687 570 661 694
162 144 182 181 190 144 238 228 104 249 164 235 153 244 204 246 241 107 143 238 249 148 207 232 238 99 141 303 103 296 241 301 20 273 173 168 347 219 109 253 188 85 74 129 279 191 295 194 259 281 352 320 128 230 261 137 213 102 336 210 112 186 196 248 391 307 161 355 274 329 163 67 278 119 0 220 303 96 226 176 198 301 315 181 252 191 276 71 180 264 107 175 205 123 206 242 115 309 113 129 349 381 192 98 141 246 256 89 475 17 231 286 6 294 53 389 224 55 184 215 56 112 75 278 216 122 212 271 491 230 302 323 143 253 166 152 195 167 204 282 221 146 106 81 181 115 331 108 173 151 366 262 235 205 252 261 212 179 256 124 368 376 278 325 244 267 189 168 312 290 96 179 226 225 237 101 281 203 220 234 262 579 486 737 759 728 477 558 473 560 769 550 723 801 737 578 520 719 570 780 813
86 108 40 235 109 86 34 81 209 49 96 230 67 123 59 201 236 322 118 208 192 117 15 61 52 178 80 160 220 78 24 148 217 237 61 59 153 147 186 155 35 149 285 93 125 66 82 184 78 128 206 151 210 73 57 264 140 122 238 88 139 208 203 103 209 240 63 291 77 127 137 164 129 101 220 0 147 143 41 102 22 103 133 112 68 34 163 206 143 65 130 236 89 105 142 24 107 146 213 109 184 235 132 122 83 265 102 138 336 223 25 149 225 104 238 172 60 225 39 134 214 143 283 72 26 170 117 81 319 63 157 254 77 223 372 99 159 322 45 73 69 154 162 252 119 108 165 162 212 85 158 172 200 41 156 275 126 44 286 142 150 327 279 147 184 275 156 130 251 99 125 151 82 153 112 184 137 103 100 113 58 609 698 694 541 678 685 588 683 593 551 584 668 582 681 609 730 663 601 561 594
144 160 173 214 113 167 171 81 239 181 140 168 184 60 111 126 171 410 253 141 113 155 158 90 95 218 198 292 249 162 129 5 291 148 144 192 252 100 216 71 171 218 345 206 25 120 101 152 69 22 60 22 224 217 96 389 102 207 105 234 192 181 169 56 90 126 161 167 78 77 147 270 264 209 303 147 0 261 108 245 155 67 249 123 203 144 53 319 134 86 250 218 99 226 110 148 220 272 339 175 46 89 118 214 175 410 241 247 191 298 122 26 307 55 340 217 95 281 150 96 270 269 377 186 173 197 264 70 189 89 289 135 190 146 414 152 131 332 120 95 215 170 204 362 124 220 28 203 194 157 107 79 134 122 301 206 96 153 225 273 196 204 199 34 330 202 134 139 138 218 228 140 81 300 66 221 23 100 83 69 95 755 731 556 535 539 711 735 713 740 539 731 528 570 540 755 758 522 748 542 582
121 116 103 219 162 96 153 180 152 161 129 252 80 211 150 246 259 184 47 244 244 127 128 175 176 127 65 207 158 212 166 260 104 281 117 84 253 203 140 231 108 85 170 55 236 141 224 202 202 239 318 273 169 136 194 129 195 67 322 114 106 209 213 205 340 304 100 357 211 266 153 29 182 52 96 143 261 0 163 79 122 239 220 155 160 123 251 63 171 200 13 215 165 38 190 162 41 213 79 98 305 348 175 57 87 184 160 19 448 107 161 251 102 236 97 301 169 131 116 194 123 19 144 189 131 140 116 211 448 175 206 321 72 262 262 118 190 248 144 214 128 149 120 109 159 41 286 121 202 106 300 245 239 143 158 290 188 112 291 32 282 385 303 274 155 294 185 154 312 197 38 174 180 132 201 133 243 170 182 199 195 536 581 758 670 746 573 514 568 518 682 508 738 713 752 535 616 734 527 694 725
71 94 66 209 78 82 73 40 196 86 76 195 83 82 29 163 201 332 148 172 154 99 51 19 13 166 98 199 207 96 34 108 220 199 54 86 183 110 171 115 64 147 284 108 85 41 70 153 41 88 167 114 192 115 36 290 104 124 197 128 129 179 173 61 178 199 66 250 49 104 112 179 169 114 226 41 108 163 0 138 47 77 168 83 107 40 122 225 114 38 151 210 54 126 107 53 123 184 239 102 148 197 100 128 85 302 142 153 298 226 20 108 232 73 253 185 20 221 47 97 210 168 295 103 67 154 157 48 287 22 196 213 91 186 367 84 127 306 22 57 111 133 150 270 90 124 129 149 185 77 140 132 164 22 197 240 90 51 253 169 162 286 242 113 224 239 125 104 210 134 137 122 42 194 72 172 96 68 62 72 36 649 693 653 547 637 678 628 677 633 555 624 627 587 640 649 723 621 641 563 599
133 142 73 269 174 113 94 170 215 97 145 287 75 210 140 270 294 258 33 272 264 156 88 156 150 185 68 128 223 150 125 246 182 307 115 57 176 218 197 238 74 143 250 73 222 137 181 236 178 225 305 252 227 62 159 172 210 114 327 36 152 251 251 195 311 320 100 374 178 228 183 108 103 81 176 102 245 79 138 0 90 205 142 172 89 103 252 132 197 167 68 267 165 61 208 112 75 133 124 130 285 335 194 107 102 165 81 89 436 186 126 244 181 206 171 232 152 205 98 206 196 67 218 121 79 191 39 182 421 157 127 336 77 289 341 139 217 320 128 173 55 189 173 176 178 76 266 174 248 122 256 254 265 125 86 329 199 98 336 58 215 406 339 248 97 332 212 180 330 123 93 203 170 67 198 192 232 176 182 198 160 515 660 779 597 765 652 494 647 498 609 489 756 641 769 514 695 750 507 623 652
69 90 20 220 99 65 49 81 190 64 80 220 45 123 54 194 226 300 102 200 186 100 12 65 60 158 59 167 200 100 44 156 195 231 44 40 170 140 166 153 17 128 263 71 132 56 102 172 88 135 214 162 192 77 73 246 133 100 240 84 119 194 190 106 224 237 43 290 92 145 122 142 136 79 198 22 155 122 47 90 0 119 147 100 79 18 164 185 131 80 109 220 83 85 133 45 86 157 195 89 195 244 122 100 61 255 108 116 345 201 39 154 203 118 217 194 62 203 19 127 192 124 261 90 31 152 113 93 333 67 165 253 55 216 350 82 148 302 40 92 71 138 142 231 107 86 176 142 197 66 178 170 192 36 155 264 120 24 275 124 172 324 270 159 180 265 145 116 248 114 103 139 82 149 112 165 142 95 97 111 74 603 676 695 563 679 664 582 661 587 573 578 670 605 683 603 708 665 595 583 616
140 162 139 252 128 157 118 79 258 125 142 219 159 94 97 179 224 407 221 192 167 163 118 69 64 231 174 231 269 97 80 72 293 207 129 159 185 138 234 121 136 219 355 185 63 110 35 190 43 63 118 59 249 165 47 365 136 200 172 186 197 219 210 72 106 191 143 234 28 28 166 255 204 191 301 103 67 239 77 205 119 0 184 137 146 116 112 302 160 40 227 256 105 202 142 96 200 209 314 173 88 143 143 204 161 366 184 230 239 300 81 86 306 14 329 152 77 291 123 128 279 243 371 124 126 215 216 30 216 72 227 201 168 201 433 153 166 363 98 34 165 190 216 347 141 200 72 215 230 150 66 134 184 98 247 261 124 128 278 244 130 271 257 49 280 258 166 158 203 154 214 168 81 250 91 236 75 114 98 94 46 703 757 620 490 603 740 683 740 689 496 680 591 528 604 703 786 585 696 502 540
217 237 150 367 242 210 99 207 333 84 227 362 177 247 191 331 368 400 175 339 321 248 135 184 172 301 182 57 343 87 134 252 319 366 192 155 34 278 311 280 146 265 388 194 235 199 149 317 188 237 301 242 338 85 156 302 271 234 352 106 262 341 336 223 274 362 188 411 171 191 269 249 50 204 315 133 249 220 168 142 147 184 0 245 69 165 282 274 276 166 208 367 221 193 274 115 203 30 260 234 270 326 265 231 203 239 61 226 417 323 147 261 321 194 313 111 187 337 167 265 326 209 360 65 117 298 115 181 375 188 53 375 186 354 479 229 292 444 178 153 94 285 286 316 252 204 256 286 344 213 197 297 331 174 106 407 257 171 419 199 105 448 410 232 144 407 289 263 374 34 224 284 209 129 238 308 249 235 229 239 158 539 801 804 459 786 792 520 788 526 472 519 775 503 787 539 835 769 533 487 514
38 41 106 126 9 62 146 58 122 161 28 120 97 63 56 98 126 288 165 101 93 33 112 75 87 97 106 268 133 180 116 120 169 135 59 116 264 48 97 76 109 97 223 108 99 46 146 72 95 102 171 141 113 177 113 281 40 92 166 179 69 96 91 71 212 151 72 205 116 164 30 157 236 106 181 112 123 155 83 172 100 137 245 0 178 82 98 206 31 110 148 127 33 129 37 132 118 257 233 58 169 201 23 101 73 329 208 138 298 176 102 105 186 126 222 268 68 159 82 38 148 169 256 183 131 78 204 108 310 71 265 167 96 118 297 37 48 227 67 132 170 53 82 245 7 117 151 81 102 52 202 89 94 71 250 164 33 80 175 176 244 235 170 148 269 165 44 21 160 211 119 39 56 238 57 101 100 24 41 53 113 682 620 609 625 595 603 661 604 665 631 656 587 663 601 682 649 582 674 638 675
148 168 81 299 176 141 34 147 264 21 159 297 108 189 127 268 303 344 120 276 259 179 67 125 114 232 115 93 274 65 76 205 254 305 123 87 96 215 242 222 76 197 323 127 185 133 114 251 135 187 260 202 268 28 106 261 208 166 301 55 193 273 269 167 248 306 118 356 125 162 201 187 62 137 252 68 203 160 107 89 79 146 69 178 0 97 227 219 209 116 147 299 157 129 209 55 138 79 213 164 233 287 199 163 134 228 38 163 385 259 87 210 258 152 257 143 126 270 98 202 259 152 304 33 48 229 79 133 356 129 90 320 118 291 414 160 226 376 113 112 34 216 217 264 185 139 216 217 276 144 181 238 268 109 102 342 194 103 353 145 126 392 346 194 136 342 223 195 317 39 158 217 149 110 178 239 198 170 168 179 108 558 738 757 510 740 727 538 724 543 522 535 730 553 742 558 771 724 551 534 565
52 74 30 202 81 52 66 67 175 81 62 201 43 107 37 176 208 295 109 182 169 83 30 55 53 144 58 186 186 112 50 145 186 213 27 48 187 123 151 137 30 117 253 69 120 38 104 154 80 123 204 153 176 95 72 250 115 90 225 101 104 176 172 92 218 221 31 274 88 143 104 140 154 75 191 34 144 123 40 103 18 116 165 82 97 0 149 185 113 77 111 202 66 86 115 58 84 175 199 75 186 234 104 93 51 267 126 114 335 193 40 141 196 113 214 206 50 192 7 110 181 128 257 106 49 136 128 88 327 55 183 236 52 198 339 65 130 287 25 92 89 121 127 231 89 84 167 127 179 51 178 154 174 22 172 246 102 12 257 130 183 308 252 152 195 247 126 98 231 132 99 120 68 164 96 150 130 78 80 96 73 617 665 679 573 664 652 596 650 601 582 592 654 614 668 617 697 649 609 592 626
130 138 179 164 90 154 193 83 199 206 122 115 182 42 112 73 118 381 253 88 60 130 171 103 113 183 194 320 209 199 152 48 262 96 139 195 290 59 179 25 179 193 309 199 50 115 141 105 95 49 78 75 182 236 126 378 64 189 76 248 165 132 120 61 135 81 156 129 113 128 114 254 290 200 276 163 53 251 122 252 164 112 282 98 227 149 0 303 97 116 242 169 88 220 71 172 211 302 329 156 87 105 84 198 165 415 264 234 200 269 141 28 280 98 319 265 103 246 154 61 236 262 351 217 189 161 277 102 219 100 317 93 185 93 372 133 89 285 124 133 232 134 172 343 96 211 76 170 147 144 160 26 82 128 318 153 65 154 172 268 242 166 146 88 344 149 93 108 93 249 215 100 82 313 53 185 37 81 70 54 125 766 684 531 588 516 663 745 666 750 592 741 506 623 519 766 710 500 758 595 635
175 165 166 240 213 152 214 239 164 222 181 286 142 266 210 288 292 127 100 283 288 174 191 236 238 149 128 251 166 273 229 317 88 320 176 147 308 251 162 281 171 116 139 117 294 199 287 239 263 297 374 332 187 193 257 77 243 114 370 168 144 238 245 263 401 348 160 400 274 329 196 49 231 111 71 206 319 63 225 132 185 302 274 206 219 185 303 0 215 262 76 235 221 101 238 225 101 262 42 148 364 404 222 106 144 175 213 72 503 87 224 307 74 297 40 362 229 124 178 243 121 67 86 249 193 169 162 273 507 235 252 365 134 300 226 170 233 237 205 277 186 186 149 46 208 101 345 151 228 162 363 294 279 204 195 318 239 174 315 75 343 424 333 334 181 323 227 199 355 254 90 216 238 166 256 153 299 223 238 254 258 512 533 792 729 782 528 491 522 494 741 483 775 772 789 511 569 771 503 753 784
65 57 135 96 36 84 177 84 104 192 53 90 123 74 86 76 97 284 187 75 74 44 142 103 116 86 130 298 115 210 147 130 165 111 88 144 295 39 82 73 138 100 212 129 114 77 173 41 120 116 175 155 90 207 142 292 34 104 157 207 71 65 60 90 224 134 99 186 143 186 19 167 266 125 180 143 134 171 114 197 131 160 276 31 209 113 97 215 0 137 166 98 61 149 26 163 137 288 246 73 178 203 17 114 96 350 238 152 295 172 132 113 184 148 225 297 97 149 112 38 139 186 255 214 162 64 231 133 316 99 295 150 120 93 280 58 20 203 99 160 199 36 75 251 24 136 162 73 72 76 224 82 69 102 278 134 39 109 144 195 273 214 142 163 295 136 15 18 141 242 133 8 82 264 72 88 111 48 63 68 141 704 600 588 650 575 581 682 582 686 656 676 567 688 581 703 628 563 695 662 700
106 128 100 233 102 120 85 54 228 95 109 209 120 85 62 172 214 369 181 183 161 132 79 35 26 200 134 207 240 83 44 89 257 205 91 120 174 124 204 117 96 184 320 145 70 75 36 173 22 72 144 87 222 132 10 325 119 162 186 151 164 201 193 60 145 197 104 245 12 67 140 216 178 152 264 65 86 200 38 167 80 40 166 110 116 77 116 262 137 0 187 235 77 162 124 62 161 187 274 138 120 173 122 166 123 329 154 191 272 263 41 96 269 40 290 161 43 257 84 112 245 203 333 102 89 185 180 17 254 39 203 210 128 195 401 119 147 337 60 22 130 162 184 307 116 161 102 183 209 114 103 133 175 59 215 253 106 88 268 204 137 282 252 82 246 251 146 131 209 133 174 145 56 216 77 205 83 89 77 80 9 671 727 641 515 624 711 651 710 656 522 647 614 554 626 671 757 608 663 530 566
112 109 90 219 154 88 139 170 155 148 121 249 68 202 140 241 256 197 37 240 239 122 115 164 164 128 53 196 162 198 153 250 113 276 106 71 240 196 142 223 95 85 181 44 225 131 211 199 190 228 308 262 171 124 182 139 188 64 314 102 104 207 210 195 329 298 89 351 199 254 148 41 171 42 107 130 250 13 151 68 109 227 208 148 147 111 242 76 166 187 0 215 155 25 184 149 31 202 89 93 295 338 169 54 77 186 148 22 438 117 148 242 113 224 111 288 157 138 104 186 130 21 157 176 118 140 106 199 436 163 196 315 61 257 273 111 185 255 133 201 115 146 120 122 152 31 275 121 201 98 287 237 234 131 150 288 180 100 290 31 269 380 300 262 150 292 180 148 306 185 34 170 169 125 191 135 233 161 173 189 183 539 593 753 657 741 584 517 580 521 668 511 733 700 747 538 627 728 530 680 712
150 131 219 7 133 160 268 181 72 283 140 73 198 164 182 105 76 258 247 90 115 120 232 201 213 88 200 382 73 306 242 213 155 115 176 221 389 120 75 147 223 130 170 194 202 171 270 66 217 204 243 240 48 291 239 310 120 154 197 286 115 38 50 184 305 157 181 195 240 280 99 198 351 186 175 236 218 215 210 267 220 256 367 127 299 202 169 235 98 235 215 0 158 208 114 257 194 376 275 138 257 265 113 163 169 398 323 196 342 160 228 193 176 242 228 394 194 123 200 128 119 234 241 308 250 77 305 230 382 197 380 170 192 99 210 139 90 116 193 257 283 82 96 256 120 193 244 94 26 155 317 145 93 197 353 87 131 196 81 246 371 208 105 251 362 93 90 107 157 334 181 89 179 334 165 83 196 145 159 162 239 746 515 562 746 554 493 724 496 727 751 717 548 783 563 744 541 545 736 756 795
45 61 94 156 25 69 123 26 154 138 41 141 94 47 30 112 147 312 165 119 104 60 92 43 55 127 107 248 165 150 88 97 194 149 52 109 237 58 129 72 95 121 252 112 74 28 113 99 62 77 153 115 145 159 81 293 51 108 162 166 96 125 118 43 186 155 69 209 84 132 62 172 217 113 205 89 99 165 54 165 83 105 221 33 157 66 88 221 61 77 155 158 0 133 53 106 125 235 244 76 145 183 46 116 78 328 189 150 283 201 74 87 210 94 241 236 37 188 69 45 177 175 279 157 112 110 193 76 288 39 246 171 97 134 329 53 73 260 44 100 153 86 112 263 38 124 126 111 133 59 171 89 111 48 238 186 37 68 199 181 213 242 190 120 260 186 71 54 166 187 131 69 24 229 36 132 79 14 17 34 81 680 652 614 592 599 635 659 636 663 599 654 590 630 603 679 682 585 672 605 643
91 92 66 211 134 67 117 146 154 127 101 236 43 179 115 224 242 218 39 224 221 105 91 139 139 125 28 188 162 176 129 226 126 260 83 47 224 177 137 202 71 82 195 21 201 107 187 185 166 205 284 238 167 108 157 164 168 54 293 90 94 196 198 171 304 279 65 333 174 229 132 60 160 24 123 105 226 38 126 61 85 202 193 129 129 86 220 101 149 162 25 208 133 0 165 125 14 189 113 77 270 314 150 46 56 201 135 35 415 131 123 218 129 199 133 267 133 146 79 166 136 43 179 155 95 132 100 174 412 139 186 296 36 242 286 92 169 259 108 176 99 134 113 147 133 15 251 115 191 77 262 217 218 107 147 276 160 75 280 48 247 363 287 238 153 279 163 131 288 167 32 154 145 126 169 131 209 139 150 167 158 555 609 736 637 723 599 533 595 537 648 528 715 679 729 554 643 710 546 659 691
75 75 141 110 34 98 176 71 130 191 64 88 134 51 83 62 94 310 202 66 56 64 144 93 106 112 143 300 140 202 141 106 191 99 94 153 290 13 108 47 143 124 239 144 90 77 159 49 105 92 149 131 114 210 130 314 8 125 133 214 95 78 69 70 199 114 109 168 128 166 43 189 269 142 206 142 110 190 107 208 133 142 274 37 209 115 71 238 26 124 184 114 53 165 0 159 154 288 267 92 153 176 15 134 110 366 241 173 270 198 127 87 209 129 250 285 88 175 117 14 165 204 281 210 163 90 240 118 290 89 298 131 133 83 305 73 24 224 96 146 204 63 101 275 32 153 137 99 88 88 204 57 59 100 286 133 18 115 146 212 261 198 137 140 305 133 25 39 123 240 153 30 69 274 51 114 86 39 48 48 130 719 622 572 632 559 603 698 605 702 638 692 550 669 564 718 650 546 711 643 681
109 131 61 257 128 109 23 93 233 34 118 247 89 134 77 216 254 343 133 225 207 140 35 71 59 201 101 148 244 55 21 151 240 252 85 78 132 163 209 167 55 173 308 114 130 86 69 203 80 132 207 149 233 69 53 280 157 145 246 90 162 228 223 112 202 251 87 301 72 117 158 184 117 123 242 24 148 162 53 112 45 96 115 132 55 58 172 225 163 62 149 257 106 125 159 0 129 131 229 133 181 235 151 145 106 270 93 158 334 246 33 155 248 100 258 149 73 249 62 150 237 160 304 51 33 193 119 79 311 74 144 265 99 239 395 122 178 345 64 63 68 176 185 271 139 129 164 185 233 109 144 184 217 61 153 292 143 68 305 158 127 337 295 143 184 292 175 151 263 81 147 171 95 154 124 208 143 120 115 125 54 609 722 701 518 685 709 588 707 594 528 585 675 559 687 609 754 669 601 538 571
81 80 68 197 123 57 123 140 140 134 90 222 41 171 110 212 229 214 53 211 209 93 93 135 136 110 27 200 148 181 130 219 116 248 76 52 234 166 123 192 73 68 185 15 195 100 187 171 162 198 277 233 152 118 156 169 157 40 283 102 80 182 184 164 300 268 59 322 172 227 119 56 172 12 115 107 220 41 123 75 86 200 203 118 138 84 211 101 137 161 31 194 125 14 154 129 0 201 119 64 265 307 139 32 47 213 147 30 408 121 123 211 121 196 131 273 128 134 77 156 124 51 175 163 100 117 114 171 407 134 199 285 32 229 276 81 156 246 104 176 109 120 99 147 122 1 246 100 177 67 262 207 205 103 161 262 150 72 266 59 253 351 274 233 168 265 151 119 276 176 20 141 139 140 161 117 202 130 142 159 157 567 600 724 644 712 590 546 586 550 654 540 703 686 717 566 633 699 558 665 697
226 244 156 376 255 216 112 225 336 98 237 376 180 266 205 347 382 389 167 354 338 256 145 202 190 305 183 27 346 113 151 275 314 383 201 157 58 293 315 299 152 266 383 194 257 212 174 329 208 259 327 267 343 86 178 284 286 236 374 100 267 351 348 243 302 382 194 432 194 218 279 242 31 204 309 146 272 213 184 133 157 209 30 257 79 175 302 262 288 187 202 376 235 189 288 131 201 0 244 239 296 352 278 231 208 213 55 221 445 319 164 283 314 219 302 140 204 335 176 280 325 199 348 86 126 304 100 204 405 206 24 396 188 369 474 237 305 446 192 177 94 293 290 303 264 202 281 291 353 220 226 315 346 188 82 421 273 180 432 189 135 468 425 258 118 421 301 273 394 55 221 296 226 107 256 312 271 249 246 257 179 509 793 828 477 811 786 490 781 496 491 489 800 522 812 509 828 794 503 507 533
199 193 175 280 240 175 215 259 205 220 207 322 156 290 228 321 328 150 97 317 320 204 198 252 252 188 141 230 208 273 237 338 131 354 195 155 294 280 201 309 179 151 178 133 314 219 296 274 279 317 396 351 227 186 268 51 272 142 399 159 177 276 282 284 417 380 178 432 286 340 227 80 213 130 113 213 339 79 239 124 195 314 260 233 213 199 329 42 246 274 89 275 244 113 267 229 119 244 0 175 383 427 252 133 165 133 200 95 527 129 234 330 116 312 74 356 246 166 192 272 163 71 112 245 196 206 145 287 525 252 231 397 149 334 263 196 265 279 221 286 179 220 185 62 236 119 364 187 266 185 372 322 312 220 170 356 266 188 354 71 339 459 371 351 149 361 259 229 387 245 115 249 258 141 280 192 321 248 261 277 269 471 561 829 718 818 558 450 551 453 731 442 811 762 825 470 598 807 462 745 773
33 17 83 140 66 24 138 98 101 152 35 159 60 119 76 149 166 236 115 147 146 29 101 104 111 69 62 244 111 187 124 173 120 184 50 83 259 105 77 134 88 46 183 58 150 63 171 108 131 153 227 191 104 154 137 223 97 34 224 147 30 121 122 120 262 206 47 259 148 201 55 99 213 53 129 109 175 98 102 130 89 173 234 58 164 75 156 148 73 138 93 138 76 77 92 133 64 239 175 0 221 257 77 43 31 277 186 81 355 127 112 161 134 165 165 280 96 120 70 96 108 113 202 179 117 65 167 143 364 102 242 222 54 165 265 23 93 213 79 158 145 59 53 188 61 63 202 53 118 25 239 147 141 81 215 200 91 65 205 122 258 287 210 195 227 203 87 55 214 202 61 77 97 198 110 76 154 76 92 107 137 631 592 660 647 648 578 610 576 614 656 603 640 687 654 630 623 636 622 664 699
190 206 214 252 159 212 204 126 283 212 186 199 228 106 155 158 202 456 295 173 146 201 197 132 135 263 242 318 293 183 163 49 337 173 189 234 268 142 261 110 212 265 390 251 71 165 122 192 107 68 35 33 267 251 129 434 145 253 107 270 238 219 207 102 48 141 206 169 109 81 192 316 292 254 349 184 46 305 148 285 195 88 270 169 233 186 87 364 178 120 295 257 145 270 153 181 265 296 383 221 0 56 163 260 220 449 271 293 153 344 159 66 354 81 386 219 138 326 193 140 316 313 423 211 209 242 300 103 143 132 315 145 234 175 457 198 174 373 163 121 250 214 250 407 170 265 19 248 234 203 95 112 168 164 334 232 141 196 253 316 200 205 222 39 365 227 177 185 152 242 274 183 126 335 112 266 68 146 129 115 128 790 772 537 509 518 750 770 753 775 511 766 506 542 518 790 798 500 783 513 554
228 241 263 259 192 252 258 169 303 266 223 199 273 138 199 161 199 486 342 176 151 233 247 179 185 288 287 374 313 238 216 89 367 163 232 281 323 164 284 130 261 297 414 294 113 207 177 205 158 110 30 86 284 304 182 476 169 290 80 323 269 229 217 143 73 123 249 134 163 136 219 355 347 296 381 235 89 348 197 335 244 143 326 201 287 234 105 404 203 173 338 265 183 314 176 235 307 352 427 257 56 0 189 298 261 499 326 333 101 374 211 97 385 135 422 271 184 351 240 166 342 357 456 267 261 266 352 156 116 179 370 120 278 172 473 234 193 381 209 176 303 239 277 445 200 307 72 275 245 242 145 124 172 211 387 223 169 242 244 361 253 167 209 94 418 216 197 213 131 297 314 205 169 388 148 290 105 181 166 150 181 843 778 482 535 463 754 823 759 828 535 819 451 565 463 843 802 445 836 534 577
61 59 129 111 23 83 166 68 121 181 50 98 120 58 74 75 104 297 187 78 71 48 133 89 101 100 129 289 131 196 134 114 178 112 82 139 283 28 98 60 131 110 228 129 97 67 157 53 104 99 161 138 107 199 127 299 21 110 148 202 81 79 72 73 208 129 95 183 126 169 30 174 258 127 192 132 118 175 100 194 122 143 265 23 199 104 84 222 17 122 169 113 46 150 15 151 139 278 252 77 163 189 0 119 95 351 230 157 283 185 120 97 196 131 236 282 83 164 105 23 154 189 267 202 153 79 227 117 302 84 287 146 119 95 297 58 27 220 87 144 192 52 88 260 17 138 146 87 88 74 207 71 71 91 273 143 22 102 154 197 258 213 148 147 292 143 25 24 138 231 138 24 66 261 55 103 95 33 46 51 126 704 617 587 633 573 598 683 599 687 640 677 565 671 579 704 645 560 696 645 683
70 60 86 166 108 48 144 135 108 156 76 196 57 160 109 189 202 203 84 187 188 71 110 136 140 78 49 231 117 200 143 213 94 224 75 76 260 147 91 177 92 36 163 37 189 97 196 145 163 192 268 229 120 146 163 180 139 10 267 133 50 153 156 158 299 247 63 300 177 232 95 57 202 27 98 122 214 57 128 107 100 204 231 101 163 93 198 106 114 166 54 163 116 46 134 145 32 231 133 43 260 298 119 0 43 240 176 39 397 101 133 202 104 198 126 293 128 106 86 139 96 74 167 185 122 86 146 174 403 134 230 264 47 204 251 64 133 216 107 184 137 92 67 147 103 31 241 69 147 57 269 190 181 107 193 234 134 81 237 85 272 328 246 232 199 237 127 97 255 202 20 117 134 172 151 85 194 118 132 148 164 592 577 700 663 688 565 571 563 575 673 565 681 705 695 591 610 676 584 683 717
35 40 53 171 78 11 109 94 130 123 45 185 29 124 66 170 192 247 92 171 166 54 73 93 97 98 34 213 140 161 101 174 136 206 32 52 229 121 108 146 58 67 202 35 150 55 153 134 120 153 231 188 135 123 120 215 113 40 237 117 59 150 150 119 257 224 20 277 134 189 81 96 182 35 141 83 175 87 85 102 61 161 203 73 134 51 165 144 96 123 77 169 78 56 110 106 47 208 165 31 220 261 95 43 0 256 154 73 361 142 90 165 147 155 169 255 86 142 45 110 131 97 210 151 88 96 138 131 363 92 211 240 25 188 289 37 116 242 63 141 114 88 83 188 78 46 201 83 149 21 225 161 164 64 185 227 104 39 234 104 233 308 237 190 199 230 110 78 233 172 54 102 94 169 114 105 156 84 96 112 121 610 615 681 624 668 602 588 600 593 633 583 660 665 673 609 647 655 601 642 677
291 293 238 402 333 267 249 335 332 245 301 435 234 373 304 425 442 266 164 425 421 306 252 320 315 310 223 188 336 293 286 411 263 461 276 220 271 377 323 400 239 268 310 221 387 300 338 385 342 390 470 415 351 203 320 132 368 250 490 180 289 392 396 360 471 480 260 533 341 386 333 200 191 225 246 265 410 184 302 165 255 366 239 329 228 267 415 175 350 329 186 398 328 201 366 270 213 213 133 277 449 499 351 240 256 0 196 203 600 262 289 408 249 369 205 350 317 298 262 366 294 166 235 259 240 324 151 345 581 322 191 496 233 442 391 293 370 412 293 333 202 332 303 185 334 214 430 305 385 277 409 415 419 290 134 473 359 261 475 155 341 564 486 411 96 477 364 332 489 243 220 355 335 118 362 315 397 337 345 361 322 354 669 937 680 924 671 332 662 337 696 327 916 725 929 353 708 911 345 713 735
175 192 104 324 207 163 70 182 282 59 186 328 126 225 159 301 334 339 115 307 293 204 97 161 151 250 129 60 291 98 113 243 260 338 150 103 95 248 261 257 100 212 329 139 222 164 151 279 173 225 298 240 289 32 144 244 240 181 338 46 213 300 297 203 285 341 142 393 163 199 228 189 28 149 256 102 241 160 142 81 108 184 61 208 38 126 264 213 238 154 148 323 189 135 241 93 147 55 200 186 271 326 230 176 154 196 0 168 423 265 123 248 261 190 252 161 161 281 126 234 271 148 299 65 78 250 56 171 393 164 57 356 134 323 421 185 256 392 145 150 40 241 236 256 215 148 254 236 301 168 216 274 300 141 65 372 227 129 382 139 148 428 378 232 101 373 252 223 352 49 167 246 184 78 214 257 235 203 202 214 146 520 741 794 518 778 733 501 728 506 531 498 767 562 780 520 776 762 513 545 574
105 98 98 199 145 81 151 167 134 161 112 233 72 196 138 228 240 184 59 225 226 109 123 164 166 108 58 217 140 210 160 246 93 262 104 81 258 185 121 214 103 65 162 46 222 128 217 183 191 225 303 261 150 141 186 143 177 48 305 122 87 189 193 191 329 286 88 339 202 257 134 26 191 39 89 138 247 19 153 89 116 230 226 138 163 114 234 72 152 191 22 196 150 35 173 158 30 221 95 81 293 333 157 39 73 203 168 0 433 97 153 236 94 226 101 302 157 116 107 177 108 38 145 190 129 121 127 201 435 163 217 303 62 243 253 101 172 233 133 206 133 130 100 117 141 30 273 102 182 91 292 228 220 133 172 270 171 102 272 50 282 366 283 262 172 274 166 135 294 201 20 156 166 147 186 114 228 154 167 183 187 555 575 739 672 727 566 533 561 537 682 527 719 714 733 554 609 715 546 694 726
328 338 364 335 289 352 356 269 390 364 321 270 374 237 300 239 268 579 444 252 232 330 348 280 285 379 388 468 399 332 316 190 460 228 332 383 410 256 373 223 362 393 501 394 215 308 272 289 258 211 131 185 369 403 282 576 263 389 145 423 364 309 297 244 145 185 350 164 262 227 313 454 443 396 475 336 191 448 298 436 345 239 417 298 385 335 200 503 295 272 438 342 283 415 270 334 408 445 527 355 153 101 283 397 361 600 423 433 0 467 311 197 479 234 519 347 285 441 341 261 432 458 551 362 361 356 452 256 85 280 465 174 379 243 552 333 282 454 310 273 402 331 370 543 296 407 171 368 325 342 224 214 251 312 486 280 265 343 301 462 334 181 262 191 518 272 287 308 188 391 413 297 270 488 247 380 206 279 266 249 280 943 842 409 550 387 815 922 822 928 546 919 374 573 385 942 863 367 935 540 585
160 140 186 167 185 144 243 225 89 255 160 222 157 239 203 235 228 112 153 226 238 143 211 231 237 89 146 314 87 300 243 295 7 261 173 173 354 211 97 245 192 81 64 134 274 190 295 183 257 277 346 316 114 238 262 154 205 102 326 219 107 174 183 244 387 296 162 343 274 328 155 78 288 124 17 223 298 107 226 186 201 300 323 176 259 193 269 87 172 263 117 160 201 131 198 246 121 319 129 127 344 374 185 101 142 262 265 97 467 0 233 281 16 292 69 393 223 39 186 208 41 124 85 284 221 112 223 269 486 228 313 312 147 242 156 149 185 150 204 283 229 137 97 97 175 121 326 99 160 150 366 254 224 205 264 247 205 181 241 136 372 363 264 321 257 253 180 161 300 297 101 171 223 237 232 89 276 198 215 229 262 596 479 723 764 714 469 574 465 577 773 566 708 805 723 594 512 705 586 784 817
83 107 59 227 97 90 53 61 209 66 91 215 81 102 46 184 221 335 140 192 174 114 38 38 28 179 96 180 221 79 14 124 226 219 62 79 163 131 185 135 55 156 292 108 101 57 64 172 53 104 181 126 207 96 34 285 124 130 215 112 140 198 192 80 186 219 70 270 53 106 129 179 149 115 231 25 122 161 20 126 39 81 147 102 87 40 141 224 132 41 148 228 74 123 127 33 123 164 234 112 159 211 120 133 90 289 123 153 311 233 0 125 237 80 254 170 40 231 47 118 219 163 297 83 51 168 142 56 295 42 176 233 91 206 377 97 147 321 35 53 93 149 162 269 108 123 140 162 203 87 139 152 184 32 180 260 110 52 273 163 147 305 263 122 208 260 144 121 230 113 139 141 62 178 92 185 113 88 82 93 35 633 704 671 535 655 689 613 688 618 544 609 645 576 658 633 735 640 626 553 588
132 144 171 189 96 155 177 74 217 189 126 142 178 42 105 100 146 393 248 115 87 138 159 89 98 197 191 302 227 176 135 21 273 124 136 188 268 76 195 46 170 202 325 198 26 111 117 127 75 24 67 48 201 222 106 380 79 194 91 236 174 156 144 49 113 105 153 150 90 100 127 258 272 200 286 149 26 251 108 244 154 86 261 105 210 141 28 307 113 96 242 193 87 218 87 155 211 283 330 161 66 97 97 202 165 408 248 236 197 281 125 0 291 72 326 238 92 261 146 74 250 261 361 197 175 176 266 80 205 87 299 116 182 120 391 138 108 308 116 109 219 149 185 348 106 211 51 183 169 146 132 53 108 119 305 180 76 148 199 266 216 187 174 60 333 176 111 120 117 229 217 117 74 302 51 200 13 84 69 53 104 757 707 546 560 530 686 736 689 741 564 732 520 595 533 757 734 514 749 568 608
167 148 188 182 195 149 244 233 105 255 168 237 159 249 209 248 242 102 148 240 252 153 213 237 243 102 147 308 103 301 246 305 21 275 178 173 352 223 111 256 193 89 69 134 283 196 300 197 264 286 356 325 129 236 267 138 216 107 339 215 116 188 198 253 396 309 166 358 280 334 166 73 284 125 6 225 307 102 232 181 203 306 321 186 258 196 280 74 184 269 113 176 210 129 209 248 121 314 116 134 354 385 196 104 147 249 261 94 479 16 237 291 0 299 53 394 229 55 190 219 56 117 72 284 221 125 217 276 496 235 308 325 148 256 161 157 198 163 209 288 227 149 109 81 185 120 335 111 175 156 372 265 238 210 257 262 216 184 256 129 373 378 279 329 248 268 192 172 314 296 102 183 231 230 242 103 285 208 224 238 267 581 480 738 765 729 472 559 467 562 775 551 724 807 738 579 515 720 571 785 818
132 153 138 239 117 150 123 69 247 131 133 205 156 80 90 165 209 401 220 178 152 153 118 62 60 221 171 240 258 107 83 59 285 193 123 158 197 124 223 107 135 211 346 181 48 102 46 177 35 49 108 49 237 170 48 363 122 193 159 190 188 206 196 58 106 177 138 221 28 38 155 250 212 187 294 104 55 236 73 206 118 14 194 126 152 113 98 297 148 40 224 242 94 199 129 100 196 219 312 165 81 135 131 198 155 369 190 226 234 292 80 72 299 0 324 167 70 281 120 115 270 241 365 133 129 204 219 25 215 64 236 188 164 187 423 144 152 351 92 41 169 178 206 342 130 196 64 205 217 143 77 120 170 93 253 247 111 124 264 242 144 258 243 43 284 244 153 146 189 164 209 155 70 255 77 226 61 102 86 81 47 709 746 610 503 592 728 689 729 694 509 685 581 541 594 709 775 575 702 514 553
196 182 198 234 230 175 250 261 156 258 200 287 172 284 235 295 292 87 138 287 296 189 224 262 265 149 158 292 156 309 261 338 73 323 201 181 347 263 160 296 204 126 106 146 315 223 318 244 289 318 392 355 181 232 286 86 256 133 382 207 155 238 247 284 425 355 187 405 302 357 207 75 271 139 53 238 340 97 253 171 217 329 313 222 257 214 319 40 225 290 111 228 241 133 250 258 131 302 74 165 386 422 236 126 169 205 252 101 519 69 254 326 53 324 0 399 254 108 207 258 109 105 47 286 228 171 202 300 529 260 292 372 163 304 189 188 241 212 232 306 224 193 153 28 222 131 367 155 225 183 392 307 284 231 235 314 254 202 309 114 379 427 331 358 219 320 236 211 361 293 116 226 260 206 275 152 319 241 257 272 287 529 493 790 767 781 488 507 482 510 779 499 775 810 789 527 529 771 519 791 822
254 277 207 393 261 258 151 214 379 141 261 368 236 243 214 330 373 485 263 342 318 284 183 194 181 349 247 166 391 94 157 222 388 360 231 221 83 284 355 273 202 322 456 260 215 226 127 333 181 216 254 202 377 170 155 403 280 294 320 197 310 361 353 218 204 343 236 383 158 142 297 327 159 270 389 172 217 301 185 232 194 152 111 268 143 206 265 362 297 161 288 394 236 267 285 149 273 140 356 280 219 271 282 293 255 350 161 302 347 393 170 238 394 167 399 0 200 397 211 272 386 295 445 112 173 338 216 169 290 198 163 352 247 352 544 267 307 491 205 139 177 318 332 407 274 274 211 332 369 256 126 286 334 202 216 411 267 217 428 289 24 420 409 188 254 409 306 289 355 112 293 305 216 237 237 355 228 249 237 239 156 641 870 751 370 731 857 623 855 629 381 623 719 412 730 642 902 712 635 392 424
64 86 79 193 61 80 92 21 185 106 66 176 90 63 20 144 182 331 159 152 134 88 68 8 19 157 105 219 197 114 53 95 216 179 53 98 202 91 161 95 78 142 278 114 71 33 79 135 35 74 154 105 179 133 45 297 85 123 179 145 121 162 155 44 172 180 69 231 52 105 97 181 188 118 224 60 95 169 20 152 62 77 187 68 126 50 103 229 97 43 157 194 37 133 88 73 128 204 246 96 138 184 83 128 86 317 161 157 285 223 40 92 229 70 254 200 0 214 56 78 203 175 295 123 85 142 174 47 279 6 216 194 97 166 358 76 109 294 25 65 129 120 141 273 74 128 118 140 169 73 143 112 144 27 215 221 71 58 235 178 176 267 223 105 241 220 107 89 191 153 139 105 22 210 52 162 81 50 42 53 45 665 684 634 558 619 668 644 667 649 565 640 609 597 622 665 714 604 657 573 609
151 129 192 129 168 141 250 213 54 262 149 188 163 220 195 205 193 139 175 195 210 128 215 222 231 63 155 333 50 303 243 277 36 228 169 182 366 188 68 222 197 76 65 143 258 182 291 153 248 260 324 300 78 252 257 193 182 104 298 236 93 140 150 229 371 265 162 311 266 319 134 104 306 133 55 225 281 131 221 205 203 291 337 159 270 192 246 124 149 257 138 123 188 146 175 249 134 335 166 120 326 351 164 106 142 298 281 116 441 39 231 261 55 281 108 397 214 0 187 187 11 149 119 291 227 86 244 261 465 220 332 280 153 209 146 138 159 118 199 278 243 112 77 136 157 133 309 78 125 144 357 228 193 201 288 210 185 181 203 162 375 328 228 306 285 216 154 141 268 308 114 146 211 263 215 61 258 182 200 212 257 634 473 685 766 677 460 613 458 616 775 605 671 807 686 633 505 668 625 784 818
50 71 26 201 82 47 69 72 171 83 61 202 36 112 42 178 209 288 103 183 171 81 32 61 60 139 51 185 182 117 57 150 180 215 25 42 190 125 147 140 27 111 247 62 126 40 111 154 87 129 209 160 172 94 79 243 117 84 229 98 100 175 172 98 225 224 25 277 95 150 103 133 154 68 184 39 150 116 47 98 19 123 167 82 98 7 154 178 112 84 104 200 69 79 117 62 77 176 192 70 193 240 105 86 45 262 126 107 341 186 47 146 190 120 207 211 56 187 0 112 175 121 251 110 50 133 125 95 333 61 183 240 45 199 333 62 130 283 31 99 87 118 123 224 89 77 173 123 177 47 185 157 175 28 170 247 104 6 256 123 188 311 252 159 191 247 126 97 234 134 92 120 73 160 101 146 136 80 84 100 80 613 660 682 579 668 646 592 645 596 588 587 658 620 672 612 692 653 605 598 632
75 79 137 124 33 99 168 59 143 182 65 98 132 37 75 67 104 320 202 74 59 69 137 82 95 123 143 293 153 191 131 92 201 104 91 150 280 13 121 38 139 132 251 145 76 72 146 62 92 78 138 117 128 204 118 319 8 130 128 210 104 91 82 57 186 114 107 168 115 152 53 195 262 144 215 134 96 194 97 206 127 128 265 38 202 110 61 243 38 112 186 128 45 166 14 150 156 280 272 96 140 166 23 139 110 366 234 177 261 208 118 74 219 115 258 272 78 187 112 0 177 207 290 200 157 102 236 104 278 78 291 130 133 89 318 76 38 238 89 133 198 74 112 282 36 155 124 110 102 89 190 51 66 93 281 143 8 110 157 214 249 200 145 126 302 142 39 47 124 231 157 43 57 271 37 126 73 32 36 34 117 719 636 573 618 559 617 698 619 702 624 693 550 655 564 718 664 545 711 629 667
140 117 181 126 157 129 239 202 48 252 137 182 152 210 184 197 187 147 167 187 201 117 203 211 219 53 145 324 47 292 231 267 36 221 157 172 355 178 59 212 186 64 76 133 247 170 279 145 236 250 314 289 73 242 245 193 173 93 289 226 82 134 144 218 360 258 151 304 255 308 124 97 296 123 56 214 270 123 210 196 192 279 326 148 259 181 236 121 139 245 130 119 177 136 165 237 124 325 163 108 316 342 154 96 131 294 271 108 432 41 219 250 56 270 109 386 203 11 175 177 0 142 124 280 216 76 235 249 455 208 323 273 142 202 158 127 150 125 187 266 233 103 66 137 146 123 298 67 120 133 346 219 186 189 280 206 175 170 200 155 364 322 223 296 278 212 145 131 261 298 104 136 200 255 204 52 247 171 189 201 245 633 484 682 754 673 471 612 469 614 763 604 667 795 682 632 516 664 624 772 807
132 130 104 237 175 108 148 189 171 155 142 270 85 222 158 262 276 192 33 260 259 142 128 181 181 146 71 191 177 207 167 268 121 297 125 84 242 217 159 243 108 103 186 63 244 150 225 219 208 247 327 280 188 127 197 122 208 84 334 103 123 227 230 214 346 319 108 372 215 269 168 46 168 63 112 143 269 19 168 67 124 243 209 169 152 128 262 67 186 203 21 234 175 43 204 160 51 199 71 113 313 357 189 74 97 166 148 38 458 124 163 261 117 241 105 295 175 149 121 207 142 0 152 183 128 158 100 216 454 181 191 335 79 278 278 131 206 267 150 216 119 166 138 112 173 52 293 140 220 118 301 258 255 149 141 308 201 117 310 13 276 401 320 280 136 311 200 169 327 188 54 190 188 114 211 152 252 181 193 209 198 518 594 774 662 761 587 497 582 501 674 491 754 705 767 517 629 749 510 687 717
234 218 243 248 265 215 296 300 172 305 237 306 217 319 275 320 311 40 185 311 323 223 269 303 307 173 203 337 168 355 305 375 91 345 242 226 394 294 182 328 249 159 89 190 352 263 362 268 330 355 427 394 197 279 329 105 288 172 410 254 187 258 268 322 464 381 229 428 344 399 238 119 317 182 75 283 377 144 295 218 261 371 360 256 304 257 351 86 255 333 157 241 279 179 281 304 175 348 112 202 423 456 267 167 210 235 299 145 551 85 297 361 72 365 47 445 295 119 251 290 124 152 0 333 274 196 248 341 566 301 337 396 206 326 157 225 269 201 273 350 270 220 181 51 256 175 405 183 243 223 435 337 309 273 280 328 287 245 320 161 426 446 346 397 262 335 264 243 385 340 159 254 299 251 311 174 356 277 294 308 330 539 449 802 814 794 446 518 438 520 825 509 789 857 803 537 485 786 529 837 868
158 180 99 307 179 156 42 143 280 29 168 298 128 182 128 266 304 373 151 275 256 190 78 120 107 248 137 107 291 34 69 189 278 301 133 110 81 214 257 215 94 216 347 150 171 137 90 255 123 174 241 182 282 61 92 293 207 187 288 88 209 279 274 158 222 298 133 346 108 136 209 215 81 160 278 72 186 189 103 121 90 124 65 183 33 106 217 249 214 102 176 308 157 155 210 51 163 86 245 179 211 267 202 185 151 259 65 190 362 284 83 197 284 133 286 112 123 291 110 200 280 183 333 0 64 242 112 118 328 123 104 311 138 289 437 171 229 392 116 91 66 227 232 295 190 163 196 232 284 157 152 232 267 112 130 343 193 115 356 177 94 383 345 173 166 343 226 202 309 32 182 222 144 141 173 255 185 171 165 174 93 584 762 742 482 725 751 564 748 570 493 562 714 524 726 584 795 708 577 505 536
100 120 36 251 130 94 23 106 218 35 111 250 64 148 82 224 257 313 100 230 215 131 19 87 78 186 74 137 228 81 46 174 215 260 75 48 142 170 195 180 30 153 284 87 151 86 102 203 104 154 232 176 221 48 81 247 162 123 264 62 147 225 221 129 232 265 71 317 101 149 153 155 106 97 216 26 173 131 67 79 31 126 117 131 48 49 189 193 162 89 118 250 112 95 163 33 100 126 196 117 209 261 153 122 88 240 78 129 361 221 51 175 221 129 228 173 85 227 50 157 216 128 274 64 0 181 91 106 342 89 134 279 75 245 373 112 179 330 68 94 43 168 170 240 138 101 191 170 227 96 177 197 222 64 130 295 149 54 306 125 152 352 300 171 158 296 175 147 276 84 120 169 107 127 137 193 163 125 124 138 82 583 698 720 543 704 687 562 684 567 554 558 694 585 707 583 731 689 575 565 597
85 62 148 80 87 88 201 136 43 216 78 117 124 136 125 124 123 222 170 116 127 55 164 150 160 23 124 308 55 246 182 193 105 152 109 147 322 102 19 136 152 56 149 117 175 112 221 72 172 177 238 217 40 218 187 246 97 77 214 211 38 70 76 148 287 185 110 234 193 242 50 127 278 109 122 170 197 140 154 191 152 215 298 78 229 136 161 169 64 185 140 77 110 132 90 193 117 304 206 65 242 266 79 86 96 324 250 121 356 112 168 176 125 204 171 338 142 86 133 102 76 158 196 242 181 0 229 186 380 146 306 201 117 132 219 72 74 153 133 207 210 27 21 199 74 116 225 19 62 85 281 143 113 136 276 151 101 127 151 170 315 256 165 225 285 155 69 58 190 266 105 60 134 257 132 24 174 102 119 129 187 674 542 624 700 613 526 653 526 656 708 646 607 739 621 673 572 603 665 715 752
167 178 99 307 206 148 98 194 254 94 178 322 109 235 166 302 328 288 69 305 295 191 106 176 169 224 105 91 262 144 137 265 219 339 145 88 149 249 236 265 98 182 286 112 242 165 187 271 195 245 323 267 265 53 171 188 241 153 352 30 190 288 287 218 321 349 132 402 191 235 218 145 69 120 212 117 264 116 157 39 113 216 115 204 79 128 277 162 231 180 106 305 193 100 240 119 114 100 145 167 300 352 227 146 138 151 56 127 452 223 142 266 217 219 202 216 174 244 125 236 235 100 248 112 91 229 0 197 430 178 91 364 114 322 378 174 251 359 152 182 51 226 212 202 210 115 282 213 286 156 259 282 298 149 48 365 229 126 372 89 202 436 373 262 67 367 246 214 359 103 132 238 195 36 224 231 254 205 209 224 172 492 694 807 573 792 687 471 682 476 586 467 782 617 796 492 729 777 484 601 629
110 132 113 227 100 127 102 50 229 112 112 199 131 74 66 161 205 377 195 173 150 133 94 39 35 202 146 223 240 97 60 72 263 193 99 133 189 115 204 105 110 189 325 156 54 80 42 166 13 56 128 70 221 149 27 338 112 169 170 167 167 195 186 49 131 183 113 230 11 59 138 226 195 162 271 81 70 211 48 182 93 30 181 108 133 88 102 273 133 17 199 230 76 174 118 79 171 204 287 143 103 156 117 174 131 345 171 201 256 269 56 80 276 25 300 169 47 261 95 104 249 216 341 118 106 186 197 0 240 41 220 195 139 184 403 122 141 335 68 31 147 161 186 318 113 171 85 185 205 120 97 120 165 68 232 243 99 99 259 217 145 267 241 66 262 241 141 129 195 149 184 141 52 232 68 207 67 86 71 71 25 688 728 625 517 608 711 667 711 672 523 664 597 555 610 687 757 591 680 530 567
333 348 353 376 301 355 332 268 419 337 329 314 369 247 297 277 314 598 435 292 267 343 333 273 274 402 384 430 428 296 296 191 479 277 331 373 362 278 398 244 350 407 529 393 214 308 243 321 247 211 142 175 400 378 262 576 283 396 191 401 379 346 333 245 110 234 348 229 242 195 332 459 409 397 491 319 189 448 287 421 333 216 375 310 356 327 219 507 316 254 436 382 288 412 290 311 407 405 525 364 143 116 302 403 363 581 393 435 85 486 295 205 496 215 529 290 279 465 333 278 455 454 566 328 342 380 430 240 0 273 427 228 376 287 589 341 308 498 304 248 379 353 390 550 311 407 162 388 362 346 178 240 289 305 458 334 280 337 356 456 281 253 318 174 492 327 312 325 240 354 417 320 269 464 254 404 210 288 272 257 261 912 893 485 465 462 869 892 874 898 462 890 448 489 458 912 917 441 905 456 500
69 91 84 195 64 86 94 19 190 108 71 176 96 60 26 143 182 337 164 152 133 93 72 4 17 161 111 221 201 113 54 89 222 178 59 103 202 91 165 93 83 148 283 120 65 39 75 137 29 68 148 99 183 136 42 303 85 129 175 149 126 164 156 40 166 177 75 228 47 100 101 187 191 124 230 63 89 175 22 157 67 72 188 71 129 55 100 235 99 39 163 197 39 139 89 74 134 206 252 102 132 179 84 134 92 322 164 163 280 228 42 87 235 64 260 198 6 220 61 78 208 181 301 123 89 146 178 41 273 0 218 191 103 166 363 81 111 298 31 61 132 123 145 279 77 134 112 144 171 79 138 110 144 33 219 221 71 64 235 184 174 264 222 99 245 220 109 92 189 154 145 108 21 214 50 167 76 52 42 51 42 670 688 631 554 615 672 649 672 654 561 645 605 593 618 669 718 600 662 569 605
232 249 161 381 264 220 124 237 337 110 244 385 182 279 216 358 391 377 160 364 349 261 154 215 204 306 184 4 346 133 165 292 309 394 208 159 81 304 317 311 158 266 377 193 273 221 193 337 224 275 345 286 345 89 193 268 296 235 389 97 269 357 355 256 323 395 199 446 211 238 285 235 29 203 302 157 289 206 196 127 165 227 53 265 90 183 317 252 295 203 196 380 246 186 298 144 199 24 231 242 315 370 287 230 211 191 57 217 465 313 176 299 308 236 292 163 216 332 183 291 323 191 337 104 134 306 91 220 427 218 0 409 190 380 468 242 313 445 202 195 97 298 292 290 272 200 299 292 358 225 248 328 356 198 63 429 283 186 439 180 158 482 434 276 97 430 309 280 407 74 218 303 238 91 268 313 286 259 257 269 195 486 784 845 496 828 778 467 772 473 510 466 817 540 829 487 820 811 480 526 551
205 205 265 163 163 229 286 173 227 299 195 97 262 131 199 77 95 420 332 86 77 193 261 195 206 224 273 412 234 292 244 130 305 55 221 279 383 119 214 100 266 249 336 275 141 199 233 129 188 140 113 151 204 327 219 442 127 254 40 337 221 142 130 153 185 17 237 38 205 211 169 318 382 273 323 254 135 321 213 336 253 201 375 167 320 236 93 365 150 210 315 170 171 296 131 265 285 396 397 222 145 120 146 264 240 496 356 303 174 312 233 116 325 188 372 352 194 280 240 130 273 335 396 311 279 201 364 195 228 191 409 0 263 72 379 204 132 280 213 225 322 180 219 398 163 284 145 216 158 219 236 83 88 217 408 107 137 239 128 343 331 72 90 165 431 99 138 167 13 342 283 148 172 400 142 223 128 160 156 142 218 849 669 443 652 429 643 828 649 832 653 823 420 683 433 849 691 415 841 653 695
58 65 40 194 100 36 97 109 148 110 69 210 11 144 79 194 216 245 69 195 189 78 64 103 104 116 10 192 158 153 99 189 141 231 46 31 214 144 127 167 45 79 209 17 165 71 155 159 130 168 248 201 155 103 124 200 136 49 259 94 79 174 174 135 268 247 29 301 140 195 105 88 161 24 143 77 190 72 91 77 55 168 186 96 118 52 185 134 120 128 61 192 97 36 133 99 32 188 149 54 234 278 119 47 25 233 134 62 379 147 91 182 148 164 163 247 97 153 45 133 142 79 206 138 75 117 114 139 376 103 190 263 0 213 298 62 140 259 72 144 94 112 102 179 102 32 215 103 172 45 230 183 189 71 161 252 126 40 258 84 225 332 261 202 175 254 135 103 256 156 48 126 109 145 133 123 173 105 115 131 125 586 624 705 617 692 612 565 609 569 627 559 683 659 697 585 657 678 578 637 670
156 149 224 92 117 177 257 147 156 271 144 27 214 110 164 23 28 348 280 18 35 136 226 170 183 154 222 382 162 277 220 140 235 20 177 234 368 76 144 80 226 184 264 222 139 160 226 61 173 139 153 167 132 293 203 377 83 195 98 297 157 70 59 135 222 58 190 102 195 219 110 255 351 218 253 223 146 262 186 289 216 201 354 118 291 198 93 300 93 195 257 99 134 242 83 239 229 369 334 165 175 172 95 204 188 442 323 243 243 242 206 120 256 187 304 352 166 209 199 89 202 278 326 289 245 132 322 184 287 166 380 72 213 0 309 151 73 212 178 215 286 114 151 331 112 228 166 149 85 168 252 68 24 182 368 60 97 197 79 287 329 124 57 180 387 57 78 111 60 319 224 88 145 356 118 153 128 121 124 116 202 796 607 496 680 484 583 775 587 779 684 768 477 715 491 795 630 472 787 686 727
296 273 338 217 307 287 395 354 176 408 292 283 309 354 340 314 285 135 309 300 323 270 361 366 375 202 299 469 165 450 389 410 160 324 315 327 509 315 200 348 343 222 92 287 393 326 436 268 390 396 449 435 191 394 402 262 312 250 407 375 238 244 257 368 504 367 308 401 410 461 269 233 444 277 166 372 414 262 367 341 350 433 479 297 414 339 372 226 280 401 273 210 329 286 305 395 276 474 263 265 457 473 297 251 289 391 421 253 552 156 377 391 161 423 189 544 358 146 333 318 158 278 157 437 373 219 378 403 589 363 468 379 298 309 0 283 284 104 344 423 385 246 218 206 294 275 442 219 228 290 499 350 302 346 417 282 319 327 265 290 521 406 302 443 406 290 281 277 366 452 256 275 352 390 351 197 391 321 338 348 402 688 327 722 912 718 314 667 312 668 921 657 716 953 730 685 359 714 677 930 965
14 10 81 139 44 26 131 76 112 146 12 148 65 96 57 133 155 259 129 133 129 19 94 84 92 82 72 245 124 175 110 150 142 169 38 86 252 85 88 113 85 68 202 71 127 43 153 97 110 130 205 168 111 153 119 244 77 56 204 151 45 115 114 97 239 187 43 241 128 181 44 121 213 69 152 99 152 118 84 139 82 153 229 37 160 65 133 170 58 119 111 139 53 92 73 122 81 237 196 23 198 234 58 64 37 293 185 101 333 149 97 138 157 144 188 267 76 138 62 76 127 131 225 171 112 72 174 122 341 81 242 204 62 151 283 0 78 224 62 140 145 56 66 211 41 80 180 65 116 18 219 127 127 65 221 191 70 58 199 139 244 271 200 173 237 193 73 41 196 196 82 64 75 206 87 88 131 54 69 84 119 647 609 644 631 631 593 625 593 629 639 619 623 671 637 646 639 619 638 647 683
84 77 154 87 50 104 193 93 111 208 72 72 142 74 101 56 78 296 207 55 55 64 160 115 128 97 150 316 121 223 161 127 178 91 107 163 310 31 91 64 157 117 221 149 113 93 182 26 128 115 166 153 93 225 152 310 30 123 141 226 89 54 46 94 221 115 119 168 151 190 38 186 284 145 195 159 131 190 127 217 148 166 292 48 226 130 89 233 20 147 185 90 73 169 24 178 156 305 265 93 174 193 27 133 116 370 256 172 282 185 147 108 198 152 241 307 109 159 130 38 150 206 269 229 179 74 251 141 308 111 313 132 140 73 284 78 0 201 114 169 218 49 89 267 41 156 159 87 65 95 227 69 49 118 297 116 42 128 127 215 284 195 122 163 315 117 6 38 122 258 153 16 91 284 75 98 108 59 70 72 152 723 600 568 656 556 580 702 582 706 661 696 548 693 562 723 627 543 715 666 705
237 214 295 122 235 237 351 285 112 365 230 185 268 275 278 221 186 199 292 206 231 207 314 301 312 144 263 447 102 398 334 328 150 226 260 290 471 232 136 262 300 180 113 253 315 265 372 181 322 316 359 354 115 361 339 297 231 211 311 348 183 153 166 293 420 269 259 299 343 389 197 222 418 243 167 322 332 248 306 320 302 363 444 227 376 287 285 237 203 337 255 116 260 259 224 345 246 446 279 213 373 381 220 216 242 412 392 233 454 150 321 308 163 351 212 491 294 118 283 238 125 267 201 392 330 153 359 335 498 298 445 280 259 212 104 224 201 0 286 359 352 174 160 237 222 245 359 160 139 236 427 261 209 289 405 179 241 278 162 280 467 303 199 364 403 187 199 206 267 414 228 196 283 380 275 137 310 249 265 271 339 739 399 623 852 619 379 717 381 720 858 708 616 890 630 737 426 614 729 865 902
49 72 55 192 64 60 80 42 175 94 56 184 65 83 14 156 191 310 134 163 147 79 49 31 34 145 80 204 186 114 49 120 197 193 31 73 197 102 150 113 54 125 262 89 95 22 92 139 58 98 179 130 172 115 58 272 95 102 200 124 107 164 158 67 196 198 45 250 71 126 94 158 173 94 204 45 120 144 22 128 40 98 178 67 113 25 124 205 99 60 133 193 44 108 96 64 104 192 221 79 163 209 87 107 63 293 145 133 310 204 35 116 209 92 232 205 25 199 31 89 187 150 273 116 68 133 152 68 304 31 202 213 72 178 344 62 114 286 0 79 110 114 128 250 74 104 143 128 169 55 162 130 155 4 195 229 81 33 241 153 182 285 233 130 219 229 111 87 208 144 116 107 43 188 72 151 105 57 57 71 58 642 671 655 569 640 656 621 655 626 577 617 630 609 643 642 701 625 634 585 621
127 150 111 255 125 139 85 76 250 91 131 230 134 105 83 192 235 387 191 204 181 153 88 58 47 221 149 198 262 67 49 99 276 224 110 131 158 145 226 136 107 204 341 161 83 96 13 195 42 85 150 91 244 131 21 337 141 181 199 153 185 223 215 80 139 213 121 259 20 55 162 232 171 168 282 73 95 214 57 173 92 34 153 132 112 92 133 277 160 22 201 257 100 176 146 63 176 177 286 158 121 176 144 184 141 333 150 206 273 283 53 109 288 41 306 139 65 278 99 133 266 216 350 91 94 207 182 31 248 61 195 225 144 215 423 140 169 359 79 0 131 185 205 322 138 176 105 205 232 134 86 151 196 78 213 273 128 104 289 215 115 296 272 82 246 271 168 154 225 123 191 168 78 217 98 227 97 112 99 101 21 670 748 651 493 634 733 650 732 655 500 646 623 532 635 670 779 617 662 508 544
135 152 64 284 169 123 47 150 242 44 147 289 86 192 124 265 296 311 86 270 257 164 61 130 121 210 89 99 252 96 87 217 225 302 111 63 125 211 221 223 61 172 294 100 194 127 136 241 146 197 274 217 249 9 121 227 203 142 307 23 173 261 258 172 270 308 102 360 141 184 189 156 68 110 221 69 215 128 111 55 71 165 94 170 34 89 232 186 199 130 115 283 153 99 204 68 109 94 179 145 250 303 192 137 114 202 40 133 402 229 93 219 227 169 224 177 129 243 87 198 233 119 270 66 43 210 51 147 379 132 97 322 94 286 385 145 218 352 110 131 0 201 196 230 177 110 232 196 261 128 208 240 262 106 86 334 190 90 343 112 160 394 340 211 116 335 214 184 318 69 129 207 151 86 181 217 207 166 167 181 122 541 707 763 543 748 698 520 694 526 555 517 738 587 751 541 741 732 533 568 598
68 49 137 83 62 78 187 111 69 202 59 104 117 109 104 102 110 248 173 97 104 37 150 127 138 49 121 300 80 228 163 166 130 134 94 140 308 75 46 109 141 70 176 116 148 92 198 54 148 150 211 190 60 209 165 263 70 82 190 205 43 62 64 122 260 163 99 214 169 217 24 140 269 110 146 154 170 149 133 189 138 190 285 53 216 121 134 186 36 162 146 82 86 134 63 176 120 293 220 59 214 239 52 92 88 332 241 130 331 137 149 149 149 178 193 318 120 112 118 74 103 166 220 227 168 27 226 161 353 123 298 180 112 114 246 56 49 174 114 185 201 0 40 219 48 119 198 38 60 73 255 117 93 117 273 142 74 114 147 176 295 239 154 198 285 146 44 32 169 252 112 34 109 256 106 51 147 76 93 102 165 684 568 609 677 598 550 663 551 667 684 656 591 716 605 683 597 587 675 691 728
79 56 135 99 92 77 191 137 48 205 75 137 110 144 122 141 143 209 151 135 143 53 154 149 158 16 108 293 59 239 175 201 90 171 101 133 311 114 25 148 140 35 141 100 181 109 219 91 173 184 249 223 54 204 185 226 108 59 230 195 23 91 97 153 294 202 99 252 192 244 58 106 263 91 106 162 204 120 150 173 142 216 286 82 217 127 172 149 75 184 120 96 112 113 101 185 99 290 185 53 250 277 88 67 83 303 236 100 370 97 162 185 109 206 153 332 141 77 123 112 66 138 181 232 170 21 212 186 390 145 292 219 102 151 218 66 89 160 128 205 196 40 0 180 80 98 232 2 82 76 282 157 131 131 259 171 109 118 172 150 309 275 185 230 266 176 83 65 208 254 85 74 135 239 139 23 181 106 123 135 185 654 543 644 697 633 528 632 527 636 705 625 627 737 641 653 573 623 645 713 749
218 205 212 262 254 195 260 282 185 267 223 314 188 307 254 321 320 88 144 314 323 213 237 281 283 177 173 290 184 319 276 360 101 351 220 194 350 288 188 320 217 151 128 162 336 243 333 271 308 339 415 376 209 238 303 60 281 155 407 212 180 266 274 305 445 382 205 432 319 374 232 92 272 156 81 252 362 109 270 176 231 347 316 245 264 231 343 46 251 307 122 256 263 147 275 271 147 303 62 188 407 445 260 147 188 185 256 117 543 97 269 348 81 342 28 407 273 136 224 282 137 112 51 295 240 199 202 318 550 279 290 398 179 331 206 211 267 237 250 322 230 219 180 0 247 147 388 182 254 204 409 332 311 249 231 342 278 219 337 119 389 454 359 378 211 348 262 236 388 298 134 251 281 202 298 180 341 264 279 295 303 502 499 818 773 809 496 480 489 483 785 472 803 817 817 500 536 799 492 798 828
44 43 113 119 13 66 153 63 118 168 33 113 103 64 62 92 119 287 170 95 88 34 119 81 93 94 112 275 129 186 123 121 168 129 65 123 271 44 94 74 116 97 221 112 101 53 151 65 100 104 171 143 107 183 119 283 36 94 163 186 69 89 84 74 214 146 78 200 122 168 25 159 243 110 181 119 124 159 90 178 107 141 252 7 185 89 96 208 24 116 152 120 38 133 32 139 122 264 236 61 170 200 17 103 78 334 215 141 296 175 108 106 185 130 222 274 74 157 89 36 146 173 256 190 138 74 210 113 311 77 272 163 102 112 294 41 41 222 74 138 177 48 80 247 0 121 152 78 95 57 207 86 88 78 257 157 31 86 168 181 251 230 163 150 275 158 37 16 155 218 122 32 61 244 59 98 101 28 45 55 119 687 616 604 630 590 598 666 599 670 637 660 582 668 596 687 645 577 679 643 681
81 79 68 196 123 56 124 139 139 134 90 222 42 171 110 211 228 214 54 211 208 92 94 135 136 109 28 201 147 181 130 219 115 247 76 53 234 165 122 192 74 67 185 16 195 100 187 171 162 198 277 232 151 119 156 169 157 39 283 103 79 181 183 164 300 267 59 321 172 228 118 56 173 11 115 108 220 41 124 76 86 200 204 117 139 84 211 101 136 161 31 193 124 15 153 129 1 202 119 63 265 307 138 31 46 214 148 30 407 121 123 211 120 196 131 274 128 133 77 155 123 52 175 163 101 116 115 171 407 134 200 284 32 228 275 80 156 245 104 176 110 119 98 147 121 0 245 99 176 67 262 206 205 103 162 261 149 73 265 59 253 350 273 233 169 265 150 118 276 177 19 140 139 141 160 116 202 130 142 158 157 568 599 723 644 711 589 546 585 550 655 540 703 686 716 567 633 698 559 666 698
171 187 195 239 141 193 186 106 267 195 168 190 208 89 136 148 193 438 276 163 136 183 178 112 116 246 223 303 277 168 145 32 319 166 169 214 255 127 244 97 193 246 373 231 52 146 107 178 88 49 46 14 251 233 111 415 130 234 109 252 220 206 195 83 62 138 186 172 91 70 175 296 276 235 331 165 28 286 129 266 176 72 256 151 216 167 76 345 162 102 275 244 126 251 137 164 246 281 364 202 19 72 146 241 201 430 254 273 171 326 140 51 335 64 367 211 118 309 173 124 298 293 405 196 191 225 282 85 162 112 299 145 215 166 442 180 159 359 143 105 232 198 232 388 152 245 0 231 220 184 92 101 157 145 316 226 124 176 246 296 191 209 217 24 347 221 162 168 150 226 255 167 107 317 94 249 51 128 111 98 110 772 758 549 514 531 737 752 740 757 517 748 520 548 532 772 785 513 765 520 560
79 55 136 98 90 77 191 136 48 205 74 135 111 142 122 139 141 211 153 132 141 52 154 148 157 17 109 294 59 239 175 199 92 169 101 133 312 112 25 146 141 37 143 101 180 108 218 89 172 182 247 222 53 205 184 228 106 60 228 196 24 88 94 151 293 200 100 250 191 242 56 108 264 93 108 162 203 121 149 174 142 215 286 81 217 127 170 151 73 183 121 94 111 115 99 185 100 291 187 53 248 275 87 69 83 305 236 102 368 99 162 183 111 205 155 332 140 78 123 110 67 140 183 232 170 19 213 185 388 144 292 216 103 149 219 65 87 160 128 205 196 38 2 182 78 99 231 0 80 76 281 154 129 130 260 169 108 118 170 152 309 273 183 228 268 174 81 63 206 255 87 72 134 240 137 23 180 104 122 133 184 656 544 642 696 631 528 634 528 638 704 627 624 736 638 655 574 620 647 712 748
127 109 197 24 108 139 245 156 72 260 117 63 178 139 157 86 68 263 230 73 95 97 209 176 188 78 180 361 77 282 218 189 154 104 152 201 365 95 66 124 201 117 179 175 177 147 245 42 191 179 222 216 47 269 214 304 95 138 180 265 98 16 29 159 282 143 159 186 214 255 75 188 329 168 173 212 194 202 185 248 197 230 344 102 276 179 147 228 72 209 201 26 133 191 88 233 177 353 266 118 234 245 88 147 149 385 301 182 325 160 203 169 175 217 225 369 169 125 177 102 120 220 243 284 227 62 286 205 362 171 358 158 172 85 228 116 65 139 169 232 261 60 82 254 95 176 220 80 0 133 292 123 74 172 333 90 106 173 90 231 345 203 105 227 344 95 64 82 145 310 166 64 153 316 140 75 172 120 134 136 213 736 538 565 720 556 517 714 520 718 726 707 549 757 564 734 564 546 726 731 770
14 24 64 156 57 10 116 78 124 130 24 166 47 105 53 149 172 258 113 150 144 36 79 81 87 93 55 227 135 163 99 156 143 186 25 69 237 100 100 125 68 70 207 56 132 40 147 115 108 135 212 172 125 136 113 234 91 50 216 133 54 133 131 101 242 202 26 256 124 178 62 113 196 55 151 85 157 106 77 122 66 150 213 52 144 51 144 162 76 114 98 155 59 77 88 109 67 220 185 25 203 242 74 57 21 277 168 91 342 150 87 146 156 143 183 256 73 144 47 89 133 118 223 157 96 85 156 120 346 79 225 219 45 168 290 18 95 236 55 134 128 73 76 204 57 67 184 76 133 0 216 140 144 56 203 209 83 42 216 125 233 287 217 175 219 211 90 58 211 180 72 82 77 189 95 99 138 63 76 92 113 631 617 660 622 647 602 610 601 614 631 604 639 663 652 630 648 634 622 639 675
207 228 197 314 193 222 162 145 324 164 208 273 221 154 163 232 277 472 276 246 219 229 173 135 129 298 235 252 335 118 134 112 359 255 194 217 187 198 300 175 193 285 421 247 116 176 76 251 109 115 130 87 314 206 106 423 197 265 200 231 264 280 270 134 79 230 207 263 92 39 232 318 231 254 366 158 107 300 140 256 178 66 197 202 181 178 160 363 224 103 287 317 171 262 204 144 262 226 372 239 95 145 207 269 225 409 216 292 224 366 139 132 372 77 392 126 143 357 185 190 346 301 435 152 177 281 259 97 178 138 248 236 230 252 499 219 227 427 162 86 208 255 282 409 207 262 92 281 292 216 0 185 239 162 281 312 187 190 331 300 110 300 306 73 317 308 229 223 242 176 277 231 147 291 153 302 125 179 162 156 106 734 823 625 430 605 805 714 806 720 434 712 593 466 604 734 852 586 727 439 478
126 130 183 140 83 150 204 91 180 218 116 89 181 50 116 47 93 365 252 62 35 120 179 113 125 166 193 331 189 216 164 73 247 73 139 197 307 43 160 17 183 181 290 196 72 117 161 82 111 72 99 100 160 245 142 370 51 181 77 254 152 108 96 74 160 68 156 120 131 151 100 245 300 195 262 172 79 245 132 254 170 134 297 89 238 154 26 294 82 133 237 145 89 217 57 184 207 315 322 147 112 124 71 190 161 415 274 228 214 254 152 53 265 120 307 286 112 228 157 51 219 258 337 232 197 143 282 120 240 110 328 83 183 68 350 127 69 261 130 151 240 117 157 332 86 206 101 154 123 140 185 0 56 134 325 128 57 157 147 265 263 155 123 113 349 124 74 95 79 263 208 83 90 317 60 167 60 79 73 59 141 768 660 525 613 511 638 747 642 751 617 742 502 648 515 768 686 496 760 620 660
132 126 200 87 93 153 234 125 141 249 120 35 190 91 141 12 39 332 256 8 22 113 203 148 161 136 198 359 148 256 198 129 217 42 153 210 346 53 127 64 202 162 251 198 124 136 207 41 154 124 151 156 118 269 183 356 60 171 106 273 135 58 46 116 215 72 166 121 176 204 86 233 327 194 235 200 134 239 164 265 192 184 331 94 268 174 82 279 69 175 234 93 111 218 59 217 205 346 312 141 168 172 71 181 164 419 300 220 251 224 184 108 238 170 284 334 144 193 175 66 186 255 309 267 222 113 298 165 289 144 356 88 189 24 302 127 49 209 155 196 262 93 131 311 88 205 157 129 74 144 239 56 0 159 344 78 74 173 94 264 311 146 79 168 362 76 54 87 77 297 201 64 123 332 98 135 114 97 102 96 182 772 607 519 668 507 584 751 588 755 673 745 499 704 513 771 632 495 764 676 716
51 75 52 196 68 61 75 45 177 90 59 188 64 87 18 160 195 310 131 167 152 81 45 33 34 147 78 200 189 111 46 122 198 197 32 70 193 106 153 117 51 126 263 88 98 25 91 143 59 101 181 131 175 111 57 271 99 103 204 120 109 167 162 70 197 202 45 254 70 126 98 158 169 93 205 41 122 143 22 125 36 98 174 71 109 22 128 204 102 59 131 197 48 107 100 61 103 188 220 81 164 211 91 107 64 290 141 133 312 205 32 119 210 93 231 202 27 201 28 93 189 149 273 112 64 136 149 68 305 33 198 217 71 182 346 65 118 289 4 78 106 117 131 249 78 103 145 130 172 56 162 134 159 0 191 233 85 31 245 151 179 288 237 131 216 233 115 90 212 140 116 111 46 185 75 153 108 62 61 75 57 639 673 658 567 643 658 618 657 623 575 613 634 607 647 638 704 628 631 583 619
213 226 144 355 251 196 130 236 301 122 225 369 157 278 209 347 375 319 113 351 340 239 147 216 207 271 153 61 309 163 172 303 261 385 192 135 139 294 284 308 143 229 326 159 281 210 215 318 232 284 359 302 313 83 205 206 286 200 394 72 238 335 335 259 350 393 179 445 225 263 265 186 57 168 252 156 301 158 197 86 155 247 106 250 102 172 318 195 278 215 150 353 238 147 286 153 161 82 170 215 334 387 273 193 185 134 65 172 486 264 180 305 257 253 235 216 215 288 170 281 280 141 280 130 130 276 48 232 458 219 63 408 161 368 417 221 297 405 195 213 86 273 259 231 257 162 316 260 333 203 281 325 344 191 0 412 274 171 419 128 207 480 420 295 38 414 293 261 403 109 178 285 237 29 266 278 293 250 252 266 207 457 728 849 558 834 723 437 717 442 573 433 824 603 837 457 764 819 449 589 614
199 187 270 80 166 217 309 202 158 324 187 45 256 169 216 82 39 344 315 70 94 174 276 225 238 168 261 432 160 334 274 200 242 60 222 277 423 130 156 140 273 206 255 258 199 209 285 94 232 199 208 227 133 341 260 394 136 224 144 342 184 81 78 194 278 100 233 120 254 279 147 277 400 252 261 275 206 290 240 329 264 261 407 164 342 246 153 318 134 253 288 87 186 276 133 292 262 421 356 200 232 223 143 234 227 473 372 270 280 247 260 180 262 247 314 411 221 210 247 143 206 308 328 343 295 151 365 243 334 221 429 107 252 60 282 191 116 179 229 273 334 142 171 342 157 261 226 169 90 209 312 128 78 233 412 0 150 244 21 318 388 125 20 240 427 8 120 151 94 373 254 127 200 397 176 164 188 172 179 173 259 825 562 476 740 467 536 803 542 807 743 796 462 774 476 824 584 458 816 745 786
69 74 130 128 26 93 160 53 143 175 59 105 125 36 67 75 111 318 195 82 67 65 130 75 88 122 136 286 153 184 124 92 198 111 84 143 273 21 120 43 131 128 249 139 75 64 140 67 86 77 140 116 129 196 112 314 14 125 134 202 100 96 87 53 186 121 100 175 109 149 51 190 254 138 212 126 96 188 90 199 120 124 257 33 194 102 65 239 39 106 180 131 37 160 18 143 150 273 266 91 141 169 22 134 104 359 227 171 265 205 110 76 216 111 254 267 71 185 104 8 175 201 287 193 149 101 229 99 280 71 283 137 126 97 319 70 42 241 81 128 190 74 109 278 31 149 124 108 106 83 187 57 74 85 274 150 0 103 164 208 243 207 152 125 295 149 42 44 131 223 151 45 51 264 34 125 73 24 30 30 111 712 638 580 614 566 619 691 621 695 620 686 557 652 571 711 666 552 704 625 664
46 66 27 196 80 41 74 74 165 88 57 199 32 112 43 176 206 283 101 180 169 77 37 64 64 134 47 189 176 122 62 153 174 213 21 41 195 123 142 140 29 105 241 57 128 40 116 150 90 131 212 163 167 97 84 239 115 79 230 100 94 171 168 99 229 223 19 277 100 155 99 128 157 64 179 44 153 112 51 98 24 128 171 80 103 12 154 174 109 88 100 196 68 75 115 68 72 180 188 65 196 242 102 81 39 261 129 102 343 181 52 148 184 124 202 217 58 181 6 110 170 117 245 115 54 127 126 99 337 64 186 239 40 197 327 58 128 278 33 104 90 114 118 219 86 73 176 118 173 42 190 157 173 31 171 244 103 0 253 120 194 310 250 162 192 245 123 94 233 139 87 117 74 161 101 140 137 79 84 100 85 612 654 682 585 667 641 591 639 596 594 586 658 626 671 612 686 653 604 603 638
208 194 279 75 177 223 320 217 152 335 196 60 263 185 228 100 55 333 319 86 112 180 286 239 252 167 267 442 153 348 287 220 236 81 232 285 436 145 154 157 282 207 243 263 217 220 301 103 247 217 229 246 129 350 275 390 150 227 165 350 187 85 85 210 299 121 242 139 270 298 155 277 410 257 256 286 225 291 253 336 275 278 419 175 353 257 172 315 144 268 290 81 199 280 146 305 266 432 354 205 253 244 154 237 234 475 382 272 301 241 273 199 256 264 309 428 235 203 256 157 200 310 320 356 306 151 372 259 356 235 439 128 258 79 265 199 127 162 241 289 343 147 172 337 168 265 246 170 90 216 331 147 94 245 419 21 164 253 0 321 404 141 39 259 432 29 130 159 115 385 256 136 214 403 191 162 207 185 193 189 274 825 541 482 759 475 515 803 521 807 763 796 469 794 484 824 563 466 816 765 806
139 139 104 249 182 115 144 193 184 150 149 280 89 227 162 271 286 201 26 270 268 151 127 184 182 158 74 180 190 203 166 272 134 306 130 84 233 224 171 250 108 115 198 69 248 155 224 229 210 251 331 283 200 119 197 122 216 94 341 94 134 238 241 218 347 327 112 380 216 269 178 59 158 70 124 142 273 32 169 58 124 244 199 176 145 130 268 75 195 204 31 246 181 48 212 158 59 189 71 122 316 361 197 85 104 155 139 50 462 136 163 266 129 242 114 289 178 162 123 214 155 13 161 177 125 170 89 217 456 184 180 343 84 287 290 139 215 280 153 215 112 176 150 119 181 59 296 152 231 125 300 265 264 151 128 318 208 120 321 0 271 410 330 282 123 322 209 177 335 180 65 200 192 101 216 164 256 187 198 215 198 509 605 783 655 770 598 487 593 491 667 481 762 698 776 508 640 758 500 680 710
230 254 186 369 238 235 130 190 356 121 237 345 215 219 190 306 350 465 245 318 295 260 161 170 157 325 226 162 367 72 134 200 366 337 208 200 83 260 332 249 180 299 434 239 192 203 103 310 157 193 235 181 353 154 131 387 256 272 299 181 287 337 330 195 189 321 213 362 135 121 273 307 150 249 368 150 196 282 162 215 172 130 105 244 126 183 242 343 273 137 269 371 213 247 261 127 253 135 339 258 200 253 258 272 233 341 148 282 334 372 147 216 373 144 379 24 176 375 188 249 364 276 426 94 152 315 202 145 281 174 158 331 225 329 521 244 284 467 182 115 160 295 309 389 251 253 191 309 345 233 110 263 311 179 207 388 243 194 404 271 0 399 386 168 245 386 283 265 333 99 272 281 193 225 213 332 205 226 213 216 132 642 848 735 391 715 835 623 833 629 401 622 703 433 714 642 880 696 636 412 445
274 271 336 201 232 296 358 246 274 371 263 140 332 203 271 139 135 465 400 142 142 258 333 267 278 277 341 485 279 363 317 200 357 105 291 350 455 188 267 172 337 308 378 342 213 270 304 185 260 211 171 218 250 399 291 501 196 318 100 408 281 189 180 226 239 87 306 37 277 278 232 379 454 339 376 327 204 385 286 406 324 271 448 235 392 308 166 424 214 282 380 208 242 363 198 337 351 468 459 287 205 167 213 328 308 564 428 366 181 363 305 187 378 258 427 420 267 328 311 200 322 401 446 383 352 256 436 267 253 264 482 72 332 124 406 271 195 303 285 296 394 239 275 454 230 350 209 273 203 287 300 155 146 288 480 125 207 310 141 410 399 0 105 232 502 117 201 232 76 415 347 211 244 471 214 275 199 231 228 214 290 917 672 374 701 361 643 896 651 900 701 890 353 730 367 917 690 349 909 699 742
206 196 276 98 171 225 313 203 175 327 195 51 264 167 219 80 45 362 326 71 91 183 281 226 239 184 271 437 178 334 276 194 259 51 229 285 424 132 171 136 279 220 274 268 195 214 283 102 230 195 196 219 150 346 260 410 139 236 129 349 197 95 90 192 267 86 241 101 252 274 156 291 406 263 278 279 199 303 242 339 270 257 410 170 346 252 146 333 142 252 300 105 190 287 137 295 274 425 371 210 222 209 148 246 237 486 378 283 262 264 263 174 279 243 331 409 223 228 252 145 223 320 346 345 300 165 373 241 318 222 434 90 261 57 302 200 122 199 233 272 340 154 185 359 163 273 217 183 105 217 306 123 79 237 420 20 152 250 39 330 386 105 0 233 436 12 127 159 78 376 266 135 201 406 175 180 183 176 181 173 259 838 580 460 731 450 554 817 560 820 734 810 444 764 458 837 601 441 829 735 776
163 181 179 247 138 184 165 97 267 173 161 202 194 89 124 160 206 432 260 175 148 179 160 98 99 244 209 280 278 145 125 40 314 182 158 199 231 132 244 105 176 240 371 219 50 135 83 185 72 48 70 14 254 212 91 402 133 226 131 232 215 214 202 77 67 158 174 194 71 47 174 286 253 223 325 147 34 274 113 248 159 49 232 148 194 152 88 334 163 82 262 251 120 238 140 143 233 258 351 195 39 94 147 232 190 411 232 262 191 321 122 60 329 43 358 188 105 306 159 126 296 280 397 173 171 225 262 66 174 99 276 165 202 180 443 173 163 364 130 82 211 198 230 378 150 233 24 228 227 175 73 113 168 131 295 240 125 162 259 282 168 232 233 0 327 236 165 166 170 203 244 169 98 297 92 248 55 124 107 96 89 751 762 573 500 555 743 731 745 736 504 728 544 535 556 751 790 537 744 508 548
231 240 166 365 271 211 162 261 305 155 242 385 172 302 233 367 391 300 115 369 361 253 173 243 235 277 166 95 312 200 202 332 256 404 211 153 176 315 290 332 165 234 317 169 309 232 249 334 261 312 390 333 319 115 236 178 306 208 420 96 247 348 349 285 384 415 197 469 256 297 280 181 95 176 244 184 330 155 224 97 180 280 144 269 136 195 344 181 295 246 150 362 260 153 305 184 168 118 149 227 365 418 292 199 199 96 101 172 518 257 208 333 248 284 219 254 241 285 191 302 278 136 262 166 158 285 67 262 492 245 97 431 175 387 406 237 315 403 219 246 116 285 266 211 275 169 347 268 344 219 317 349 362 216 38 427 295 192 432 123 245 502 436 327 0 429 310 277 426 147 182 301 262 31 291 284 321 271 276 291 238 425 710 874 592 859 707 405 700 410 607 401 850 637 863 425 747 844 418 623 647
200 189 271 87 166 219 309 201 164 323 189 45 258 167 216 79 39 351 318 68 91 176 276 224 237 173 264 432 166 332 273 196 248 55 223 279 422 129 161 137 274 211 262 261 196 209 282 95 229 196 202 222 139 342 259 399 135 228 137 343 188 85 81 192 273 93 235 112 251 276 149 282 401 255 267 275 202 294 239 332 265 258 407 165 342 247 149 323 136 251 292 93 186 279 133 292 265 421 361 203 227 216 143 237 230 477 373 274 272 253 260 176 268 244 320 409 220 216 247 142 212 311 335 343 296 155 367 241 327 220 430 99 254 57 290 193 117 187 229 271 335 146 176 348 158 265 221 174 95 211 308 124 76 233 414 8 149 245 29 322 386 117 12 236 429 0 121 153 87 372 257 129 199 399 174 169 185 172 178 171 258 829 570 470 735 461 544 807 550 811 738 801 455 769 470 828 591 452 820 740 781
79 71 150 87 47 99 190 92 107 205 68 76 137 76 98 62 83 291 201 61 61 58 156 113 126 92 145 312 117 221 158 130 173 97 102 158 307 35 87 68 153 111 217 144 115 90 181 28 128 117 170 155 90 221 151 304 32 117 147 222 83 55 48 95 224 121 114 173 150 191 32 180 280 140 189 156 134 185 125 212 145 166 289 44 223 126 93 227 15 146 180 90 71 163 25 175 151 301 259 87 177 197 25 127 110 364 252 166 287 180 144 111 192 153 236 306 107 154 126 39 145 200 264 226 175 69 246 141 312 109 309 138 135 78 281 73 6 199 111 168 214 44 83 262 37 150 162 81 64 90 229 74 54 115 293 120 42 123 130 209 283 201 127 165 310 121 0 32 128 255 147 10 90 279 76 93 111 57 70 72 151 718 598 573 656 561 578 696 580 700 662 690 554 694 567 717 625 549 709 667 706
48 39 119 106 30 67 163 79 101 178 37 108 105 79 76 93 114 273 169 93 91 26 128 96 108 78 112 282 112 200 136 136 154 129 72 127 283 52 77 85 122 86 206 111 117 65 167 57 116 119 184 159 91 191 135 276 45 87 171 191 57 78 75 90 230 151 83 204 138 185 8 151 251 108 168 130 139 154 104 180 116 158 263 21 195 98 108 199 18 131 148 107 54 131 39 151 119 273 229 55 185 213 24 97 78 332 223 135 308 161 121 120 172 146 211 289 89 141 97 47 131 169 243 202 147 58 214 129 325 92 280 167 103 111 277 41 38 206 87 154 184 32 65 236 16 118 168 63 82 58 223 95 87 90 261 151 44 94 159 177 265 232 159 166 277 153 32 0 158 229 116 24 77 247 74 82 116 44 61 71 134 686 600 605 646 593 582 664 583 668 653 658 585 684 599 685 628 580 677 659 697
198 197 260 150 156 221 283 170 215 296 187 84 256 128 195 67 81 407 325 74 68 185 257 192 204 212 266 410 221 291 242 133 294 42 215 273 383 112 203 96 261 238 324 267 142 194 234 117 187 141 122 156 191 323 218 432 120 245 51 332 211 129 118 151 194 12 230 45 206 215 160 308 379 265 312 251 138 312 210 330 248 203 374 160 317 231 93 355 141 209 306 157 166 288 123 263 276 394 387 214 152 131 138 255 233 489 352 294 188 300 230 117 314 189 361 355 191 268 234 124 261 327 385 309 276 190 359 195 240 189 407 13 256 60 366 196 122 267 208 225 318 169 208 388 155 276 150 206 145 211 242 79 77 212 403 94 131 233 115 335 333 76 78 170 426 87 128 158 0 341 274 138 169 394 139 211 129 154 151 138 217 842 656 449 660 436 630 821 636 825 661 815 427 692 441 841 678 422 834 662 704
184 204 119 334 208 178 65 173 302 50 194 328 146 213 157 297 334 380 155 305 287 215 102 150 138 270 153 77 312 60 100 221 292 332 158 126 58 244 279 246 114 235 362 165 203 165 120 283 155 205 272 213 305 61 124 291 237 205 320 87 231 307 302 190 249 329 155 378 140 164 235 225 55 176 290 99 218 197 134 123 114 154 34 211 39 132 249 254 242 133 185 334 187 167 240 81 176 55 245 202 242 297 231 202 172 243 49 201 391 297 113 229 296 164 293 112 153 308 134 231 298 188 340 32 84 266 103 149 354 154 74 342 156 319 452 196 258 414 144 123 69 252 254 298 218 177 226 255 310 180 176 263 297 140 109 373 223 139 385 180 99 415 376 203 147 372 255 229 341 0 196 250 175 126 204 277 217 200 195 205 125 558 776 774 475 756 766 538 762 544 487 536 745 518 758 558 810 739 551 500 529
86 78 86 185 126 62 142 148 123 153 93 215 58 176 120 209 222 197 67 207 207 90 112 147 149 95 46 220 131 200 147 227 96 243 86 72 254 166 108 194 92 52 165 33 203 109 203 165 174 206 284 242 138 138 171 163 158 30 285 122 69 173 176 172 311 267 71 320 186 241 115 42 192 24 96 125 228 38 137 93 103 214 224 119 158 99 215 90 133 174 34 181 131 32 153 147 20 221 115 61 274 314 138 20 54 220 167 20 413 101 139 217 102 209 116 293 139 114 92 157 104 54 159 182 120 105 132 184 417 145 218 283 48 224 256 82 153 228 116 191 129 112 85 134 122 19 255 87 166 72 277 208 201 116 178 254 151 87 256 65 272 347 266 244 182 257 147 116 274 196 0 137 147 155 166 102 209 134 148 164 171 573 580 720 663 708 569 551 566 555 673 545 700 705 714 572 613 696 564 684 717
72 62 143 87 44 90 185 92 100 200 60 84 129 80 95 72 90 282 192 70 72 49 150 112 124 83 136 305 110 218 155 136 164 107 96 150 303 42 78 76 146 101 209 134 120 85 181 34 128 121 178 160 84 214 150 294 38 107 156 214 72 57 52 97 230 132 106 184 150 193 22 170 274 130 179 151 140 174 122 203 139 168 284 39 217 120 100 216 8 145 170 89 69 154 30 171 141 296 249 77 183 205 24 117 102 355 246 156 297 171 141 117 183 155 226 305 105 146 120 43 136 190 254 222 169 60 238 141 320 108 303 148 126 88 275 64 16 196 107 168 207 34 74 251 32 140 167 72 64 82 231 83 64 111 285 127 45 117 136 200 281 211 135 169 301 129 10 24 138 250 137 0 90 271 79 85 116 56 70 75 149 708 593 583 658 571 574 687 576 691 664 681 564 695 577 707 621 559 699 670 708
65 83 97 177 48 86 115 2 177 128 63 155 104 41 31 122 161 333 174 131 112 83 89 25 38 151 118 241 188 134 75 80 216 157 63 115 223 70 153 73 97 142 276 125 56 39 91 117 39 59 139 95 168 155 61 308 65 127 158 166 118 145 137 26 165 157 80 209 61 108 86 189 210 128 226 82 81 180 42 170 82 81 209 56 149 68 82 238 82 56 169 179 24 145 69 95 139 226 258 97 126 169 66 134 94 335 184 166 270 223 62 74 231 70 260 216 22 211 73 57 200 188 299 144 107 134 195 52 269 21 238 172 109 145 352 75 91 283 43 78 151 109 135 281 61 139 107 134 153 77 147 90 123 46 237 200 51 74 214 192 193 244 201 98 262 199 90 77 169 175 147 90 0 231 30 155 64 34 21 30 61 685 676 613 569 598 659 664 659 669 576 659 588 607 601 684 705 583 677 582 620
200 210 135 336 240 180 132 230 279 127 212 354 142 271 201 336 361 290 89 339 330 223 142 212 205 250 136 89 286 174 172 301 235 373 180 122 163 284 263 301 134 207 299 140 278 201 221 304 231 281 359 303 292 86 206 177 275 180 388 66 219 318 319 254 355 384 166 437 227 269 250 160 79 148 225 153 300 132 194 67 149 250 129 238 110 164 313 166 264 216 125 334 229 126 274 154 140 107 141 198 335 388 261 172 169 118 78 147 488 237 178 302 230 255 206 237 210 263 160 271 255 114 251 141 127 257 36 232 464 214 91 400 145 356 390 206 284 380 188 217 86 256 239 202 244 141 317 240 316 189 291 317 332 185 29 397 264 161 403 101 225 471 406 297 31 399 279 247 394 126 155 271 231 0 260 257 290 240 244 259 208 456 699 842 585 828 695 435 688 440 599 431 818 629 831 455 736 813 448 614 640
81 94 126 162 47 105 144 31 175 158 75 132 129 11 59 95 137 344 200 106 84 89 119 53 66 152 142 271 186 159 104 63 225 129 87 142 250 48 152 43 126 153 280 148 43 62 110 100 56 45 118 85 162 185 85 329 45 143 129 196 126 129 119 19 156 127 104 179 79 115 82 207 240 149 237 112 66 201 72 198 112 91 238 57 178 96 53 256 72 77 191 165 36 169 51 124 161 256 280 110 112 148 55 151 114 362 214 186 247 232 92 51 242 77 275 237 52 215 101 37 204 211 311 173 137 132 224 68 254 50 268 142 133 118 351 87 75 275 72 98 181 106 139 298 59 160 94 137 140 95 153 60 98 75 266 176 34 101 191 216 213 214 175 92 291 174 76 74 139 204 166 79 30 260 0 156 44 34 19 4 84 713 672 583 581 568 653 692 654 697 586 687 559 618 572 713 700 553 705 592 630
102 78 158 87 110 99 214 157 25 228 96 135 132 160 144 146 140 199 168 137 150 74 177 170 180 7 129 314 36 262 198 217 83 172 124 154 334 126 9 161 163 50 125 120 199 131 240 94 193 201 263 240 36 226 206 230 121 78 238 216 46 86 95 171 311 207 122 254 214 264 74 115 284 111 101 184 221 133 172 192 165 236 308 101 239 150 185 153 88 205 135 83 132 131 114 208 117 312 192 76 266 290 103 85 105 315 257 114 380 89 185 200 103 226 152 355 162 61 146 126 52 152 174 255 193 24 231 207 404 167 313 223 123 153 197 88 98 137 151 227 217 51 23 180 98 116 249 23 75 99 302 167 135 153 278 164 125 140 162 164 332 275 180 248 284 169 93 82 211 277 102 85 155 257 156 0 198 124 142 152 206 663 522 640 719 630 506 641 505 645 727 634 624 759 638 662 552 620 654 735 771
124 138 160 192 91 147 165 64 215 176 119 149 168 37 94 107 153 388 238 121 94 133 148 77 86 195 182 289 226 164 122 20 269 133 126 178 255 77 193 50 158 197 322 189 14 102 105 130 62 12 75 44 201 210 93 371 79 187 103 224 169 158 147 38 113 117 144 162 78 91 124 250 260 191 281 137 23 243 96 232 142 75 249 100 198 130 37 299 111 83 233 196 79 209 86 143 202 271 321 154 68 105 95 194 156 397 235 228 206 276 113 13 285 61 319 228 81 258 136 73 247 252 356 185 163 174 254 67 210 76 286 128 173 128 391 131 108 310 105 97 207 147 181 341 101 202 51 180 172 138 125 60 114 108 293 188 73 137 207 256 205 199 183 55 321 185 111 116 129 217 209 116 64 290 44 198 0 78 62 47 92 745 708 559 554 542 688 725 690 729 559 720 532 590 545 745 735 526 737 562 602
49 60 106 143 14 73 137 36 145 151 42 127 103 42 44 99 133 310 173 105 91 55 106 56 69 120 114 262 156 164 102 97 191 136 61 119 251 45 121 63 107 119 247 118 76 40 125 85 73 79 151 118 135 172 94 297 37 109 154 178 92 112 105 47 189 144 77 198 95 141 52 174 230 119 203 103 100 170 68 176 95 114 235 24 170 78 81 223 48 89 161 145 14 139 39 120 130 249 248 76 146 181 33 118 84 337 203 154 279 198 88 84 208 102 241 249 50 182 80 32 171 181 277 171 125 102 205 86 288 52 259 160 105 121 321 54 59 249 57 112 166 76 106 264 28 130 128 104 120 63 179 79 97 62 250 172 24 79 185 187 226 231 176 124 271 172 57 44 154 200 134 56 34 240 34 124 78 0 17 31 94 690 644 603 603 589 626 668 627 673 609 663 580 641 593 689 673 575 681 616 653
62 76 110 157 32 86 134 23 162 148 57 134 111 29 43 101 140 327 182 110 92 72 106 46 59 138 124 260 173 155 96 81 208 137 69 125 244 49 138 56 110 135 264 129 59 45 111 96 58 62 136 101 152 172 82 310 43 124 145 181 109 124 116 30 172 141 86 193 81 124 69 189 229 131 220 100 83 182 62 182 97 98 229 41 168 80 70 238 63 77 173 159 17 150 48 115 142 246 261 92 129 166 46 132 96 345 202 167 266 215 82 69 224 86 257 237 42 200 84 36 189 193 294 165 124 119 209 71 272 42 257 156 115 124 338 69 70 265 57 99 167 93 123 279 45 142 111 122 134 76 162 73 102 61 252 179 30 84 193 198 213 228 181 107 276 178 70 61 151 195 148 70 21 244 19 142 62 17 0 17 82 696 660 598 587 583 643 676 643 680 594 671 574 625 587 696 689 569 688 600 637
78 91 125 158 44 102 145 32 171 159 72 129 128 13 58 93 134 341 199 103 82 86 119 55 67 149 141 272 182 161 105 67 222 127 85 141 252 45 148 42 125 149 276 146 46 61 113 96 59 49 120 88 159 185 87 327 42 140 130 195 122 125 116 22 159 127 103 179 81 118 79 205 241 147 234 113 69 199 72 198 111 94 239 53 179 96 54 254 68 80 189 162 34 167 48 125 159 257 277 107 115 150 51 148 112 361 214 183 249 229 93 53 238 81 272 239 53 212 100 34 201 209 308 174 138 129 224 71 257 51 269 142 131 116 348 84 72 271 71 101 181 102 135 295 55 158 98 133 136 92 156 59 96 75 266 173 30 100 189 215 216 214 173 96 291 171 72 71 138 205 164 75 30 259 4 152 47 31 17 0 86 712 668 583 584 568 649 691 651 696 590 686 559 621 572 712 696 554 704 595 633
106 129 94 237 106 118 77 59 230 86 110 215 115 92 62 179 221 367 175 190 168 133 72 38 27 201 130 198 241 75 36 98 255 212 89 114 167 130 205 125 90 183 320 141 78 76 34 178 30 81 153 95 224 123 1 320 125 160 195 143 164 205 198 67 151 205 101 253 19 71 143 212 169 148 262 58 95 195 36 160 74 46 158 113 108 73 125 258 141 9 183 239 81 158 130 54 157 179 269 137 128 181 126 164 121 322 146 187 280 262 35 104 267 47 287 156 45 257 80 117 245 198 330 93 82 187 172 25 261 42 195 218 125 202 402 119 152 339 58 21 122 165 185 303 119 157 110 184 213 113 106 141 182 57 207 259 111 85 274 198 132 290 259 89 238 258 151 134 217 125 171 149 61 208 84 206 92 94 82 86 0 663 728 650 513 633 712 642 712 648 521 639 623 552 635 663 758 617 655 528 564
644 647 587 751 687 621 586 684 676 578 655 788 587 724 655 779 794 553 518 778 775 660 598 668 660 658 576 483 678 616 627 757 599 815 629 571 559 730 671 752 588 619 627 575 734 652 671 738 686 737 815 758 698 539 661 443 722 602 842 521 641 744 748 709 805 833 612 887 681 719 686 548 503 578 579 609 755 536 649 515 603 703 539 682 558 617 766 512 704 671 539 746 680 555 719 609 567 509 471 631 790 843 704 592 610 354 520 555 943 596 633 757 581 709 529 641 665 634 613 719 633 518 539 584 583 674 492 688 912 670 486 849 586 796 688 647 723 739 642 670 541 684 654 502 687 568 772 656 736 631 734 768 772 639 457 825 712 612 825 509 642 917 838 751 425 829 718 686 842 558 573 708 685 456 713 663 745 690 696 712 663 0 881 1291 873 1278 897 22 881 20 893 31 1269 916 1283 4 920 1264 10 916 923
622 599 663 520 629 614 721 678 499 733 618 579 634 673 665 618 579 411 627 603 629 595 687 692 701 527 625 784 488 776 716 727 484 617 641 652 833 631 524 661 669 549 415 612 713 652 762 580 715 714 757 753 509 716 728 540 630 577 703 695 564 552 565 689 819 660 635 679 735 784 591 552 762 602 486 698 731 581 693 660 676 757 801 620 738 665 684 533 600 727 593 515 652 609 622 722 600 793 561 592 772 778 617 577 615 669 741 575 842 479 704 707 480 746 493 870 684 473 660 636 484 594 449 762 698 542 694 728 893 688 784 669 624 607 327 609 600 399 671 748 707 568 543 499 616 599 758 544 538 617 823 660 607 673 728 562 638 654 541 605 848 672 580 762 710 570 598 600 656 776 580 593 676 699 672 522 708 644 660 668 728 881 0 894 1239 900 39 863 22 862 1247 851 902 1279 915 878 39 903 871 1256 1291
647 644 708 556 605 670 723 614 634 735 636 507 705 572 641 512 501 813 773 513 516 631 702 633 643 643 715 848 635 717 681 553 718 477 664 722 804 561 631 542 708 678 722 716 572 642 655 556 621 569 503 562 609 767 651 869 569 690 456 779 653 554 547 591 547 459 679 405 634 618 605 749 819 713 737 694 556 758 653 779 695 620 804 609 757 679 531 792 588 641 753 562 614 736 572 701 724 828 829 660 537 482 587 700 681 937 794 739 409 723 671 546 738 610 790 751 634 685 682 573 682 774 802 742 720 624 807 625 485 631 845 443 705 496 722 644 568 623 655 651 763 609 644 818 604 723 549 642 565 660 625 525 519 658 849 476 580 682 482 783 735 374 460 573 874 470 573 605 449 774 720 583 613 842 583 640 559 603 598 583 650 1291 894 0 931 26 857 1270 872 1274 923 1264 41 945 41 1290 897 49 1282 911 956
618 641 577 742 617 625 521 567 743 510 623 702 606 583 575 660 706 854 629 675 648 646 553 550 540 713 617 497 754 464 523 540 758 681 598 591 424 627 718 605 572 690 826 630 546 588 479 680 530 545 538 513 737 536 513 761 626 663 612 561 676 709 699 562 466 649 604 669 508 466 654 697 507 640 759 541 535 670 547 597 563 490 459 625 510 573 588 729 650 515 657 746 592 637 632 518 644 477 718 647 509 535 633 663 624 680 518 672 550 764 535 560 765 503 767 370 558 766 579 618 754 662 814 482 543 700 573 517 465 554 496 652 617 680 912 631 656 852 569 493 543 677 697 773 630 644 514 696 720 622 430 613 668 567 558 740 614 585 759 655 391 701 731 500 592 735 656 646 660 475 663 658 569 585 581 719 554 603 587 584 513 873 1239 931 0 906 1225 861 1223 868 22 865 891 45 898 875 1270 883 871 47 55
634 632 693 547 591 657 707 598 625 719 623 496 691 557 626 500 490 807 760 502 503 619 687 618 627 633 702 831 627 699 665 536 709 465 650 708 786 547 621 527 694 667 716 703 555 628 637 544 605 553 485 544 601 751 634 859 556 678 440 764 641 544 537 576 527 445 666 391 617 599 593 739 802 700 728 678 539 746 637 765 679 603 786 595 740 664 516 782 575 624 741 554 599 723 559 685 712 811 818 648 518 463 573 688 668 924 778 727 387 714 655 530 729 592 781 731 619 677 668 559 673 761 794 725 704 613 792 608 462 615 828 429 692 484 718 631 556 619 640 634 748 598 633 809 590 711 531 631 556 647 605 511 507 643 834 467 566 667 475 770 715 361 450 555 859 461 561 593 436 756 708 571 598 828 568 630 542 589 583 568 633 1278 900 26 906 0 863 1257 878 1261 898 1251 15 920 18 1277 904 23 1269 886 930
607 583 652 499 612 600 709 661 482 722 602 556 623 654 650 595 555 409 619 580 606 579 675 675 685 511 613 778 471 763 702 706 473 593 627 641 823 611 507 641 657 536 404 601 693 636 746 559 698 695 735 733 491 707 712 541 610 564 679 687 549 531 543 671 798 635 622 652 719 766 573 544 755 591 477 685 711 573 678 652 664 740 792 603 727 652 663 528 581 711 584 493 635 599 603 709 590 786 558 578 750 754 598 565 602 671 733 566 815 469 689 686 472 728 488 857 668 460 646 617 471 587 446 751 687 526 687 711 869 672 778 643 612 583 314 593 580 379 656 733 698 550 528 496 598 589 737 528 517 602 805 638 584 658 723 536 619 641 515 598 835 643 554 743 707 544 578 582 630 766 569 574 659 695 653 506 688 626 643 649 712 897 39 857 1225 863 0 878 21 877 1233 866 866 1264 879 894 48 867 887 1240 1276
623 625 567 729 665 600 566 663 655 558 634 766 566 704 634 758 773 532 496 757 754 638 577 647 640 636 555 464 657 597 607 736 577 793 608 550 541 709 650 731 567 597 606 554 713 631 652 716 666 716 794 738 676 519 641 421 701 581 821 501 620 722 727 688 786 812 591 866 661 699 665 526 484 557 558 588 735 514 628 494 582 683 520 661 538 596 745 491 682 651 517 724 659 533 698 588 546 490 450 610 770 823 683 571 588 332 501 533 922 574 613 736 559 689 507 623 644 613 592 698 612 497 518 564 562 653 471 667 892 649 467 828 565 775 667 625 702 717 621 650 520 663 632 480 666 546 752 634 714 610 714 747 751 618 437 803 691 591 803 487 623 896 817 731 405 807 696 664 821 538 551 687 664 435 692 641 725 668 676 691 642 22 863 1270 861 1257 878 0 863 7 881 13 1248 904 1262 21 902 1243 13 904 912
606 583 649 502 612 598 707 661 482 719 601 560 620 656 649 599 560 401 614 584 610 579 672 675 685 511 610 773 471 761 700 709 470 598 626 638 819 613 507 643 655 534 401 598 695 636 746 562 698 697 739 735 492 703 712 531 612 562 684 682 548 534 546 672 801 640 620 659 719 767 574 539 750 588 473 683 713 568 677 647 661 740 788 604 724 650 666 522 582 710 580 496 636 595 605 707 586 781 551 576 753 759 599 563 600 662 728 561 822 465 688 689 467 729 482 855 667 458 645 619 469 582 438 748 684 526 682 711 874 672 772 649 609 587 312 593 582 381 655 732 694 551 527 489 599 585 740 528 520 601 806 642 588 657 717 542 621 639 521 593 833 651 560 745 700 550 580 583 636 762 566 576 659 688 654 505 690 627 643 651 712 881 22 872 1223 878 21 863 0 862 1232 851 880 1264 893 878 47 881 871 1240 1276
627 630 571 732 670 604 571 668 658 564 638 770 570 708 638 762 777 533 501 761 758 642 582 652 645 640 559 470 660 602 612 741 580 797 612 555 547 713 653 735 572 600 608 558 718 635 657 720 671 721 799 743 679 524 646 424 705 585 825 506 624 726 730 693 791 816 596 870 666 705 669 530 489 561 560 593 740 518 633 498 587 689 526 665 543 601 750 494 686 656 521 727 663 537 702 594 550 496 453 614 775 828 687 575 593 337 506 537 928 577 618 741 562 694 510 629 649 616 596 702 614 501 520 570 567 656 476 672 898 654 473 832 569 779 668 629 706 720 626 655 526 667 636 483 670 550 757 638 718 614 720 751 755 623 442 807 695 596 807 491 629 900 820 736 410 811 700 668 825 544 555 691 669 440 697 645 729 673 680 696 648 20 862 1274 868 1261 877 7 862 0 888 11 1252 911 1266 17 901 1247 9 911 919
626 649 587 748 623 634 531 574 751 521 631 706 616 588 583 664 710 865 641 679 652 654 563 558 548 721 628 512 762 474 532 544 767 683 606 602 437 632 726 609 582 699 835 640 550 596 487 685 537 549 540 517 744 547 521 774 631 672 613 573 684 715 704 567 468 651 613 669 515 471 661 708 520 650 769 551 539 682 555 609 573 496 472 631 522 582 592 741 656 522 668 751 599 648 638 528 654 491 731 656 511 535 640 673 633 696 531 682 546 773 544 564 775 509 779 381 565 775 588 624 763 674 825 493 554 708 586 523 462 561 510 653 627 684 921 639 661 858 577 500 555 684 705 785 637 655 517 704 726 631 434 617 673 575 573 743 620 594 763 667 401 701 734 504 607 738 662 653 661 487 673 664 576 599 586 727 559 609 594 590 521 893 1247 923 22 898 1233 881 1232 888 0 885 883 32 889 895 1278 875 891 26 44
617 620 562 722 660 594 562 659 647 555 628 760 561 699 629 752 766 522 491 751 748 632 573 643 636 629 550 462 649 594 603 732 569 787 603 545 540 704 642 726 562 590 597 548 709 626 649 710 662 712 791 734 669 516 637 413 695 574 816 497 613 715 720 684 783 806 586 860 657 696 659 519 481 551 550 584 731 508 624 489 578 680 519 656 535 592 741 483 676 647 511 717 654 528 692 585 540 489 442 603 766 819 677 565 583 327 498 527 919 566 609 732 551 685 499 623 640 605 587 693 604 491 509 562 558 646 467 664 890 645 466 823 559 768 657 619 696 708 617 646 517 656 625 472 660 540 748 627 707 604 712 742 745 613 433 796 686 586 796 481 622 890 810 728 401 801 690 658 815 536 545 681 659 431 687 634 720 663 671 686 639 31 851 1264 865 1251 866 13 851 11 885 0 1243 909 1256 29 890 1238 21 908 916
625 624 684 542 583 649 697 589 619 708 615 490 682 547 617 492 484 802 752 494 495 611 677 608 617 627 693 820 622 688 654 525 703 457 641 699 774 539 615 518 684 660 712 695 545 618 626 537 594 542 474 533 595 742 624 853 547 671 430 754 634 538 530 566 514 436 657 383 606 587 585 731 792 692 723 668 528 738 627 756 670 591 775 587 730 654 506 775 567 614 733 548 590 715 550 675 703 800 811 640 506 451 565 681 660 916 767 719 374 708 645 520 724 581 775 719 609 671 658 550 667 754 789 714 694 607 782 597 448 605 817 420 683 477 716 623 548 616 630 623 738 591 627 803 582 703 520 624 549 639 593 502 499 634 824 462 557 658 469 762 703 353 444 544 850 455 554 585 427 745 700 564 588 818 559 624 532 580 574 559 623 1269 902 41 891 15 866 1248 880 1252 883 1243 0 905 14 1269 907 8 1261 871 915
658 681 619 779 655 666 563 605 782 553 663 737 648 619 615 695 741 897 673 710 683 685 594 589 579 753 659 542 794 505 564 575 799 714 638 633 468 664 758 640 613 731 867 672 582 628 519 717 568 581 570 548 776 579 552 805 663 704 643 605 716 746 736 599 498 682 645 699 547 503 693 739 551 682 801 582 570 713 587 641 605 528 503 663 553 614 623 772 688 554 700 783 630 679 669 559 686 522 762 687 542 565 671 705 665 725 562 714 573 805 576 595 807 541 810 412 597 807 620 655 795 705 857 524 585 739 617 555 489 593 540 683 659 715 953 671 693 890 609 532 587 716 737 817 668 686 548 736 757 663 466 648 704 607 603 774 652 626 794 698 433 730 764 535 637 769 694 684 692 518 705 695 607 629 618 759 590 641 625 621 552 916 1279 945 45 920 1264 904 1264 911 32 909 905 0 911 918 1310 897 914 34 12
639 637 697 556 596 662 710 602 633 721 628 504 696 560 630 505 498 816 765 508 508 625 690 621 630 641 706 833 636 700 667 537 717 471 654 712 786 552 629 531 697 674 726 708 558 632 638 551 607 555 486 545 609 754 636 867 561 685 443 767 648 552 544 579 525 450 670 396 619 599 599 745 804 706 737 681 540 752 640 769 683 604 787 601 742 668 519 789 581 626 747 563 603 729 564 687 717 812 825 654 518 463 579 695 673 929 780 733 385 723 658 533 738 594 789 730 622 686 672 564 682 767 803 726 707 621 796 610 458 618 829 433 697 491 730 637 562 630 643 635 751 605 641 817 596 716 532 638 564 652 604 515 513 647 837 476 571 671 484 776 714 367 458 556 863 470 567 599 441 758 714 577 601 831 572 638 545 593 587 572 635 1283 915 41 898 18 879 1262 893 1266 889 1256 14 911 0 1282 920 18 1274 877 921
643 646 587 749 686 620 586 684 675 578 654 787 586 724 654 778 793 551 517 777 774 659 598 668 660 657 576 483 677 616 627 757 597 814 628 571 559 730 670 751 587 617 625 574 734 651 672 737 686 737 815 758 696 539 661 441 721 601 841 521 640 743 747 708 805 832 612 886 681 719 685 547 503 577 578 609 755 535 649 514 603 703 539 682 558 617 766 511 703 671 538 744 679 554 718 609 566 509 470 630 790 843 704 591 609 353 520 554 942 594 633 757 579 709 527 642 665 633 612 718 632 517 537 584 583 673 492 687 912 669 487 849 585 795 685 646 723 737 642 670 541 683 653 500 687 567 772 655 734 630 734 768 771 638 457 824 711 612 824 508 642 917 837 751 425 828 717 685 841 558 572 707 684 455 713 662 745 689 696 712 663 4 878 1290 875 1277 894 21 878 17 895 29 1269 918 1282 0 917 1264 8 918 925
653 629 696 546 658 645 754 707 529 766 648 603 667 701 696 643 603 448 661 627 654 625 719 722 731 557 658 820 517 808 747 754 517 640 673 685 867 658 553 688 702 581 448 645 740 682 792 606 744 742 782 780 538 750 758 578 657 609 726 730 595 578 590 718 845 683 667 699 765 813 620 587 797 635 520 730 758 616 723 695 708 786 835 649 771 697 710 569 628 757 627 541 682 643 650 754 633 828 598 623 798 802 645 610 647 708 776 609 863 512 735 734 515 775 529 902 714 505 692 664 516 629 485 795 731 572 729 757 917 718 820 691 657 630 359 639 627 426 701 779 741 597 573 536 645 633 785 574 564 648 852 686 632 704 764 584 666 686 563 640 880 690 601 790 747 591 625 628 678 810 613 621 705 736 700 552 735 673 689 696 758 920 39 897 1270 904 48 902 47 901 1278 890 907 1310 920 917 0 909 910 1286 1322
620 619 679 539 578 644 691 583 616 703 610 486 677 542 612 487 480 799 747 490 490 607 672 602 612 623 688 814 618 682 649 519 700 453 636 694 768 534 611 513 679 656 709 690 539 613 620 533 589 537 468 527 591 736 618 849 542 666 425 749 630 534 526 560 508 431 652 378 600 581 581 727 786 687 719 663 522 734 621 750 665 585 769 582 724 649 500 771 563 608 728 545 585 710 546 669 699 794 807 636 500 445 560 676 655 911 762 715 367 705 640 514 720 575 771 712 604 668 653 545 664 749 786 708 689 603 777 591 441 600 811 415 678 472 714 619 543 614 625 617 732 587 623 799 577 698 513 620 546 634 586 496 495 628 819 458 552 653 466 758 696 349 441 537 844 452 549 580 422 739 696 559 583 813 553 620 526 575 569 554 617 1264 903 49 883 23 867 1243 881 1247 875 1238 8 897 18 1264 909 0 1256 863 907
636 638 579 741 678 612 579 676 667 571 646 779 579 716 646 770 786 543 509 770 767 651 590 660 653 649 568 476 669 609 620 749 589 806 621 563 553 722 662 744 580 609 617 566 726 644 664 729 679 729 807 750 688 532 654 433 713 593 834 514 633 735 739 701 798 825 604 878 674 712 677 539 496 570 570 601 748 527 641 507 595 696 533 674 551 609 758 503 695 663 530 736 672 546 711 601 558 503 462 622 783 836 696 584 601 345 513 546 935 586 626 749 571 702 519 635 657 625 605 711 624 510 529 577 575 665 484 680 905 662 480 841 578 787 677 638 715 729 634 662 533 675 645 492 679 559 765 647 726 622 727 760 764 631 449 816 704 604 816 500 636 909 829 744 418 820 709 677 834 551 564 699 677 448 705 654 737 681 688 704 655 10 871 1282 871 1269 887 13 871 9 891 21 1261 914 1274 8 910 1256 0 914 921
634 657 598 753 630 643 542 580 758 533 639 709 626 593 591 667 713 877 654 682 655 661 573 565 555 729 638 528 769 484 541 547 777 685 615 613 452 637 733 613 592 708 845 651 555 604 494 690 543 554 540 520 751 560 528 789 636 682 613 587 692 719 709 573 468 652 622 668 522 477 668 719 535 661 780 561 542 694 563 623 583 502 487 638 534 592 595 753 662 530 680 756 605 659 643 538 665 507 745 664 513 534 645 683 642 713 545 694 540 784 553 568 785 514 791 392 573 784 598 629 772 687 837 505 565 715 601 530 456 569 526 653 637 686 930 647 666 865 585 508 568 691 713 798 643 666 520 712 731 639 439 620 676 583 589 745 625 603 765 680 412 699 735 508 623 740 667 659 662 500 684 670 582 614 592 735 562 616 600 595 528 916 1256 911 47 886 1240 904 1240 911 26 908 871 34 877 918 1286 863 914 0 45
670 693 631 791 667 678 575 617 794 564 675 750 660 631 627 708 753 908 684 723 695 697 606 602 591 765 671 553 806 517 576 587 811 726 650 645 479 676 770 653 625 743 879 684 594 640 531 729 581 593 582 560 788 590 564 816 675 716 655 616 728 758 748 611 510 694 657 711 559 515 705 751 562 694 813 594 582 725 599 652 616 540 514 675 565 626 635 784 700 566 712 795 643 691 681 571 697 533 773 699 554 577 683 717 677 735 574 726 585 817 588 608 818 553 822 424 609 818 632 667 807 717 868 536 597 752 629 567 500 605 551 695 670 727 965 683 705 902 621 544 598 728 749 828 681 698 560 748 770 675 478 660 716 619 614 786 664 638 806 710 445 742 776 548 647 781 706 697 704 529 717 708 620 640 630 771 602 653 637 633 564 923 1291 956 55 930 1276 912 1276 919 44 916 915 12 921 925 1322 907 921 45 0
