300 20
0 416 541 332 450 470 322 417 424 473 620 381 117 479 377 273 92 278 239 510 566 468 225 264 441 556 426 421 422 396 259 561 249 376 666 435 210 377 427 404 317 483 487 395 466 457 554 243 154 376 355 317 293 508 257 444 358 250 416 115 500 256 285 262 462 532 432 569 199 488 520 472 461 334 171 416 464 355 425 361 90 351 116 430 159 453 22 490 591 519 366 368 129 448 156 46 551 387 675 308 431 409 351 327 415 207 341 688 463 330 495 424 434 554 240 392 124 454 304 339 561 446 666 203 481 594 419 479 316 509 407 630 482 335 512 288 524 176 473 402 395 138 564 454 368 360 293 208 203 424 48 451 512 503 122 284 565 483 464 506 634 413 429 335 185 286 437 609 123 253 303 337 507 437 150 104 385 508 254 431 447 289 498 460 431 64 363 380 246 595 426 503 381 601 175 602 637 524 450 341 9 477 433 551 510 250 540 305 219 525 391 190 235 459 341 660 270 441 320 630 99 441 375 557 483 559 530 445 427 274 598 419 265 473 438 187 124 180 513 345 294 343 378 246 196 484 531 650 139 405 428 283 431 477 589 472 242 343 357 291 350 174 525 343 494 433 610 430 561 470 347 307 309 277 356 402 231 243 605 578 432 355 504 522 467 277 423 80 231 497 573 617 473 353 584 155 355 375 494 439 553
416 0 901 397 427 100 645 514 748 237 624 448 520 778 766 604 329 551 177 795 927 178 324 350 506 742 310 624 610 319 160 186 368 106 898 269 206 564 792 343 103 80 829 797 360 253 233 315 569 327 555 308 162 847 551 772 61 641 407 328 915 590 138 223 704 151 840 944 444 383 931 560 667 348 397 829 613 188 384 763 444 755 329 551 355 431 413 865 978 544 50 603 543 652 562 461 965 772 328 625 793 503 196 558 306 485 605 1080 787 175 524 143 831 950 192 578 527 453 719 656 755 518 308 221 181 996 834 739 364 609 526 317 851 738 884 679 526 373 548 510 787 321 348 529 644 105 219 624 268 833 370 549 427 322 456 643 442 843 55 422 285 318 713 445 384 617 813 845 481 216 399 348 460 788 327 377 790 109 556 16 663 250 786 561 465 361 602 497 229 865 669 787 501 558 439 225 339 720 250 570 409 886 846 596 289 299 748 381 482 868 694 569 392 502 367 341 642 112 235 599 378 839 482 496 523 949 466 64 769 511 1003 535 625 87 37 603 467 241 339 724 222 439 250 547 496 900 852 589 554 79 725 594 384 387 252 281 328 595 485 206 713 427 861 488 909 26 843 540 960 845 99 414 107 250 739 759 557 210 860 221 774 768 377 689 136 154 809 493 330 132 541 850 813 670 964 555 96 215 644 854 763
541 901 0 570 650 980 667 910 168 833 664 557 512 185 180 641 627 361 748 814 26 998 763 574 555 955 729 376 399 935 769 1074 778 821 988 769 709 832 626 941 798 979 85 210 730 997 1083 598 452 914 405 641 820 721 681 144 855 521 633 582 314 632 764 800 838 1041 225 65 459 735 260 957 872 618 692 407 917 757 664 227 587 244 657 909 546 649 557 69 124 609 858 789 433 367 394 504 330 555 1201 671 110 906 888 769 721 417 325 218 727 863 1001 950 524 156 764 843 512 629 358 250 952 944 1189 727 879 212 373 829 590 514 892 1163 63 478 49 521 636 705 964 509 532 679 1105 949 748 878 831 390 743 453 585 515 724 805 608 262 778 59 935 721 1159 953 238 522 710 284 112 943 584 687 825 871 684 113 575 530 470 1008 670 916 349 830 803 512 590 604 348 501 674 890 310 811 873 712 674 1115 1173 923 990 372 542 230 419 592 840 615 924 832 421 723 724 550 756 580 605 1193 568 876 860 709 634 522 875 714 987 126 708 904 677 407 227 903 282 926 910 413 600 671 1054 198 833 535 731 669 405 354 770 752 461 857 215 309 671 1013 1115 1012 586 339 853 828 605 680 78 833 342 924 946 502 178 84 808 535 805 818 191 634 344 691 918 1099 130 418 759 419 988 796 140 469 768 929 688 953 702 238 96 389 813 754 444 383 932
332 397 570 0 120 495 653 703 403 265 295 59 435 412 489 605 330 216 324 842 594 551 470 75 126 878 159 233 216 595 338 583 515 295 996 200 288 691 744 613 315 475 487 543 170 594 624 113 440 586 173 90 406 833 588 427 377 562 89 236 697 588 290 428 791 548 593 626 165 183 688 759 784 53 469 667 772 215 108 513 420 514 369 726 175 123 350 556 673 193 371 693 390 260 376 352 744 692 725 641 477 693 488 649 152 196 245 777 792 455 761 504 724 664 363 707 442 122 540 324 884 725 705 342 318 721 655 810 33 222 701 709 535 624 569 596 194 459 755 114 693 386 707 735 699 427 454 455 406 691 326 158 192 238 451 355 249 518 411 187 682 605 346 52 474 308 511 940 455 203 572 570 177 461 195 228 664 504 585 409 272 474 830 170 102 340 228 100 192 927 288 835 672 269 491 621 728 846 588 200 324 638 686 236 270 120 866 565 183 848 723 515 517 135 36 735 592 332 489 299 396 729 661 226 752 652 202 375 753 168 731 713 343 389 391 448 455 264 676 441 458 43 170 577 220 702 860 318 429 330 364 275 115 682 647 619 105 232 649 443 671 485 512 639 704 423 940 145 681 538 299 38 340 464 459 724 267 219 937 618 441 618 205 293 521 371 522 358 479 379 240 948 798 334 652 359 301 199 248 676 879
450 427 650 120 0 527 771 801 482 232 204 96 555 476 592 723 437 317 401 959 673 597 566 186 104 987 122 281 259 673 410 606 614 321 1110 171 372 798 865 693 367 498 565 649 91 654 660 215 560 667 245 153 476 953 702 505 423 683 33 347 806 706 352 510 904 572 699 710 284 88 793 857 894 120 577 783 876 241 43 620 536 623 474 827 290 4 466 645 761 117 415 804 511 300 495 471 852 813 749 758 567 791 556 759 123 311 329 864 911 524 852 553 844 759 443 814 562 29 656 415 994 821 726 429 299 817 770 925 134 198 801 744 623 743 655 716 101 564 852 142 813 489 763 831 814 482 532 574 499 809 439 153 77 169 566 460 135 603 426 73 708 681 414 144 579 410 605 1054 572 277 669 658 57 547 306 345 783 525 700 435 317 556 947 162 61 451 302 149 270 1044 346 952 773 157 601 641 765 956 649 280 441 743 803 170 213 214 977 660 298 968 840 634 620 87 110 768 712 337 566 193 507 849 759 107 844 743 81 388 873 271 829 813 451 393 410 568 571 356 740 543 536 130 177 692 335 815 979 203 550 350 436 376 44 758 678 681 211 313 750 520 791 595 584 742 816 452 1054 157 777 629 338 154 398 547 561 844 377 295 1053 644 524 736 112 300 561 442 620 478 575 371 131 1061 918 423 737 478 337 212 254 791 991
470 100 980 495 527 0 657 481 832 330 724 548 564 866 836 620 380 637 235 789 1006 92 330 444 606 714 410 719 706 273 215 94 366 206 874 368 272 547 811 295 187 47 911 862 459 181 133 407 618 287 649 406 182 856 562 856 126 675 508 400 969 608 220 234 691 62 902 1020 529 481 990 521 647 447 415 874 583 288 484 828 482 819 369 520 436 531 464 940 1050 644 127 595 600 748 623 516 1019 799 231 637 871 470 170 553 406 568 694 1151 792 166 474 82 863 1018 231 560 570 553 772 740 728 478 213 267 268 1062 882 728 462 709 498 216 928 775 960 711 627 390 506 608 818 355 259 489 643 112 216 678 292 872 423 648 525 416 487 719 538 922 117 521 187 266 802 542 399 698 888 824 515 306 383 320 560 868 406 450 827 50 569 93 757 243 781 660 565 410 693 595 319 853 762 781 475 656 457 135 238 695 180 662 465 947 889 697 380 392 724 364 567 877 698 602 394 603 466 241 669 203 217 698 414 871 455 595 475 1020 565 149 781 600 1067 504 700 159 122 655 499 310 260 797 218 537 350 560 576 950 854 687 604 178 812 677 484 323 152 206 420 686 463 208 733 445 944 470 961 75 822 639 1027 920 196 510 175 248 811 776 636 297 843 123 856 811 475 788 45 193 881 550 335 204 641 828 822 754 1038 619 195 315 743 901 739
322 645 667 653 771 657 0 298 622 771 937 700 225 690 490 48 355 555 482 190 686 610 327 586 757 289 741 703 710 442 494 726 293 647 356 743 475 195 159 432 571 688 651 460 784 551 683 563 252 418 648 636 485 203 95 634 585 146 738 430 457 65 548 426 173 708 465 663 507 808 508 326 206 655 248 322 264 651 746 440 238 423 334 278 481 774 305 599 656 836 597 134 299 725 336 304 495 176 795 20 578 299 491 139 730 502 607 723 146 491 390 583 247 599 456 198 219 776 311 566 287 331 798 434 764 609 351 173 637 814 273 732 605 210 622 149 843 273 339 715 203 333 617 331 82 553 441 293 377 293 338 761 833 814 211 483 884 621 700 827 763 460 662 652 261 516 557 302 200 551 296 367 828 599 469 426 248 705 89 659 719 414 177 769 751 331 638 692 549 276 686 183 268 922 207 761 728 256 546 624 330 491 327 865 815 568 260 313 515 223 71 147 264 777 662 760 99 709 443 950 286 255 281 879 376 620 852 694 124 569 606 280 470 723 677 276 204 462 558 488 439 662 687 98 482 416 214 971 254 666 651 531 752 480 719 549 563 615 258 450 95 218 688 239 433 652 304 739 594 583 612 626 548 409 487 123 486 537 291 727 608 275 822 805 632 492 527 309 322 758 893 311 168 576 663 353 620 677 787 358 269
417 514 910 703 801 481 298 0 825 713 997 761 400 886 731 295 378 695 414 343 933 405 236 628 826 233 728 836 836 211 412 521 188 564 395 711 433 106 447 191 484 523 875 719 780 322 456 591 458 194 768 649 364 446 238 843 465 412 770 472 746 296 479 310 233 515 736 920 608 806 792 56 178 682 247 615 103 606 765 692 339 676 337 39 539 805 396 848 923 896 479 172 484 864 526 434 788 474 549 282 808 11 320 160 719 623 758 1001 380 339 94 399 545 871 372 109 399 816 576 748 247 34 559 376 679 890 640 275 676 909 26 481 848 500 871 432 894 249 56 797 501 318 350 38 235 409 301 521 304 590 396 847 842 781 311 679 881 857 565 837 526 222 842 723 236 694 799 348 331 529 133 167 855 822 511 499 544 530 250 523 863 270 337 858 804 377 780 776 534 387 843 335 37 958 246 546 470 216 319 756 421 768 622 938 765 589 246 144 633 467 295 364 188 838 696 505 375 612 279 994 323 553 43 903 80 888 872 576 393 688 889 25 662 601 551 497 317 445 294 715 298 728 662 248 613 709 425 1003 451 567 838 696 769 205 488 308 598 760 60 315 393 245 914 78 725 509 344 828 870 829 529 690 452 274 720 411 644 511 371 508 824 561 812 936 443 390 775 461 226 645 933 350 421 761 926 536 535 638 904 650 260
424 748 168 403 482 832 622 825 0 667 512 390 428 69 172 587 501 199 605 792 192 858 648 412 390 908 561 215 237 818 626 926 672 663 969 603 565 761 622 827 647 827 85 236 562 867 942 439 378 799 238 477 683 722 613 25 706 479 466 441 391 575 613 670 795 892 278 227 304 568 355 876 819 452 589 436 849 595 497 227 488 241 535 830 396 482 443 169 280 449 707 728 343 211 301 395 425 552 1058 622 98 819 755 700 554 264 157 382 713 729 911 810 542 288 627 774 430 462 342 92 908 857 1044 591 715 348 408 794 424 359 810 1024 145 469 175 490 475 598 881 342 536 559 978 864 699 735 702 330 617 479 462 353 557 637 514 146 612 121 779 554 1015 835 80 354 606 140 144 918 495 532 724 761 519 71 427 390 479 856 604 762 194 705 781 351 424 482 180 334 519 875 151 789 788 553 580 967 1037 875 860 205 423 309 453 437 672 455 882 727 265 729 688 486 655 416 438 1054 526 715 733 554 522 542 786 551 898 267 543 746 663 243 362 822 163 766 754 347 509 527 931 145 703 367 566 601 257 419 767 595 381 699 56 155 503 901 973 885 426 172 766 697 581 583 113 748 412 772 921 337 308 157 652 368 657 693 155 621 201 538 899 953 45 422 592 277 844 656 173 365 655 768 528 928 696 78 256 289 657 590 293 425 891
473 237 833 265 232 330 771 713 667 0 407 293 590 677 737 724 417 475 305 945 858 414 489 266 331 928 114 492 472 540 302 394 540 151 1072 66 299 740 897 563 228 292 752 785 145 489 461 256 619 543 437 195 350 970 685 691 261 723 227 358 928 708 236 403 868 363 833 887 393 162 928 764 843 215 535 873 804 120 195 752 538 750 439 746 339 235 481 815 932 343 248 765 578 515 580 511 978 860 533 754 737 701 413 718 117 434 510 1037 917 385 740 379 906 918 343 756 597 260 750 585 939 723 509 350 69 972 869 898 244 430 720 539 796 806 829 760 320 515 754 355 868 443 585 735 792 324 414 655 420 889 441 380 205 87 561 603 209 780 216 201 495 543 611 316 529 562 768 1017 578 222 585 550 246 723 330 388 853 315 687 239 530 444 934 390 286 443 493 352 227 1024 551 937 692 333 572 424 564 901 485 465 465 879 892 396 53 241 927 570 425 989 832 659 556 318 230 560 739 127 441 374 485 913 675 272 736 909 245 181 889 427 982 730 588 176 208 641 570 309 575 690 417 304 106 678 454 925 985 359 605 160 629 531 191 616 472 516 265 496 672 400 817 561 777 670 931 258 1016 379 933 796 185 299 262 439 707 869 511 235 1025 434 704 817 150 529 371 323 774 532 498 144 321 1023 934 596 912 567 178 98 482 890 942
620 624 664 295 204 724 937 997 512 407 0 240 713 479 661 890 625 413 603 1126 682 798 763 370 180 1172 314 301 281 876 613 798 809 520 1286 357 573 985 1011 895 570 691 582 725 266 857 857 406 705 870 315 354 680 1104 878 530 625 831 231 531 887 873 555 712 1082 765 773 729 430 246 860 1053 1078 316 764 893 1067 442 246 703 710 710 664 1021 467 199 640 681 786 102 616 985 653 301 628 633 927 951 939 926 609 987 759 942 319 442 392 881 1070 727 1051 755 971 800 645 1002 720 183 770 477 1178 1018 915 629 476 860 873 1099 321 154 995 939 656 875 684 860 104 754 1049 224 947 681 965 1028 989 685 735 702 697 926 619 183 202 325 742 547 214 630 617 206 899 884 433 285 769 495 653 1230 743 479 865 858 164 583 490 518 907 717 874 631 319 758 1114 178 193 634 355 246 471 1213 361 1120 967 83 785 830 962 1140 852 350 613 812 912 79 370 409 1159 857 428 1118 1008 793 812 162 301 962 866 526 769 52 691 975 955 136 1043 778 162 580 1028 381 874 1007 544 581 604 702 745 554 943 617 738 277 377 867 465 905 1136 97 697 546 457 463 244 961 872 884 399 377 943 722 943 779 588 934 902 649 1230 205 821 670 540 314 601 749 634 994 485 497 1225 837 558 855 258 247 760 646 678 631 772 551 86 1238 1071 479 759 610 538 411 220 893 1172
381 448 557 59 96 548 700 761 390 293 240 0 479 389 495 653 386 221 383 889 581 607 528 133 66 932 181 199 179 654 396 633 573 344 1047 228 348 746 784 672 370 525 473 553 173 652 678 172 477 645 152 142 464 875 638 413 432 602 76 292 711 635 347 487 843 599 603 616 199 178 697 817 837 101 525 691 828 263 107 525 470 528 425 783 227 97 400 551 666 138 426 745 427 222 408 397 757 729 776 688 472 750 546 702 176 221 234 770 836 514 819 560 756 663 422 762 486 84 565 319 938 783 755 401 353 721 677 860 91 164 758 763 529 657 561 634 143 516 813 63 728 443 764 793 749 484 513 486 465 719 379 101 173 249 502 364 231 509 459 169 734 665 325 51 530 314 510 990 504 261 630 629 145 453 251 278 695 554 635 459 237 533 877 113 52 394 210 59 251 975 260 883 729 224 544 671 782 900 646 186 374 647 711 177 288 179 919 623 207 889 771 559 574 78 82 789 634 376 548 249 451 761 718 190 811 649 171 421 796 176 733 770 355 433 439 481 505 323 735 447 517 39 210 627 245 720 904 273 468 378 345 280 114 742 699 677 164 219 706 502 713 539 494 696 721 475 991 92 681 534 352 74 397 523 465 765 283 278 986 669 431 646 202 243 576 430 524 398 537 419 194 999 840 328 644 390 353 242 197 698 932
117 520 512 435 555 564 225 400 428 590 713 479 0 492 335 180 191 332 343 414 536 548 270 373 534 492 540 480 487 438 360 650 272 490 581 552 320 333 312 440 426 582 475 334 579 521 633 356 63 415 424 430 382 398 188 444 461 133 522 232 409 164 396 338 386 624 362 528 283 600 439 449 398 444 186 310 421 472 534 303 86 289 196 402 269 558 111 452 539 613 470 305 85 504 127 84 459 269 753 217 408 395 425 273 530 276 387 628 357 410 489 507 318 493 334 346 7 557 212 358 493 433 747 301 597 524 318 395 423 589 384 701 450 220 475 170 622 205 455 490 278 210 617 439 288 452 365 130 277 313 154 536 621 619 98 282 675 458 571 616 714 457 454 430 206 305 402 525 72 369 315 368 612 422 265 213 271 606 180 536 499 353 402 544 530 160 417 467 364 501 469 408 363 702 163 690 705 458 514 401 126 402 326 640 627 365 469 323 290 413 297 80 248 554 448 731 157 555 385 728 151 325 363 662 476 504 636 555 318 343 526 395 266 583 546 105 89 294 562 316 366 440 495 176 257 387 425 751 52 517 447 315 540 509 668 530 353 394 341 368 237 169 513 323 398 535 527 514 496 433 460 406 414 343 321 289 266 359 516 663 424 248 617 583 554 373 380 83 272 610 673 534 363 370 537 140 467 492 562 336 481
479 778 185 412 476 866 690 886 69 677 479 389 492 0 237 654 550 229 645 861 204 898 702 433 378 975 567 197 219 869 665 959 727 687 1037 611 604 825 691 879 679 857 105 299 562 912 981 464 444 851 239 492 724 791 678 67 740 547 464 483 448 641 646 716 862 925 338 250 338 564 407 938 885 463 647 502 913 615 496 293 547 308 587 892 432 476 499 210 308 427 740 793 407 184 365 453 479 620 1094 689 153 879 800 764 561 302 173 403 781 772 970 849 610 327 669 838 494 454 410 140 975 918 1078 634 729 387 473 862 437 330 872 1064 185 538 208 559 454 654 942 335 604 611 1025 924 766 773 748 397 666 546 514 335 548 638 575 210 601 157 805 546 1051 885 66 361 662 193 198 986 557 561 781 814 506 123 465 434 547 887 669 792 166 753 850 331 416 535 183 330 548 944 131 857 849 528 640 1000 1077 942 905 213 477 365 519 407 676 480 949 784 300 797 756 552 712 402 447 1093 594 735 780 524 577 610 847 533 958 302 530 771 732 267 401 884 226 789 781 414 570 567 979 213 750 373 580 666 299 479 835 567 446 724 54 199 502 953 1010 931 451 184 826 742 650 643 111 809 471 803 989 323 349 203 680 381 692 741 222 690 250 569 967 988 101 490 588 234 880 696 231 425 708 786 505 996 765 126 280 352 684 606 259 489 959
377 766 180 489 592 836 490 731 172 737 661 495 335 237 0 462 467 275 601 644 202 844 593 472 515 778 645 361 380 766 622 929 604 698 821 678 564 652 463 770 663 841 167 65 659 835 930 486 274 744 356 543 667 562 501 170 715 343 568 438 226 453 628 639 662 898 112 194 345 670 202 777 694 530 518 265 737 644 595 57 413 73 493 729 417 592 391 117 214 584 719 609 260 366 224 336 267 392 1050 493 93 727 729 589 636 304 272 315 560 707 822 798 375 184 612 663 335 577 185 185 776 765 1039 574 773 235 236 655 500 508 713 1007 117 311 140 346 607 533 785 463 373 515 939 770 570 729 670 210 580 309 424 487 669 726 432 135 726 131 806 665 1008 784 245 450 537 182 68 773 407 561 650 699 637 120 441 388 314 869 490 781 351 665 634 488 539 441 307 448 549 724 307 642 694 690 498 971 1015 746 827 319 380 153 282 583 754 502 748 657 313 567 549 370 582 541 521 1037 391 758 697 697 465 374 696 676 809 184 663 778 510 322 245 724 149 803 780 234 423 528 886 48 671 464 632 489 285 249 609 735 283 733 223 216 602 841 963 848 475 288 674 669 433 504 201 654 244 787 776 468 197 98 679 451 664 654 30 467 226 561 750 950 138 258 693 440 839 646 46 301 597 814 662 783 539 182 206 222 685 648 448 253 756
273 604 641 605 723 620 48 295 587 724 890 653 180 654 462 0 308 511 438 237 662 578 290 537 710 321 693 659 666 418 450 693 261 602 401 696 430 199 191 410 527 649 620 438 736 524 654 514 212 393 603 588 445 247 65 600 543 122 690 382 451 17 503 388 209 673 448 642 460 759 499 330 233 607 207 320 278 605 698 415 190 399 288 281 433 726 257 575 638 788 555 148 257 682 295 257 493 191 768 37 548 294 457 137 682 456 564 710 193 455 389 548 261 583 414 206 174 728 290 527 321 329 769 390 718 598 345 215 589 768 272 707 579 205 598 137 796 232 342 668 215 288 596 331 112 515 404 259 336 297 290 714 785 767 164 445 836 593 658 779 734 437 623 605 222 476 530 346 151 504 272 342 780 568 421 378 250 668 55 618 676 380 225 723 703 284 595 645 501 323 645 231 262 874 165 728 704 288 518 580 282 477 328 818 768 520 295 288 469 266 118 104 231 729 614 735 80 665 409 902 240 269 272 830 375 603 803 651 166 523 596 281 432 680 636 240 156 416 537 457 403 614 639 62 437 414 262 923 212 622 613 490 704 463 690 524 514 572 248 413 115 177 658 228 430 612 347 692 580 558 568 579 505 373 457 156 443 490 336 696 575 266 774 762 598 450 502 263 287 715 845 355 211 537 644 312 576 630 742 355 306
92 329 627 330 437 380 355 378 501 417 625 386 191 550 467 308 0 334 152 534 653 377 156 255 450 550 389 466 463 318 170 469 193 302 676 389 129 361 483 329 235 393 569 486 436 370 463 223 240 301 395 290 202 554 273 522 270 317 404 94 590 292 205 173 470 441 524 658 236 460 611 434 457 317 140 500 442 297 406 452 123 442 41 398 161 441 85 578 681 523 279 368 221 494 247 137 640 452 583 338 517 368 262 322 379 258 399 779 501 239 445 332 507 645 149 377 198 448 393 412 557 402 574 112 414 685 506 493 306 531 373 539 569 411 600 355 523 130 432 420 464 63 479 412 384 268 204 298 117 504 44 469 490 460 145 366 538 569 379 484 542 335 496 346 144 361 525 620 163 196 251 268 493 520 135 125 462 419 273 345 496 204 523 480 432 31 415 398 194 616 482 527 345 594 165 510 548 519 363 388 88 569 517 562 460 224 540 248 266 572 419 248 190 464 328 570 326 367 233 627 71 514 335 543 435 650 514 364 472 318 690 385 347 392 354 276 154 108 431 433 206 352 332 265 254 572 570 641 225 327 498 351 411 403 497 386 227 397 321 202 403 158 606 310 582 345 619 450 653 558 270 313 223 193 444 453 301 182 621 487 514 438 472 562 375 186 513 172 164 420 567 627 518 426 673 246 278 321 528 525 554
278 551 361 216 317 637 555 695 199 475 413 221 332 229 275 511 334 0 417 741 386 669 490 214 248 821 374 149 156 651 436 730 522 464 911 412 375 651 605 663 451 630 282 332 385 687 752 240 306 635 99 281 497 702 516 224 511 431 293 258 491 495 417 493 717 697 382 413 110 395 476 750 726 261 449 481 738 397 320 304 361 308 374 708 203 318 300 341 458 323 511 632 256 173 224 267 536 543 865 547 262 687 574 596 366 76 64 563 675 545 772 620 559 448 443 665 337 304 357 111 824 724 850 409 519 504 464 726 232 270 685 835 321 464 355 456 342 451 751 196 536 397 800 732 619 544 524 292 447 513 304 230 394 454 392 143 452 306 580 390 822 666 167 175 462 93 295 856 382 334 579 603 364 249 237 212 495 659 509 565 170 532 729 235 267 324 86 178 321 828 148 736 659 427 452 772 849 787 680 70 274 426 500 335 485 256 800 578 72 714 625 407 511 273 250 864 471 516 557 441 374 562 653 406 760 436 391 547 629 48 515 697 136 568 556 296 391 339 757 227 526 189 372 504 82 502 738 475 301 501 175 59 327 737 781 707 227 65 635 517 544 452 312 620 502 575 857 208 464 323 454 179 463 520 245 593 73 341 845 759 231 442 418 251 651 468 306 250 497 569 398 865 670 123 438 205 459 393 233 484 812
239 177 748 324 401 235 482 414 605 305 603 383 343 645 601 438 152 417 0 646 774 253 185 255 449 624 315 520 511 273 21 328 235 166 768 297 41 435 623 292 89 244 682 628 368 276 337 214 392 266 447 250 84 685 391 629 119 466 372 166 739 423 68 109 565 297 668 786 307 394 757 468 538 289 237 652 501 192 361 593 269 585 154 445 213 405 236 707 815 507 127 462 368 549 389 285 790 598 453 463 638 403 165 415 306 343 477 916 627 134 453 204 655 783 43 451 349 420 543 513 634 428 441 48 284 827 657 596 292 545 419 419 695 561 727 503 499 214 460 434 612 150 390 439 493 130 132 448 116 656 193 481 433 368 283 486 469 690 228 427 410 282 584 360 228 468 653 713 307 124 283 259 450 637 180 218 613 270 394 193 556 155 636 493 417 183 483 416 133 723 552 639 390 554 277 369 432 597 269 453 233 714 668 555 355 204 622 270 345 705 538 394 251 454 306 449 469 227 166 593 204 663 374 496 447 785 465 215 604 385 833 429 467 244 203 426 294 78 354 562 135 359 248 385 349 723 694 596 377 184 591 451 364 359 368 299 225 471 369 120 542 265 716 367 733 194 712 466 793 686 130 325 71 147 576 591 406 106 722 351 626 590 399 603 240 52 646 318 194 277 531 719 649 528 804 385 138 224 562 676 637
510 795 814 842 959 789 190 343 792 945 1126 889 414 861 644 237 534 741 646 0 830 727 472 773 947 187 923 889 897 539 655 846 428 812 176 922 646 248 196 523 733 826 810 603 968 654 789 748 436 518 836 820 633 130 261 801 737 317 926 615 555 254 714 572 110 834 596 799 697 992 614 339 170 842 410 423 256 826 933 590 424 573 507 307 668 962 492 744 780 1025 750 195 485 910 520 494 580 262 890 201 736 350 620 238 912 691 791 829 89 628 413 710 312 720 614 238 408 964 459 744 175 366 897 599 931 717 457 68 825 1003 318 822 754 336 766 302 1033 432 357 904 288 502 693 360 153 696 579 466 534 381 522 950 1019 994 394 659 1069 774 850 1013 864 554 839 842 418 697 709 130 387 728 407 474 1016 760 655 614 350 839 261 807 903 549 12 958 940 513 824 881 727 87 869 8 331 1111 373 875 812 169 649 811 518 610 419 1054 991 753 149 426 704 146 119 335 403 966 850 847 272 872 572 1139 463 318 350 1066 401 746 1039 850 137 757 710 318 649 878 830 454 388 638 636 652 577 851 866 270 670 509 90 1160 440 827 826 714 938 548 823 644 749 800 335 591 212 384 846 323 526 798 133 928 710 731 777 815 707 547 648 180 671 713 106 839 773 397 1006 991 758 646 676 498 465 917 1082 140 126 753 793 538 784 853 974 456 147
566 927 26 594 673 1006 686 933 192 858 682 581 536 204 202 662 653 386 774 830 0 1024 788 600 578 974 753 398 420 960 795 1100 802 847 1004 794 735 854 640 966 824 1005 108 227 754 1023 1109 624 475 939 429 667 846 735 702 168 882 541 657 608 319 653 790 825 857 1067 237 54 485 759 263 979 892 643 716 419 938 783 688 246 611 263 682 931 572 672 582 87 112 630 884 809 458 388 419 529 332 570 1227 691 136 928 914 790 746 443 349 199 743 889 1024 976 536 153 790 864 536 651 376 276 970 967 1215 753 905 205 385 846 615 534 914 1189 86 494 64 539 657 730 987 532 546 705 1130 971 768 904 857 412 768 465 611 537 746 829 632 288 801 85 961 744 1185 978 260 546 734 310 134 959 607 713 849 896 706 139 601 557 484 1034 691 942 369 855 820 533 613 629 371 524 700 905 332 828 896 732 698 1142 1199 942 1015 397 568 238 430 611 864 641 942 856 447 736 742 572 781 602 629 1219 587 901 885 728 659 534 898 736 1010 121 731 930 693 433 220 926 308 952 936 436 624 697 1079 223 858 559 757 691 431 362 784 771 484 883 237 335 695 1038 1141 1038 612 364 875 854 622 704 94 856 348 950 963 524 175 104 834 560 832 843 215 650 371 717 933 1125 155 433 783 436 1014 822 160 494 793 955 708 969 716 263 83 414 839 779 463 394 950
468 178 998 551 597 92 610 405 858 414 798 607 548 898 844 578 377 669 253 727 1024 0 291 492 668 637 485 765 754 194 233 119 317 278 800 446 294 481 767 215 236 139 933 863 535 90 86 452 606 212 693 465 177 803 516 882 175 646 575 418 957 567 262 210 624 110 899 1032 559 559 983 440 577 506 381 853 507 356 554 829 462 819 357 444 466 601 458 953 1058 713 183 533 595 794 624 512 1007 763 207 589 887 394 124 494 480 596 729 1156 738 138 388 49 830 1022 233 492 552 622 760 766 652 398 199 270 355 1061 865 664 518 770 424 166 942 748 974 681 698 356 424 665 784 338 170 409 586 126 183 670 271 847 421 708 603 500 461 735 620 939 207 598 166 183 836 595 362 720 899 752 490 351 322 253 635 888 433 469 800 134 524 176 803 201 719 720 630 405 733 650 364 785 802 719 403 734 421 151 180 620 90 702 465 943 867 765 466 439 651 303 597 825 644 574 347 668 525 196 634 288 169 775 396 838 383 672 390 1026 642 236 731 636 1066 429 716 249 207 646 474 331 168 807 183 591 421 516 601 934 797 767 592 256 844 703 555 234 121 115 465 723 394 180 692 409 968 404 946 157 748 696 1029 932 259 561 212 209 820 731 658 338 773 118 878 790 555 841 47 202 889 548 293 294 716 754 771 780 1049 622 260 386 798 882 665
225 324 763 470 566 330 327 236 648 489 763 528 270 702 593 290 156 490 185 472 788 291 0 395 594 439 494 621 618 173 188 404 50 347 585 480 199 250 481 179 266 361 712 600 546 252 372 357 332 152 551 413 161 527 231 669 265 356 534 245 676 278 253 101 384 383 631 787 392 572 708 291 354 447 90 565 317 377 529 568 184 555 116 263 312 570 206 708 803 662 278 281 333 650 370 259 724 473 490 307 654 225 168 236 485 414 554 895 465 164 292 259 539 760 147 266 273 581 481 562 449 255 488 143 465 793 579 417 442 681 237 435 703 458 731 390 659 67 286 568 493 93 348 266 320 227 114 398 70 557 187 618 607 552 175 508 648 705 378 602 453 191 649 493 71 509 656 530 205 295 103 113 619 661 282 281 510 378 238 336 652 90 462 629 570 167 571 547 299 544 637 464 208 723 130 441 437 412 245 544 225 672 578 705 540 354 438 95 422 548 372 285 69 605 462 465 343 403 122 759 129 547 194 668 283 770 637 378 451 474 796 248 489 406 358 373 187 210 294 565 113 497 429 230 409 650 529 767 319 358 650 503 533 252 408 260 364 553 186 123 404 118 749 182 663 328 528 599 765 688 311 459 237 83 574 446 452 276 541 409 657 503 579 717 308 175 639 293 9 446 697 536 493 576 799 374 318 408 682 595 453
264 350 574 75 186 444 586 628 412 266 370 133 373 433 472 537 255 214 255 773 600 492 395 0 200 804 180 275 262 523 270 535 440 255 925 208 218 616 684 541 258 430 496 520 210 529 569 41 384 514 205 72 338 770 517 437 321 503 153 163 667 520 230 356 719 500 569 626 128 229 664 684 710 72 395 624 697 184 162 488 350 486 294 651 105 189 281 551 668 268 318 620 337 304 329 288 716 636 675 572 474 618 420 575 170 168 260 773 726 388 686 444 672 653 293 633 380 193 497 325 811 650 657 269 305 707 615 739 52 291 625 654 533 571 567 537 268 384 680 179 639 311 643 660 628 367 384 407 332 645 254 227 249 263 380 337 303 519 373 243 631 535 367 105 399 297 503 868 386 141 497 496 243 463 121 160 614 459 514 363 313 402 761 239 177 267 253 161 128 858 319 766 597 340 417 575 671 773 523 222 256 615 643 310 285 53 793 490 159 786 654 451 442 210 77 681 529 304 419 372 323 678 585 293 677 644 266 338 689 168 717 637 323 357 350 397 385 191 609 424 387 105 160 506 189 667 795 388 372 292 381 268 168 611 594 553 31 249 574 373 609 411 524 564 671 376 868 211 668 533 251 70 280 392 442 661 246 154 867 568 445 571 248 350 466 304 509 299 404 356 312 876 735 337 650 313 255 179 308 636 806
441 506 555 126 104 606 757 826 390 331 180 66 534 378 515 710 450 248 449 947 578 668 594 200 0 994 218 181 159 720 462 690 639 401 1107 268 414 809 834 738 433 581 471 576 195 716 737 239 527 712 159 204 530 927 698 412 493 653 105 356 736 693 411 553 903 656 626 617 251 191 717 883 900 163 589 728 892 319 136 550 531 555 490 848 291 102 461 557 670 79 486 807 476 198 453 453 780 776 833 746 480 816 611 765 217 266 244 772 891 579 886 622 800 673 488 825 540 78 603 332 1000 849 811 467 396 732 711 920 157 103 823 822 534 702 565 683 94 581 879 52 773 509 828 859 809 547 580 529 531 758 442 49 170 273 563 389 223 511 513 169 791 731 318 106 594 337 521 1050 563 326 696 695 129 458 316 339 737 610 695 516 215 600 935 59 45 457 213 71 316 1033 247 940 795 179 607 727 842 962 710 196 434 668 747 112 316 245 980 689 251 940 828 614 640 26 144 847 687 426 614 197 514 804 784 162 877 656 153 475 849 209 745 835 383 484 494 527 566 390 799 468 583 99 261 687 289 749 957 227 519 433 341 304 141 808 758 742 230 228 771 568 765 603 487 761 749 532 1051 55 692 542 412 137 460 590 485 816 317 343 1045 727 434 686 214 197 636 495 539 452 603 466 150 1059 893 338 646 435 412 295 151 732 994
556 742 955 878 987 714 289 233 908 928 1172 932 492 975 778 321 550 821 624 187 974 637 439 804 994 0 929 969 973 444 626 753 389 783 164 918 635 190 369 423 703 756 940 747 979 553 684 772 532 427 908 838 587 317 305 921 690 435 954 641 723 334 692 529 117 748 748 949 755 1004 779 202 95 867 410 588 131 815 954 728 467 711 513 194 704 991 536 887 937 1070 704 189 574 993 614 556 754 426 770 287 867 244 550 230 919 758 878 996 267 567 269 632 486 879 585 174 487 997 598 847 16 241 782 581 901 883 620 137 855 1065 217 701 894 486 910 435 1072 424 219 958 454 500 565 231 210 638 525 580 508 550 552 1007 1037 990 434 766 1081 910 795 1031 751 454 943 888 409 795 846 124 440 728 346 396 1043 887 683 655 512 763 312 752 989 494 190 1016 979 538 907 935 731 185 961 183 242 1143 387 776 686 34 550 888 563 769 588 1106 978 773 38 362 771 333 233 424 374 1010 878 722 388 835 508 1176 481 493 261 1092 261 902 1063 803 306 826 877 210 752 829 779 561 433 639 515 777 522 895 866 317 742 679 275 1190 531 790 934 806 959 425 715 537 776 884 258 539 357 393 977 258 696 739 120 986 872 871 747 858 671 495 776 344 757 711 157 738 896 551 1014 1072 676 609 815 571 430 872 1116 124 309 858 947 630 754 846 1047 623 42
426 310 729 159 122 410 741 728 561 114 314 181 540 567 645 693 389 374 315 923 753 485 494 180 218 929 0 379 359 579 320 486 544 206 1063 49 295 739 852 600 264 378 646 696 53 548 543 186 559 577 328 112 381 933 662 585 314 673 113 312 846 676 256 424 857 452 745 785 307 79 841 782 839 115 522 803 811 132 82 664 503 664 420 757 274 126 438 715 831 238 304 754 514 402 508 457 894 808 628 725 636 717 456 708 11 344 404 936 885 425 768 443 848 822 358 755 548 150 677 482 938 743 605 352 178 878 795 882 144 318 731 625 694 747 728 709 218 505 775 242 813 430 653 754 773 376 442 587 425 824 403 267 120 83 530 510 154 677 305 115 587 585 502 207 520 465 669 1007 542 201 596 574 150 620 276 328 791 405 662 317 418 469 912 277 173 410 385 240 199 1005 439 916 703 250 553 520 648 900 543 357 417 791 823 291 111 176 923 584 333 951 806 616 555 207 125 649 695 215 474 291 460 854 687 189 762 811 158 267 852 326 888 742 497 272 291 575 537 291 634 596 445 195 68 653 366 847 954 286 546 232 521 433 79 661 559 575 190 390 681 428 775 545 669 676 851 335 1006 265 838 697 229 195 297 462 614 827 420 219 1010 525 600 750 85 415 446 349 679 473 504 249 232 1014 898 493 811 493 226 99 368 817 937
421 624 376 233 281 719 703 836 215 492 301 199 480 197 361 659 466 149 520 889 398 765 621 275 181 969 379 0 23 774 537 809 658 525 1059 426 479 797 747 788 533 703 292 425 368 795 843 313 453 760 73 321 603 845 664 235 596 576 271 379 587 643 504 610 865 775 473 439 230 369 559 892 874 286 590 602 884 447 304 405 507 414 506 851 315 280 442 384 494 234 593 780 404 29 369 414 627 682 949 696 310 828 684 743 374 213 101 594 820 653 909 717 691 502 552 811 485 257 486 178 972 864 931 522 549 562 580 874 263 147 827 928 360 601 390 600 260 589 892 140 673 529 910 872 768 639 640 433 571 639 441 139 351 446 538 255 404 336 643 349 906 788 139 182 601 205 353 1004 530 415 715 732 310 285 348 340 626 733 658 636 39 652 877 136 220 460 65 140 402 975 66 883 801 338 596 849 945 936 789 81 416 511 621 224 486 327 949 713 203 856 773 555 650 205 268 956 618 565 674 340 514 694 794 338 899 482 333 606 774 148 576 840 257 621 621 439 537 446 872 318 643 191 402 652 227 607 883 381 449 561 162 179 310 862 869 818 300 89 777 631 688 595 306 763 603 650 1006 127 523 371 525 210 553 641 334 736 218 427 993 842 260 571 393 103 741 571 377 398 630 612 313 1014 814 179 469 351 528 432 90 600 961
422 610 399 216 259 706 710 836 237 472 281 179 487 219 380 666 463 156 511 897 420 754 618 262 159 973 359 23 0 768 528 796 656 510 1067 407 471 799 759 783 521 689 314 445 347 787 831 302 462 755 68 305 594 857 669 257 583 586 251 375 606 650 492 603 871 761 493 462 228 347 580 892 879 269 590 619 886 431 283 424 509 432 504 852 309 258 444 406 517 211 580 784 412 43 379 418 647 694 936 703 331 827 676 746 355 216 115 617 830 644 908 706 706 524 545 814 492 235 501 196 977 863 918 515 531 584 598 881 247 127 828 916 382 614 412 611 238 588 892 119 686 526 901 872 774 628 633 445 566 655 440 116 329 425 541 272 381 358 627 327 893 782 161 166 600 221 375 1012 534 403 714 729 287 307 342 338 641 718 663 622 58 646 885 114 198 459 78 120 390 984 89 892 801 316 598 835 934 940 780 86 417 531 638 203 466 315 954 711 204 868 781 563 649 183 250 944 627 549 668 319 513 708 794 315 897 504 311 591 785 148 597 840 272 605 606 450 541 438 864 336 636 174 385 657 231 625 893 359 457 546 185 192 289 856 856 809 289 102 777 624 699 596 329 764 622 636 1013 104 544 393 511 196 542 635 353 747 227 416 1001 829 282 586 371 99 729 562 398 404 627 595 290 1021 825 198 491 361 514 415 77 617 966
396 319 935 595 673 273 442 211 818 540 876 654 438 869 766 418 318 651 273 539 960 194 173 523 720 444 579 774 768 0 262 311 168 390 606 552 306 292 601 23 317 317 883 771 632 114 250 483 501 25 702 523 197 625 353 839 280 508 644 396 839 411 323 167 434 304 800 959 547 658 874 248 384 561 252 721 314 448 632 739 354 726 282 250 459 677 378 881 975 780 294 349 506 803 542 432 886 609 355 422 826 201 127 314 571 575 715 1066 559 155 205 191 678 931 232 302 441 692 647 730 458 206 359 255 496 962 738 474 563 815 230 290 875 608 904 539 771 234 233 703 632 259 181 217 406 218 141 568 204 707 355 751 699 617 341 680 729 878 366 693 326 19 814 628 233 678 828 558 370 397 147 76 720 833 426 439 659 321 364 325 807 122 532 762 689 336 728 683 406 594 796 532 211 824 284 337 286 427 110 700 396 840 732 828 593 475 457 130 581 647 465 441 197 726 579 318 486 426 107 863 301 687 191 765 204 941 733 383 558 630 964 235 660 405 356 543 352 333 124 737 138 628 511 357 572 809 614 864 489 384 816 670 634 88 284 107 493 712 204 153 532 274 921 217 823 310 555 735 935 861 358 592 283 133 747 565 619 379 580 300 828 660 660 864 232 231 811 466 168 451 802 561 595 744 971 546 363 481 826 753 471
259 160 769 338 410 215 494 412 626 302 613 396 360 665 622 450 170 436 21 655 795 233 188 270 462 626 320 537 528 262 0 307 238 159 773 299 61 439 636 282 79 224 702 648 373 259 317 229 410 257 465 261 68 696 401 649 100 481 382 187 758 436 66 104 571 276 688 806 327 399 777 465 542 301 247 670 502 194 370 613 284 605 169 444 233 415 254 727 836 519 110 468 388 567 409 305 809 613 433 474 659 401 150 421 312 363 496 936 638 118 448 184 671 804 41 454 367 430 562 534 637 425 420 61 277 847 676 603 305 560 418 399 715 578 747 519 509 223 457 449 628 163 373 436 502 109 122 467 121 673 212 495 439 369 297 507 473 710 212 433 390 271 603 375 237 489 674 718 322 136 283 254 458 658 199 238 630 250 405 175 574 149 644 507 429 201 502 431 146 730 571 647 390 562 287 349 413 600 253 471 253 734 686 567 353 219 626 269 364 716 548 410 256 466 319 429 484 217 156 601 219 679 374 504 442 805 472 201 616 404 853 429 487 230 188 445 309 98 339 583 126 374 253 396 369 742 704 603 395 173 611 471 372 348 347 283 241 490 370 109 556 276 737 368 752 175 716 481 813 707 123 340 55 141 596 604 427 119 728 330 647 608 404 619 219 34 667 338 197 265 540 724 661 548 824 405 130 226 578 695 641
561 186 1074 583 606 94 726 521 926 394 798 633 650 959 929 693 469 730 328 846 1100 119 404 535 690 753 486 809 796 311 307 0 433 289 916 440 366 599 883 331 280 108 1005 954 531 200 85 499 706 330 740 493 268 921 632 950 219 756 589 493 1057 682 313 314 743 35 993 1113 622 552 1080 554 695 533 492 958 624 371 564 919 566 910 455 561 530 610 553 1034 1143 723 219 652 690 838 714 606 1107 876 143 706 965 511 236 613 483 661 787 1243 856 242 498 145 941 1110 320 611 655 633 860 834 768 513 122 357 327 1153 969 782 550 793 541 147 1021 857 1054 792 703 467 537 695 896 440 236 523 705 201 291 767 374 955 513 733 596 481 569 813 602 1015 181 593 102 299 895 631 474 792 981 869 597 398 441 372 634 962 499 544 909 81 640 174 848 314 838 745 648 499 786 683 411 904 853 838 521 726 533 42 174 737 203 754 556 1038 973 776 440 484 768 422 661 943 762 683 463 685 552 166 746 272 284 768 499 950 501 665 501 1112 637 218 849 693 1158 546 794 218 196 744 581 403 259 890 292 625 431 631 670 1037 916 753 691 257 906 771 562 339 80 219 512 778 513 285 807 521 1038 523 1048 160 866 725 1119 1013 284 600 268 320 903 848 730 389 891 41 950 896 543 875 96 284 974 641 407 254 713 871 889 848 1131 711 282 395 830 986 782
249 368 778 515 614 366 293 188 672 540 809 573 272 727 604 261 193 522 235 428 802 317 50 440 639 389 544 658 656 168 238 433 0 396 535 531 249 201 451 168 315 400 731 606 596 265 393 403 335 144 588 462 206 490 199 691 311 341 582 286 670 251 303 145 337 416 633 798 428 621 706 244 305 495 86 553 267 427 578 575 191 561 152 214 353 618 229 721 811 708 324 235 345 686 383 277 717 449 508 273 670 178 198 190 535 448 586 900 426 201 252 290 517 765 197 216 275 628 479 588 399 210 508 193 514 795 570 371 488 724 188 449 717 442 744 373 706 74 240 611 471 131 349 220 278 268 152 403 120 541 218 661 657 602 174 529 698 721 422 651 474 187 677 537 68 534 669 481 202 344 58 96 668 679 324 318 494 415 207 380 687 123 418 672 616 198 605 590 348 498 670 420 159 771 115 468 448 362 259 580 251 672 565 750 590 401 388 56 457 511 332 273 30 650 509 478 322 451 150 806 150 525 146 716 241 777 686 424 416 510 797 199 510 452 403 377 185 258 292 579 150 541 479 199 440 641 488 816 324 406 677 531 582 237 429 268 410 586 136 163 376 105 769 132 655 370 479 642 768 701 360 503 285 120 587 415 479 326 493 435 677 492 629 755 340 223 650 310 41 492 745 487 457 601 808 390 367 458 722 585 403
376 106 821 295 321 206 647 564 663 151 520 344 490 687 698 602 302 464 166 812 847 278 347 255 401 783 206 525 510 390 159 289 396 0 931 169 174 597 784 412 81 181 745 735 257 344 339 224 530 392 458 205 200 849 557 687 112 619 302 272 864 587 99 255 730 255 780 868 362 281 874 615 701 244 403 791 657 82 278 701 425 696 315 598 281 325 379 791 905 438 100 626 497 553 508 420 915 754 432 628 716 553 263 580 201 404 514 1009 792 235 589 237 808 882 200 612 497 347 674 573 794 574 411 214 119 932 792 761 263 504 572 423 775 710 808 657 421 380 605 406 766 314 447 585 659 175 264 577 280 800 336 444 325 229 443 569 346 764 118 320 390 393 622 344 394 538 740 877 464 137 438 400 356 708 259 315 760 210 560 115 564 295 802 456 359 332 508 395 149 888 574 805 545 455 442 327 444 758 340 477 369 827 809 491 204 208 784 423 400 869 704 550 415 397 264 447 628 65 290 497 364 815 527 394 585 878 363 83 768 421 940 582 552 105 96 559 454 196 431 653 267 337 144 551 418 854 860 489 515 37 635 512 278 467 358 372 237 504 526 250 703 431 776 525 862 132 875 436 895 771 36 315 112 291 669 753 480 139 887 326 692 731 278 586 240 175 740 448 355 121 438 882 813 586 890 499 29 109 541 812 799
666 898 988 996 1110 874 356 395 969 1072 1286 1047 581 1037 821 401 676 911 768 176 1004 800 585 925 1107 164 1063 1059 1067 606 773 916 535 931 0 1057 775 335 365 585 851 915 987 778 1111 716 848 897 608 588 1004 966 739 278 409 977 843 492 1077 763 720 417 837 679 207 910 769 971 859 1136 780 365 231 991 541 592 292 956 1081 766 577 749 644 355 822 1114 647 919 950 1184 857 309 655 1081 692 656 741 435 934 364 913 405 709 356 1053 856 963 994 261 723 432 792 477 890 731 320 575 1118 636 919 148 404 946 723 1050 882 627 187 977 1168 377 864 930 511 941 479 1189 559 383 1066 459 634 728 395 298 794 679 642 652 548 671 1113 1166 1129 545 834 1213 950 951 1160 915 617 1014 1001 545 870 885 57 543 864 499 555 1167 937 804 769 521 923 412 908 1075 648 188 1122 1097 660 995 1043 865 101 1042 180 399 1265 511 939 849 180 713 980 673 780 586 1216 1121 900 150 516 870 285 286 504 517 1125 1001 885 446 986 664 1295 605 482 419 1217 424 917 1189 957 311 924 874 371 823 984 934 628 541 773 678 829 676 1009 1003 420 837 673 227 1313 610 941 1002 887 1086 588 879 701 899 971 414 692 388 519 1022 410 690 896 57 1092 879 906 895 973 821 648 824 354 842 847 71 901 949 571 1147 1162 837 758 851 664 576 1026 1237 49 290 928 964 709 903 986 1143 623 135
435 269 769 200 171 368 743 711 603 66 357 228 552 611 678 696 389 412 297 922 794 446 480 208 268 918 49 426 407 552 299 440 531 169 1057 0 283 728 862 574 235 334 688 727 91 513 501 204 575 551 372 136 356 939 661 627 280 685 162 320 874 679 233 403 851 408 776 824 336 114 872 764 830 152 516 825 797 105 132 695 507 694 416 742 291 174 446 753 870 285 268 748 532 450 530 470 923 821 582 727 674 700 427 701 52 375 446 975 889 397 746 406 864 858 339 744 559 199 700 522 928 724 559 338 128 913 819 879 180 368 716 582 733 763 767 722 264 498 756 290 827 424 615 735 771 343 418 607 410 843 408 316 158 72 532 544 178 717 260 153 542 556 546 251 513 501 706 1001 547 194 580 553 194 660 287 343 809 360 662 275 465 447 911 326 222 412 428 286 195 1003 485 915 687 288 550 473 605 890 508 400 426 823 844 339 78 191 914 567 366 957 807 624 544 256 165 604 704 169 448 330 459 870 671 227 741 848 197 222 858 364 923 726 529 225 247 594 540 285 600 631 422 239 57 653 396 873 958 321 562 190 564 469 128 632 515 540 211 432 666 404 783 540 712 662 878 293 1000 314 873 735 196 235 268 440 648 835 452 210 1006 480 640 770 110 464 405 325 714 488 490 200 273 1008 904 533 850 516 192 73 417 840 929
210 206 709 288 372 272 475 433 565 299 573 348 320 604 564 430 129 375 41 646 735 294 199 218 414 635 295 479 471 306 61 366 249 174 775 283 0 445 610 325 107 277 641 593 347 316 377 177 364 298 407 220 124 677 387 589 151 446 342 127 709 414 76 140 570 334 634 747 266 373 725 488 547 257 236 626 516 181 334 558 251 550 142 462 172 376 210 668 778 475 157 466 337 509 356 256 759 581 493 457 599 422 205 420 286 302 436 879 621 174 479 245 636 747 75 461 326 390 514 473 645 450 480 57 288 792 630 599 257 509 436 460 656 539 688 484 469 216 482 397 594 144 430 461 493 170 166 418 129 632 166 444 409 355 270 447 449 650 253 404 450 317 542 322 231 428 615 719 291 96 301 286 423 598 139 178 590 305 389 222 515 186 635 456 384 160 442 378 102 725 511 638 407 527 273 407 474 607 309 412 204 680 643 522 347 169 631 290 304 696 534 377 261 421 273 489 454 238 201 565 191 643 392 471 472 748 440 235 595 344 798 447 428 264 228 397 280 38 393 524 169 322 231 380 308 695 689 571 349 198 550 410 337 394 408 339 187 430 385 155 530 262 676 380 703 225 718 429 757 648 141 287 101 177 538 579 366 78 726 390 586 565 380 563 279 93 609 287 208 291 503 726 641 487 766 350 149 211 523 649 646
377 564 832 691 798 547 195 106 761 740 985 746 333 825 652 199 361 651 435 248 854 481 250 616 809 190 739 797 799 292 439 599 201 597 335 728 445 0 340 275 516 586 804 634 788 406 541 584 385 270 732 648 404 342 151 776 509 320 765 454 649 203 503 344 144 589 646 837 575 814 697 132 104 678 222 516 88 626 765 609 290 592 324 84 519 802 356 767 836 883 523 65 418 823 460 384 688 370 643 180 734 110 379 63 729 584 711 909 276 391 196 466 440 781 397 16 331 809 487 690 200 138 649 391 715 797 542 183 667 884 80 576 769 401 791 335 884 234 145 775 397 310 449 137 129 461 345 443 319 488 368 824 847 800 258 615 891 781 617 841 616 307 786 704 220 637 721 282 270 538 166 228 853 751 495 472 442 597 162 575 820 314 241 834 792 352 737 753 540 305 795 240 84 955 203 628 566 162 401 716 383 676 521 921 790 584 187 184 595 363 188 282 184 824 689 601 279 651 333 988 295 448 103 903 182 800 873 622 287 651 795 86 599 649 600 421 260 448 391 641 342 710 675 163 570 610 325 1001 380 606 780 643 770 305 575 396 588 715 87 358 288 207 842 77 626 563 279 804 779 749 561 672 486 314 644 305 593 520 296 591 755 464 823 898 514 424 694 405 242 691 928 286 316 702 840 473 568 656 871 551 202
427 792 626 744 865 811 159 447 622 897 1011 784 312 691 463 191 483 605 623 196 640 767 481 684 834 369 852 747 759 601 636 883 451 784 365 862 610 340 0 591 711 840 630 416 891 710 842 668 307 577 704 743 635 100 252 627 731 182 832 542 359 203 685 578 259 864 404 607 585 913 418 465 315 756 397 228 392 777 845 407 360 391 469 421 581 867 416 556 586 913 743 275 358 765 383 396 386 72 955 179 556 449 647 294 842 569 647 634 106 645 535 739 117 525 601 340 305 865 281 587 360 478 957 575 897 521 262 232 734 875 421 892 568 153 577 150 925 422 481 786 94 473 776 476 212 705 595 314 525 186 456 829 933 930 340 501 987 590 846 927 922 619 678 733 412 545 525 324 320 675 455 527 921 582 577 526 157 858 244 806 755 570 188 835 835 455 682 765 670 265 717 195 420 1008 355 918 887 343 705 674 436 416 224 934 937 677 332 473 583 109 155 238 421 856 759 920 158 848 600 1030 419 124 435 971 521 552 946 837 63 630 514 426 494 866 823 310 330 591 716 478 593 745 805 252 546 313 146 1057 316 806 662 568 852 636 878 708 666 658 413 603 80 367 664 395 331 801 328 807 515 544 750 713 691 564 471 37 532 662 295 885 597 208 929 846 789 638 491 387 477 899 978 334 76 594 599 401 758 800 836 260 335
404 343 941 613 693 295 432 191 827 563 895 672 440 879 770 410 329 663 292 523 966 215 179 541 738 423 600 788 783 23 282 331 168 412 585 574 325 275 591 0 339 340 891 774 653 132 267 500 503 28 716 542 219 611 345 848 303 504 664 409 837 404 344 185 416 325 801 964 560 679 873 226 365 581 254 717 293 470 652 742 357 729 292 230 474 697 385 886 978 799 317 334 510 817 547 438 883 601 368 412 832 181 150 301 592 587 727 1068 545 178 181 214 671 933 251 285 442 712 647 740 437 184 375 272 519 963 736 457 582 832 211 303 881 604 909 534 791 237 211 720 625 268 186 195 392 241 160 570 217 701 365 768 720 640 342 687 751 884 390 714 341 32 825 645 234 688 834 538 370 416 139 72 741 840 441 452 654 343 356 349 821 139 516 780 708 345 742 700 425 575 809 515 193 845 282 356 296 406 129 713 404 840 728 846 616 493 437 124 593 633 452 438 195 745 598 330 480 449 127 884 308 679 173 786 181 944 754 406 546 643 965 215 668 429 379 545 353 350 127 743 157 646 532 349 583 806 599 885 491 407 827 680 655 74 301 121 510 725 188 173 523 273 928 202 820 333 535 752 936 866 380 610 305 149 752 554 629 398 561 318 836 657 681 879 255 252 816 472 173 475 822 541 582 754 975 552 385 503 842 749 451
317 103 798 315 367 187 571 484 647 228 570 370 426 679 663 527 235 451 89 733 824 236 266 258 433 703 264 533 521 317 79 280 315 81 851 235 107 516 711 339 0 180 727 694 317 287 310 220 471 317 463 229 122 773 479 671 63 552 342 225 814 512 35 175 650 246 737 841 343 342 829 536 620 270 325 733 577 132 325 660 355 653 242 518 253 371 317 762 874 481 61 546 443 562 460 363 865 685 417 552 690 473 193 500 256 383 507 977 715 162 513 190 742 846 120 532 433 390 620 555 714 495 400 137 199 893 737 682 281 534 492 395 748 646 781 590 468 302 526 429 699 239 397 506 580 115 186 524 200 739 273 471 384 301 371 540 412 740 147 379 374 322 615 359 315 515 710 796 394 119 358 322 409 686 224 274 697 210 483 119 571 216 723 483 395 266 506 414 132 808 575 725 465 512 365 321 414 677 282 475 311 783 750 532 281 206 703 342 382 793 626 482 335 433 289 423 557 139 214 552 292 749 447 452 509 845 420 128 693 413 900 502 521 157 121 504 382 139 373 621 189 355 196 474 393 801 783 550 457 95 626 493 326 398 336 314 233 498 445 171 631 354 760 445 810 126 794 460 857 742 45 326 34 211 635 679 454 110 806 310 672 672 343 606 208 94 706 393 274 188 492 802 738 569 861 453 52 165 562 756 718
483 80 979 475 498 47 688 523 827 292 691 525 582 857 841 649 393 630 244 826 1005 139 361 430 581 756 378 703 689 317 224 108 400 181 915 334 277 586 840 340 180 0 907 870 425 227 169 394 633 330 635 386 205 888 592 851 126 697 481 402 983 636 215 262 729 74 911 1021 523 447 1001 564 687 425 443 892 625 263 456 835 502 827 387 562 433 502 478 942 1053 615 121 631 612 731 633 529 1033 825 251 667 871 513 207 589 375 563 684 1155 825 199 519 126 886 1024 248 600 588 525 786 735 769 522 230 282 227 1069 899 766 443 685 539 248 928 796 961 734 596 418 550 587 842 376 303 533 678 135 248 691 316 893 436 625 491 378 510 720 500 921 76 487 210 311 793 524 428 695 889 865 537 296 421 361 528 866 404 452 849 30 599 67 742 277 817 637 539 424 681 575 309 891 749 818 516 621 485 146 272 736 226 650 477 957 908 668 340 379 765 402 561 909 731 625 427 576 444 270 694 166 254 663 435 894 496 560 520 1024 531 112 812 590 1075 546 701 117 88 669 522 313 307 799 250 517 322 590 574 966 888 650 619 148 804 673 455 370 181 253 407 675 503 238 761 473 940 509 976 55 862 617 1034 922 178 493 176 280 814 805 634 289 882 146 853 830 439 767 92 209 885 562 366 160 607 869 854 749 1040 627 175 287 722 918 780
487 829 85 487 565 911 651 875 85 752 582 473 475 105 167 620 569 282 682 810 108 933 712 496 471 940 646 292 314 883 702 1005 731 745 987 688 641 804 630 891 727 907 0 219 646 938 1018 522 419 863 321 561 757 729 653 60 785 505 549 516 355 610 693 740 824 972 249 148 385 651 309 924 853 536 647 425 890 679 580 223 543 239 602 877 475 565 505 107 204 525 787 765 392 284 350 454 381 559 1135 653 74 869 827 741 639 344 242 302 727 802 963 885 538 223 701 815 476 544 351 173 938 908 1121 664 799 282 394 819 508 431 858 1099 83 478 104 510 552 657 930 424 539 625 1048 914 730 811 772 362 686 470 529 431 639 721 567 203 693 54 861 636 1092 900 153 439 664 213 109 939 545 613 781 823 600 53 505 465 479 936 643 843 265 773 800 428 506 548 264 417 600 890 226 807 838 628 633 1046 1111 907 931 289 487 270 440 509 757 538 911 786 346 733 713 523 712 496 523 1129 552 798 802 626 583 537 838 630 950 197 624 829 677 328 297 870 223 849 836 383 560 604 999 163 774 452 651 641 334 390 776 669 425 782 130 234 587 964 1049 955 509 256 816 768 599 638 38 798 380 852 942 417 245 104 734 453 736 761 164 634 275 618 916 1031 56 424 675 339 921 731 145 421 717 851 604 949 706 159 177 342 739 674 362 407 919
395 797 210 543 649 862 460 719 236 785 725 553 334 299 65 438 486 332 628 603 227 863 600 520 576 747 696 425 445 771 648 954 606 735 778 727 593 634 416 774 694 870 219 0 713 847 949 530 271 749 417 591 688 513 483 232 744 316 624 469 162 431 660 656 630 924 50 204 391 725 145 762 666 581 520 206 715 687 650 35 417 45 508 713 456 650 406 141 206 646 749 586 269 431 240 351 204 345 1070 466 149 715 745 570 687 352 335 295 517 725 811 819 320 160 634 643 332 636 149 248 743 753 1061 597 817 199 175 619 552 572 699 1023 152 268 164 312 668 537 771 524 324 528 948 757 542 753 685 204 595 251 443 549 726 778 432 189 784 174 840 722 1028 790 310 506 539 239 110 733 404 598 647 702 696 178 477 421 262 897 472 813 416 678 593 551 598 458 370 508 587 680 372 601 682 752 495 995 1030 715 840 380 399 95 221 647 804 546 715 657 363 516 515 355 581 602 573 1054 362 797 710 760 474 319 686 737 797 171 722 814 467 378 206 709 200 839 814 229 422 557 894 109 686 520 679 473 331 184 561 798 282 770 288 273 657 842 984 859 521 350 663 685 395 503 250 643 179 817 736 530 166 128 714 505 693 667 91 424 276 597 708 973 199 208 748 505 861 670 75 315 604 853 724 743 493 247 207 243 721 693 513 190 722
466 360 730 170 91 459 784 780 562 145 266 173 579 562 659 736 436 385 368 968 754 535 546 210 195 979 53 368 347 632 373 531 596 257 1111 91 347 788 891 653 317 425 646 713 0 600 591 223 593 630 325 149 435 974 708 586 366 710 98 354 866 719 309 476 905 499 763 789 330 26 858 835 888 138 571 831 862 185 66 682 546 684 468 809 310 94 480 721 838 199 356 802 546 389 537 495 914 844 673 769 642 769 510 756 62 364 406 942 928 478 821 494 882 832 411 805 586 119 704 489 987 796 649 404 213 889 821 929 165 289 783 673 700 780 733 746 175 555 827 229 848 479 704 807 819 428 495 616 476 854 447 244 68 78 574 525 103 681 351 63 633 638 498 211 570 477 678 1055 585 251 648 627 103 625 316 366 823 451 707 365 405 522 957 253 151 455 383 231 248 1051 432 961 754 198 600 564 696 949 595 358 458 808 851 252 121 216 972 636 352 991 851 656 605 178 141 695 735 260 527 240 507 887 739 137 815 818 107 313 893 337 900 794 513 315 338 607 581 340 687 610 499 197 121 699 387 870 996 233 581 281 518 444 60 714 606 627 225 391 732 481 815 592 667 726 873 384 1054 247 849 704 281 208 350 515 628 867 437 269 1057 571 603 780 38 392 496 402 691 508 555 287 182 1062 939 498 816 521 278 152 345 843 986
457 253 997 594 654 181 551 322 867 489 857 652 521 912 835 524 370 687 276 654 1023 90 252 529 716 553 548 795 787 114 259 200 265 344 716 513 316 406 710 132 287 227 938 847 600 0 136 488 582 137 723 513 192 738 460 890 234 605 629 429 928 515 305 198 548 198 880 1027 578 625 959 354 497 553 341 816 424 416 612 814 434 802 342 362 485 658 443 947 1048 767 245 462 578 825 611 499 976 713 244 531 887 313 113 427 541 611 749 1142 672 142 299 110 782 1007 244 416 524 677 733 776 568 313 247 278 434 1043 831 588 561 816 343 184 939 707 969 638 755 319 337 707 736 320 114 323 519 172 166 648 255 805 412 752 668 572 428 736 690 939 290 663 212 100 853 634 321 727 894 670 457 391 256 185 696 890 451 478 758 224 469 255 831 170 646 764 680 394 757 690 402 707 826 646 325 797 377 224 185 538 7 727 455 922 829 818 541 477 569 238 615 759 578 535 295 718 572 213 587 365 138 838 373 790 305 736 302 1015 705 315 670 659 1046 347 717 332 287 623 439 350 87 802 164 632 481 462 613 902 728 833 569 328 859 714 613 143 170 28 500 744 319 170 639 366 975 331 915 236 667 739 1013 927 319 599 257 181 813 674 666 375 693 186 883 754 623 878 136 225 881 534 251 378 778 672 707 791 1041 613 322 448 837 847 583
554 233 1083 624 660 133 683 456 942 461 857 678 633 981 930 654 463 752 337 789 1109 86 372 569 737 684 543 843 831 250 317 85 393 339 848 501 377 541 842 267 310 169 1018 949 591 136 0 530 691 272 772 536 263 873 591 966 248 728 640 503 1042 644 339 295 683 104 985 1118 642 614 1069 483 632 576 462 936 557 420 617 915 547 905 442 495 548 664 544 1039 1144 777 252 598 681 872 710 599 1091 842 121 663 973 446 208 562 539 679 811 1242 807 224 423 133 909 1108 319 552 637 686 845 850 700 444 116 356 396 1147 949 724 590 840 477 85 1028 829 1060 762 760 438 466 737 863 424 151 454 654 208 267 755 357 928 507 779 658 547 545 821 669 1025 245 654 81 235 918 669 443 805 986 803 574 428 390 319 693 973 516 554 882 149 600 226 881 282 782 791 697 491 813 723 441 842 882 781 460 789 501 93 105 671 140 782 551 1029 950 830 509 516 702 372 680 894 713 656 423 735 596 113 713 335 250 831 481 917 440 727 428 1113 698 280 803 717 1152 481 801 286 254 731 557 415 178 894 267 665 483 592 685 1018 863 818 677 311 927 787 617 263 36 148 543 804 454 265 769 489 1053 467 1030 208 799 768 1115 1018 326 636 290 291 906 806 743 417 827 55 963 873 607 915 102 287 976 634 373 327 773 805 841 864 1135 709 326 448 871 965 715
243 315 598 113 215 407 563 591 439 256 406 172 356 464 486 514 223 240 214 748 624 452 357 41 239 772 186 313 302 483 229 499 403 224 897 204 177 584 668 500 220 394 522 530 223 488 530 0 374 473 242 75 297 751 490 463 283 488 182 134 673 497 191 316 690 464 578 647 142 246 674 648 679 95 362 621 663 160 185 497 325 495 260 616 88 218 257 572 688 305 280 590 329 342 326 272 722 623 637 548 495 581 379 545 175 184 290 792 705 347 647 404 663 669 252 600 363 226 496 349 780 612 620 229 287 721 615 712 85 332 590 615 554 561 588 524 303 350 643 220 627 276 602 623 602 327 343 403 293 640 226 268 271 266 354 353 322 542 341 265 594 494 399 146 365 317 522 840 363 102 460 457 271 486 94 143 607 424 488 328 351 362 737 280 213 237 287 202 89 832 355 741 561 371 387 539 632 741 482 256 234 625 640 349 282 16 762 452 178 768 630 432 407 248 106 643 511 277 378 405 292 669 549 321 639 662 292 308 670 197 731 602 337 328 317 391 360 151 568 440 346 146 151 480 201 670 774 418 361 261 412 290 190 571 556 512 13 281 538 332 592 380 552 529 675 340 840 252 683 552 217 111 240 351 456 644 262 114 840 530 469 567 261 390 428 263 525 287 366 331 344 848 716 362 670 312 221 162 348 636 776
154 569 452 440 560 618 252 458 378 619 705 477 63 444 274 212 240 306 392 436 475 606 332 384 527 532 559 453 462 501 410 706 335 530 608 575 364 385 307 503 471 633 419 271 593 582 691 374 0 478 403 448 438 400 235 392 510 126 528 262 352 198 439 397 422 679 299 466 278 613 378 506 441 456 249 262 472 504 543 240 148 226 251 458 286 563 156 391 476 607 519 350 51 474 84 110 401 253 812 248 350 453 484 323 548 263 356 565 369 468 549 565 289 430 387 397 61 559 154 315 533 492 806 352 632 462 266 425 432 572 441 762 390 188 414 157 618 267 513 480 255 268 680 497 324 507 425 67 335 271 199 523 630 640 161 234 686 399 617 625 772 520 411 427 269 264 341 554 134 402 377 431 616 366 289 232 234 658 226 584 467 413 424 530 529 209 388 458 395 522 434 431 421 701 225 746 766 499 575 376 161 340 279 629 652 385 507 386 277 413 322 108 311 549 457 792 165 595 446 724 210 295 423 665 535 441 641 599 325 326 464 452 220 627 592 42 151 335 624 257 425 438 519 223 240 332 433 750 15 559 402 279 550 572 727 592 369 364 400 426 239 232 457 381 343 585 556 501 433 372 501 407 462 403 261 290 235 395 541 721 370 201 631 555 611 426 318 87 335 650 671 563 367 325 474 102 509 521 539 285 518
376 327 914 586 667 287 418 194 799 543 870 645 415 851 744 393 301 635 266 518 939 212 152 514 712 427 577 760 755 25 257 330 144 392 588 551 298 270 577 28 317 330 863 749 630 137 272 473 478 0 688 516 196 602 329 820 284 484 638 381 815 386 321 158 413 322 777 938 532 656 850 235 365 554 229 696 297 447 627 717 332 704 264 233 446 671 358 860 953 773 298 326 484 789 521 411 861 584 379 398 805 184 132 291 568 559 699 1043 535 157 198 205 653 908 225 281 418 686 623 712 441 192 383 245 501 939 714 453 555 805 212 315 854 584 882 514 765 212 221 693 607 241 206 204 383 224 135 545 189 682 337 741 696 618 318 660 728 857 376 691 349 44 797 617 210 660 807 540 346 391 122 51 716 813 413 424 634 336 339 334 793 112 510 752 682 317 713 673 399 573 781 510 191 820 260 358 310 409 132 685 376 816 708 820 596 466 439 105 565 623 442 417 173 719 571 343 461 431 103 859 281 662 171 761 196 919 730 390 534 615 941 218 641 414 364 520 329 323 148 716 132 618 509 332 555 785 591 861 466 388 799 652 630 102 307 131 483 697 183 148 507 250 901 195 799 319 537 724 912 840 359 582 283 122 725 540 601 373 561 321 809 635 659 852 249 228 790 445 147 459 797 543 571 726 949 526 364 480 814 728 453
355 555 405 173 245 649 648 768 238 437 315 152 424 239 356 603 395 99 447 836 429 693 551 205 159 908 328 73 68 702 465 740 588 458 1004 372 407 732 704 716 463 635 321 417 325 723 772 242 403 688 0 257 531 801 604 261 525 528 228 307 579 587 433 537 807 706 467 465 160 330 558 824 813 225 522 578 819 382 259 393 443 399 436 784 242 245 377 401 516 229 523 719 352 102 322 352 622 642 880 640 323 759 611 680 321 149 85 619 772 581 840 645 658 515 480 747 429 226 455 173 911 795 862 450 491 574 559 818 200 171 760 857 378 563 410 555 251 520 824 108 636 458 837 804 710 567 567 392 499 611 372 133 320 401 475 233 377 358 576 317 836 715 174 122 532 181 362 949 468 344 646 661 284 303 276 270 594 664 598 568 109 580 824 137 187 391 58 96 331 923 116 831 733 335 530 780 873 875 716 37 350 509 597 236 438 257 889 643 137 813 719 501 581 185 208 885 568 502 602 345 446 661 726 321 829 499 310 541 727 81 587 772 230 557 554 394 475 373 799 309 570 133 342 592 167 593 836 381 397 495 194 148 266 789 798 745 230 69 709 558 641 528 343 696 592 581 950 113 534 385 457 144 482 569 327 691 173 356 939 773 279 541 354 167 670 499 380 341 559 551 306 958 769 180 492 303 460 370 140 579 901
317 308 641 90 153 406 636 649 477 195 354 142 430 492 543 588 290 281 250 820 667 465 413 72 204 838 112 321 305 523 261 493 462 205 966 136 220 648 743 542 229 386 561 591 149 513 536 75 448 516 257 0 328 825 561 501 290 563 122 206 738 570 207 358 760 459 640 694 200 172 736 705 746 41 428 692 725 126 117 559 398 558 325 675 162 157 331 621 738 258 284 658 402 348 397 347 787 697 635 621 543 638 409 612 101 239 321 843 779 377 699 418 737 723 292 665 438 170 566 392 846 668 615 276 238 778 685 783 58 306 649 621 602 635 636 598 249 414 699 202 702 338 624 678 672 343 382 475 346 712 298 243 200 194 426 409 249 587 322 194 593 532 427 139 429 367 573 910 436 126 516 505 206 530 167 218 680 415 560 319 360 404 809 255 168 308 310 190 117 904 373 813 620 309 455 532 640 808 507 279 309 686 712 306 213 67 829 507 230 842 703 507 468 206 61 647 586 245 416 346 361 743 607 255 691 715 225 286 744 234 788 661 394 301 301 464 433 204 596 496 385 132 90 551 260 738 848 354 435 241 443 337 121 609 558 538 78 309 598 369 666 448 588 590 742 334 909 233 739 602 210 113 256 395 513 718 317 144 911 528 511 639 187 382 434 294 580 361 423 294 284 917 790 404 719 382 212 114 337 706 844
293 162 820 406 476 182 485 364 683 350 680 464 382 724 667 445 202 497 84 633 846 177 161 338 530 587 381 603 594 197 68 268 206 200 739 356 124 404 635 219 122 205 757 688 435 192 263 297 438 196 531 328 0 687 390 706 104 493 449 242 789 432 126 61 543 241 726 855 388 461 812 415 508 368 238 692 459 251 435 654 300 644 187 399 294 480 285 776 881 586 118 441 422 633 449 339 839 620 383 465 710 353 82 396 374 423 559 980 625 50 391 131 682 846 56 419 388 497 591 591 599 373 373 93 315 887 701 577 373 628 374 343 765 593 797 530 576 213 404 517 637 173 306 385 482 71 64 499 111 690 246 563 501 423 306 558 532 762 217 496 341 205 664 443 224 544 722 686 333 204 241 200 523 711 261 293 645 226 396 175 639 95 623 575 496 231 566 499 214 704 635 625 347 627 281 309 354 563 186 535 289 770 707 635 403 287 590 225 425 708 533 421 230 534 386 373 489 248 92 666 232 690 328 567 386 850 536 218 609 467 892 383 539 246 197 475 318 159 271 630 67 442 313 387 426 769 690 667 423 203 671 528 437 282 296 215 309 553 329 50 556 269 792 330 780 167 684 549 854 755 166 408 89 92 643 601 482 187 699 285 701 629 463 686 174 34 712 373 168 287 605 691 652 605 872 446 172 285 645 719 605
508 847 721 833 953 856 203 446 722 970 1104 875 398 791 562 247 554 702 685 130 735 803 527 770 927 317 933 845 857 625 696 921 490 849 278 939 677 342 100 611 773 888 729 513 974 738 873 751 400 602 801 825 687 0 297 727 787 274 920 621 442 263 750 627 226 905 498 699 676 996 503 452 287 841 450 318 372 850 931 506 433 490 535 414 666 956 495 652 675 1006 800 279 451 864 479 482 462 171 980 222 655 451 688 311 922 663 745 715 66 690 526 779 201 614 659 337 391 954 381 687 305 473 984 637 965 604 352 188 820 971 420 914 665 253 673 246 1017 475 470 880 190 535 790 469 219 754 640 412 579 273 532 923 1019 1009 409 601 1072 687 902 1013 950 642 778 825 463 644 623 245 393 749 483 554 1010 681 658 610 251 904 291 861 854 613 127 930 926 528 780 858 745 178 817 133 426 1098 409 954 906 297 733 771 517 505 310 1029 1012 758 278 501 677 22 160 319 461 948 846 940 241 912 640 1123 486 205 444 1059 513 642 1034 897 82 726 596 423 593 926 880 407 400 662 732 578 638 835 882 301 640 395 51 1148 408 869 762 667 937 647 908 732 750 756 425 650 162 421 762 409 412 854 250 901 602 641 814 802 751 608 571 110 629 735 211 919 697 305 1012 945 829 694 588 476 522 961 1069 255 36 694 690 497 822 874 934 347 277
257 551 681 588 702 562 95 238 613 685 878 638 188 678 501 65 273 516 391 261 702 516 231 517 698 305 662 664 669 353 401 632 199 557 409 661 387 151 252 345 479 592 653 483 708 460 591 490 235 329 604 561 390 297 0 627 490 174 669 356 509 60 458 331 205 613 498 686 453 732 554 279 211 584 155 381 237 566 674 458 168 442 247 230 413 706 238 616 687 776 503 117 272 689 314 252 552 255 704 75 583 236 396 88 652 455 574 763 236 396 332 488 325 633 363 162 184 709 338 545 308 273 705 343 674 652 404 223 568 764 217 642 618 265 639 196 780 179 288 659 280 243 532 275 112 458 345 292 283 360 263 707 760 733 136 468 809 630 605 754 671 372 642 592 167 493 569 352 136 467 207 278 759 600 396 360 313 610 12 564 685 319 250 716 688 253 602 636 466 343 656 254 203 856 115 667 639 271 454 584 265 530 389 808 731 494 285 224 467 317 147 131 169 716 593 671 139 618 348 886 202 334 211 810 318 651 781 601 219 523 651 227 453 630 584 270 133 377 473 490 344 601 605 12 438 474 303 905 232 574 634 502 680 399 627 459 491 579 188 355 179 126 691 167 489 557 353 686 632 598 521 564 455 314 493 216 453 452 350 633 605 325 745 767 538 398 543 266 227 666 828 360 262 557 690 328 529 593 743 415 298
444 772 144 427 505 856 634 843 25 691 530 413 444 67 170 600 522 224 629 801 168 882 669 437 412 921 585 235 257 839 649 950 691 687 977 627 589 776 627 848 671 851 60 232 586 890 966 463 392 820 261 501 706 727 627 0 731 489 489 464 382 588 637 692 807 917 271 205 328 591 343 893 832 476 608 436 864 620 520 227 506 241 557 846 420 505 463 151 259 469 732 742 359 229 317 414 414 556 1082 634 87 836 778 715 579 288 182 360 720 752 929 833 544 270 650 789 446 485 347 116 920 875 1068 614 740 331 406 804 448 377 827 1048 127 474 155 499 495 617 898 365 539 580 1001 881 711 759 724 341 639 479 484 373 580 661 532 163 634 101 803 577 1039 856 97 378 625 162 132 927 512 556 743 781 541 57 451 413 482 881 618 787 211 726 790 371 446 503 203 357 544 883 170 797 805 573 598 991 1060 887 882 229 444 299 452 455 696 480 893 747 290 733 698 499 674 437 462 1077 536 740 755 572 542 544 804 572 916 248 565 771 670 268 345 839 182 791 779 359 526 551 953 149 726 391 591 615 281 412 772 614 396 724 73 179 527 921 997 907 451 196 783 719 589 602 88 765 405 797 930 359 291 142 677 393 682 715 157 628 224 562 907 977 33 425 615 291 868 679 164 384 675 792 548 937 702 102 234 306 682 615 310 422 903
358 61 855 377 423 126 585 465 706 261 625 432 461 740 715 543 270 511 119 737 882 175 265 321 493 690 314 596 583 280 100 219 311 112 843 280 151 509 731 303 63 126 785 744 366 234 248 283 510 284 525 290 104 787 490 731 0 580 400 277 858 529 94 165 647 186 785 896 403 391 875 513 612 331 337 770 561 183 380 709 384 701 268 500 311 427 354 817 928 538 14 545 487 625 507 404 908 711 355 565 747 453 153 500 308 442 568 1030 726 127 482 130 770 898 130 523 467 447 662 614 702 471 339 160 216 943 776 681 343 595 475 333 804 678 837 618 524 312 502 490 726 260 339 482 585 64 165 566 208 773 311 533 434 341 395 595 457 797 115 429 312 282 676 422 324 573 764 790 420 181 345 298 463 743 280 327 730 154 496 76 634 196 727 545 454 301 568 476 194 808 637 729 449 564 378 261 351 666 229 537 352 831 787 590 314 269 694 328 441 807 635 508 334 492 350 360 581 148 186 605 317 778 430 503 479 898 472 114 708 474 949 484 576 141 93 545 406 187 320 674 168 417 248 486 451 842 792 599 495 104 686 552 381 355 273 261 296 560 432 151 651 366 819 434 852 75 788 522 908 797 86 389 51 195 689 698 511 171 803 249 731 708 389 668 145 93 759 436 272 183 545 795 752 628 915 501 88 215 624 795 709
250 641 521 562 683 675 146 412 479 723 831 602 133 547 343 122 317 431 466 317 541 646 356 503 653 435 673 576 586 508 481 756 341 619 492 685 446 320 182 504 552 697 505 316 710 605 728 488 126 484 528 563 493 274 174 489 580 0 650 365 337 117 523 442 320 732 326 520 403 731 380 451 351 574 266 213 400 605 664 294 197 278 312 402 401 685 242 454 516 732 591 270 177 596 207 216 381 136 846 150 432 410 523 257 662 389 477 590 244 513 506 611 190 461 451 328 126 682 167 428 433 447 844 420 728 478 232 315 552 698 390 789 459 102 477 38 744 290 461 606 147 322 689 449 227 564 465 150 383 201 285 650 751 752 188 343 806 475 693 745 809 527 523 552 285 380 411 440 161 502 367 433 739 453 398 345 154 719 162 656 588 446 305 657 654 287 511 584 496 402 553 312 377 826 228 794 789 403 599 500 259 356 224 755 761 497 406 381 403 287 210 73 312 675 578 819 48 684 478 849 263 198 385 788 492 481 764 680 199 452 477 400 332 709 669 138 176 423 631 342 464 563 628 165 367 303 308 875 134 645 510 399 670 564 764 609 485 487 361 470 113 239 542 341 318 654 442 628 459 437 587 531 536 437 341 164 359 491 423 764 462 153 749 677 659 490 381 205 356 738 796 450 241 437 521 225 595 625 663 245 415
416 407 633 89 33 508 738 770 466 227 231 76 522 464 568 690 404 293 372 926 657 575 534 153 105 954 113 271 251 644 382 589 582 302 1077 162 342 765 832 664 342 481 549 624 98 629 640 182 528 638 228 122 449 920 669 489 400 650 0 314 780 673 325 480 871 555 674 692 254 103 769 826 861 88 544 754 844 220 33 595 502 597 441 795 257 37 433 626 742 138 392 771 479 293 465 439 827 781 732 725 547 759 529 726 111 282 310 846 878 497 821 530 813 738 414 781 529 48 627 394 961 789 710 398 291 796 742 892 101 207 769 724 604 712 637 684 127 531 820 132 782 457 739 800 781 458 503 543 467 780 406 153 104 175 533 435 162 585 410 99 690 653 401 118 546 386 584 1021 539 248 637 628 90 529 273 312 752 508 667 416 309 527 914 164 60 418 286 134 240 1011 334 919 741 190 568 625 745 923 624 262 408 719 774 190 215 182 944 628 269 936 807 602 587 96 76 749 679 323 538 224 473 818 728 141 814 724 114 372 840 246 807 781 425 380 393 537 538 325 714 520 507 104 158 659 306 787 946 237 518 332 421 352 38 730 659 655 178 295 718 491 759 562 570 710 789 433 1020 153 756 610 316 124 372 518 538 811 351 266 1019 627 507 706 126 302 540 414 598 445 544 360 163 1028 885 403 720 448 315 194 255 763 958
115 328 582 236 347 400 430 472 441 358 531 292 232 483 438 382 94 258 166 615 608 418 245 163 356 641 312 379 375 396 187 493 286 272 763 320 127 454 542 409 225 402 516 469 354 429 503 134 262 381 307 206 242 621 356 464 277 365 314 0 593 365 191 235 557 461 512 620 152 378 604 528 548 228 233 521 536 242 318 434 192 428 135 493 67 351 126 541 651 429 281 457 226 408 237 153 643 502 620 415 472 462 317 413 301 182 321 753 573 289 537 370 548 621 186 470 239 356 402 349 648 496 607 151 370 668 521 579 214 438 467 584 529 448 561 402 430 225 526 326 509 155 542 505 468 296 266 306 192 534 93 375 404 388 221 320 455 523 371 399 577 410 424 252 238 302 488 707 230 140 344 354 404 471 41 51 496 431 354 344 412 275 603 386 338 104 333 304 133 699 401 608 439 503 255 535 596 610 422 304 107 559 540 468 395 138 630 339 187 639 497 305 284 370 238 614 384 336 300 535 160 555 429 454 527 621 426 347 540 234 675 479 301 373 345 288 227 90 499 397 268 257 263 346 184 583 642 550 248 304 430 286 324 483 534 449 136 318 415 259 464 249 551 405 590 349 707 356 632 520 247 219 226 264 412 516 241 134 706 517 460 463 392 472 406 216 482 177 254 392 475 714 586 363 639 229 254 260 437 541 644
500 915 314 697 806 969 457 746 391 928 887 711 409 448 226 451 590 491 739 555 319 957 676 667 736 723 846 587 606 839 758 1057 670 864 720 874 709 649 359 837 814 983 355 162 866 928 1042 673 352 815 579 738 789 442 509 382 858 337 780 593 0 450 780 748 609 1030 114 273 539 880 61 781 656 731 588 136 721 824 805 187 496 183 602 732 592 808 505 253 237 808 865 591 371 592 356 454 51 297 1162 469 295 745 834 588 836 503 497 275 466 819 840 916 243 177 738 654 405 794 198 410 716 781 1157 702 955 162 106 588 703 734 723 1110 274 248 266 315 829 610 793 684 269 619 1020 782 536 858 775 292 686 174 547 711 883 929 501 347 941 302 961 879 1123 858 468 663 608 399 250 682 472 729 701 765 855 325 608 550 212 1008 498 930 576 762 547 712 757 559 532 668 719 619 533 555 712 913 555 1098 1113 695 921 541 506 85 136 808 952 687 687 714 514 438 494 398 642 762 726 1140 372 928 794 922 561 238 721 896 826 208 881 939 420 535 155 732 356 966 935 314 489 676 962 270 775 677 823 501 480 47 493 960 366 897 445 433 812 900 1077 936 664 512 697 777 370 565 376 677 31 933 687 691 162 251 840 659 808 752 253 380 430 725 651 1072 349 185 902 665 962 776 218 422 678 984 885 692 432 408 257 366 847 833 674 101 692
256 590 632 588 706 608 65 296 575 708 873 635 164 641 453 17 292 495 423 254 653 567 278 520 693 334 676 643 650 411 436 682 251 587 417 679 414 203 203 404 512 636 610 431 719 515 644 497 198 386 587 570 432 263 60 588 529 117 673 365 450 0 487 375 224 662 443 634 443 742 496 334 244 590 194 321 285 588 681 407 173 391 272 285 415 709 240 566 632 771 541 156 242 666 281 240 492 198 759 53 538 295 446 140 665 439 549 706 210 442 390 537 267 578 399 212 158 710 283 513 334 331 760 375 702 595 345 231 572 752 274 699 570 205 590 136 778 219 345 651 221 273 590 333 126 502 392 248 322 300 273 697 767 750 147 432 819 583 644 762 725 430 610 588 209 462 521 362 134 487 265 335 763 557 403 360 252 655 49 604 661 368 242 706 686 267 580 628 484 340 630 248 262 857 151 718 696 301 509 564 264 473 329 801 751 503 309 281 453 282 135 90 221 712 597 727 79 650 398 885 223 276 271 813 376 597 786 637 182 507 593 283 418 666 621 228 139 399 531 446 391 597 622 54 420 414 278 906 198 607 600 475 686 459 680 516 497 556 247 400 125 164 647 227 429 598 363 676 576 549 552 561 490 362 447 169 428 473 353 685 564 265 757 746 587 436 493 247 275 700 828 371 227 524 637 297 560 613 726 355 320
285 138 764 290 352 220 548 479 613 236 555 347 396 646 628 503 205 417 68 714 790 262 253 230 411 692 256 504 492 323 66 313 303 99 837 233 76 503 685 344 35 215 693 660 309 305 339 191 439 321 433 207 126 750 458 637 94 523 325 191 780 487 0 170 634 279 703 806 309 335 794 532 607 248 304 701 568 128 310 625 327 618 216 511 218 356 285 727 839 463 94 530 410 533 426 330 831 657 449 529 656 467 204 483 248 349 474 942 693 172 513 214 712 811 107 519 402 373 587 521 702 492 433 115 217 858 704 664 257 511 485 424 713 615 746 561 452 282 523 404 670 215 417 503 561 137 186 491 184 708 242 448 375 302 344 505 408 706 181 370 405 330 582 333 296 480 675 782 366 89 349 320 397 651 189 239 666 244 461 154 542 214 704 460 375 236 475 388 102 791 544 706 457 501 343 354 441 665 300 444 278 749 718 513 287 177 691 335 348 769 605 453 320 413 267 452 529 163 218 540 265 719 440 441 508 810 410 160 669 380 865 495 486 188 155 471 355 105 389 586 190 329 188 451 359 768 760 541 424 122 593 459 312 407 366 331 203 466 436 172 605 332 726 434 776 161 780 435 822 707 65 299 50 207 600 654 419 77 790 342 638 640 338 579 237 93 671 360 262 215 479 787 714 535 826 419 73 160 536 723 705
262 223 800 428 510 234 426 310 670 403 712 487 338 716 639 388 173 493 109 572 825 210 101 356 553 529 424 610 603 167 104 314 145 255 679 403 140 344 578 185 175 262 740 656 476 198 295 316 397 158 537 358 61 627 331 692 165 442 480 235 748 375 170 0 482 290 691 830 386 503 774 362 448 396 181 645 402 297 470 622 253 611 148 343 295 514 250 751 853 615 179 380 387 639 417 305 797 565 416 406 689 299 89 335 415 417 556 950 565 72 345 170 629 815 67 360 343 528 550 579 540 322 409 88 372 853 656 516 397 648 317 368 742 543 773 478 607 156 353 535 584 129 309 333 421 127 32 460 62 641 216 583 541 472 255 539 576 741 278 536 376 179 658 460 166 530 698 626 283 233 183 151 559 692 262 282 595 281 337 235 644 46 563 595 524 198 567 516 241 643 636 564 290 663 224 353 375 504 191 538 259 734 660 662 455 308 531 168 421 648 472 369 169 560 413 398 435 307 65 702 187 637 272 606 339 821 574 279 550 468 857 327 519 306 258 436 267 166 264 606 34 461 356 328 417 725 630 705 382 262 663 518 473 255 330 215 326 552 271 30 500 211 777 271 737 227 624 567 822 731 219 425 143 38 617 543 469 215 638 325 685 582 507 698 218 81 685 340 107 347 640 631 593 594 845 417 226 330 659 673 546
462 704 838 791 904 691 173 233 795 868 1082 843 386 862 662 209 470 717 565 110 857 624 384 719 903 117 857 865 871 434 571 743 337 730 207 851 570 144 259 416 650 729 824 630 905 548 683 690 422 413 807 760 543 226 205 807 647 320 871 557 609 224 634 482 0 732 631 832 658 929 664 230 61 785 335 473 147 752 875 611 372 594 437 197 617 908 443 770 821 980 661 104 466 889 505 456 641 312 782 174 751 241 522 151 847 658 772 881 166 532 304 610 374 762 530 132 381 912 481 736 114 256 790 519 849 767 505 42 771 969 209 714 777 369 793 318 985 354 248 864 340 428 583 250 98 602 486 466 450 436 465 912 959 923 341 654 1007 793 758 954 757 448 833 797 339 685 729 150 341 658 308 372 961 772 598 565 397 740 210 715 884 455 106 921 892 453 802 841 659 162 854 103 223 1059 304 771 703 86 544 786 469 653 474 1013 917 693 86 327 671 245 116 314 315 921 795 738 272 787 475 1090 399 382 243 1011 292 786 983 761 197 726 762 209 641 788 739 448 338 567 527 662 483 805 797 216 641 565 196 1107 422 742 823 698 880 439 717 537 693 779 230 498 240 313 861 221 582 704 150 891 755 754 694 768 621 454 660 231 651 642 157 734 781 435 941 968 657 559 699 467 376 829 1031 157 209 747 830 521 701 781 947 508 96
532 151 1041 548 572 62 708 515 892 363 765 599 624 925 898 673 441 697 297 834 1067 110 383 500 656 748 452 775 761 304 276 35 416 255 910 408 334 589 864 325 246 74 972 924 499 198 104 464 679 322 706 459 241 905 613 917 186 732 555 461 1030 662 279 290 732 0 963 1081 589 520 1051 550 686 498 470 933 618 337 530 889 541 881 428 554 497 576 525 1002 1112 689 185 639 661 803 685 577 1080 855 177 688 932 505 218 599 450 628 753 1213 841 220 497 126 919 1080 292 601 629 599 832 800 762 509 157 328 296 1123 942 771 516 759 533 177 989 833 1022 768 670 445 534 661 874 414 250 519 690 172 270 739 350 931 484 699 564 449 545 781 571 983 148 560 135 294 861 596 453 759 949 862 573 364 427 360 601 929 467 512 885 48 621 140 814 294 825 711 613 471 751 648 377 894 819 826 513 694 512 75 202 730 200 720 527 1009 948 742 410 449 761 408 627 927 746 660 445 651 518 197 724 239 266 736 473 927 492 633 500 1081 604 185 831 659 1129 539 762 187 162 716 557 371 266 858 271 590 397 612 637 1010 901 722 664 223 872 738 529 340 109 220 477 744 502 263 787 500 1005 512 1021 125 858 691 1089 982 250 565 236 300 872 829 697 356 882 72 917 870 511 840 76 254 943 612 387 225 680 864 872 814 1100 681 248 361 795 960 775
432 840 225 593 699 902 465 736 278 833 773 603 362 338 112 448 524 382 668 596 237 899 631 569 626 748 745 473 493 800 688 993 633 780 769 776 634 646 404 801 737 911 249 50 763 880 985 578 299 777 467 640 726 498 498 271 785 326 674 512 114 443 703 691 631 963 0 203 440 775 96 776 671 630 548 183 725 734 700 81 447 85 543 727 502 700 442 157 190 696 791 595 304 478 279 387 155 334 1106 473 185 733 780 583 736 401 384 268 508 761 829 856 300 136 672 654 359 686 160 297 743 770 1098 635 864 163 149 617 601 620 714 1058 173 263 176 316 718 566 786 574 310 562 979 773 547 792 720 232 630 228 480 598 776 828 459 239 834 200 883 772 1065 819 354 556 567 289 141 726 431 644 672 729 746 215 522 466 248 938 486 855 462 711 586 600 648 495 419 558 633 669 419 594 700 801 520 1034 1064 717 873 430 437 47 195 695 853 593 715 682 412 499 515 373 607 651 623 1088 370 843 743 809 507 297 705 786 815 155 772 858 459 428 166 724 250 884 857 257 448 599 923 158 721 570 727 488 380 141 548 847 312 814 332 323 707 868 1020 890 569 400 681 721 392 528 276 661 134 859 729 579 135 149 759 555 735 700 140 416 326 642 699 1011 238 199 798 551 900 709 107 352 634 899 773 736 480 295 198 284 765 740 560 160 721
569 944 65 626 710 1020 663 920 227 887 729 616 528 250 194 642 658 413 786 799 54 1032 787 626 617 949 785 439 462 959 806 1113 798 868 971 824 747 837 607 964 841 1021 148 204 789 1027 1118 647 466 938 465 694 855 699 686 205 896 520 692 620 273 634 806 830 832 1081 203 0 506 795 215 964 870 673 712 382 919 807 723 229 607 244 685 916 589 709 584 80 59 673 899 789 454 431 417 529 282 537 1238 670 152 916 919 773 777 464 382 155 711 896 1012 986 499 101 799 846 527 690 353 303 944 954 1226 762 931 151 347 819 644 579 901 1196 93 465 60 515 700 726 973 570 513 707 1132 958 745 915 862 400 772 427 615 578 784 862 625 301 839 108 980 782 1195 977 301 579 730 330 133 928 600 732 843 893 746 164 617 569 450 1049 675 959 413 858 789 575 651 633 407 561 720 871 374 797 883 776 690 1155 1205 918 1019 431 571 196 391 657 896 664 916 850 470 699 716 557 775 642 660 1227 565 924 889 773 658 496 887 777 998 69 770 950 662 461 166 911 320 973 955 425 616 710 1080 225 863 592 784 675 450 318 749 816 476 904 277 358 729 1034 1151 1041 635 398 864 859 594 697 143 844 303 967 932 564 122 100 853 590 846 846 214 619 388 735 901 1136 186 402 818 484 1025 833 148 494 791 979 751 938 683 292 30 414 858 805 509 354 923
199 444 459 165 284 529 507 608 304 393 430 199 283 338 345 460 236 110 307 697 485 559 392 128 251 755 307 230 228 547 327 622 428 362 859 336 266 575 585 560 343 523 385 391 330 578 642 142 278 532 160 200 388 676 453 328 403 403 254 152 539 443 309 386 658 589 440 506 0 346 536 664 660 193 362 502 661 302 273 359 288 358 276 625 94 287 220 430 545 330 403 566 228 258 211 204 588 530 756 497 354 599 466 525 297 42 171 650 640 436 680 511 559 527 334 591 289 281 375 212 759 635 741 301 429 580 491 672 165 311 601 725 413 459 447 435 340 360 664 207 530 299 692 644 562 434 417 290 343 526 212 254 357 390 320 211 415 402 476 352 713 562 277 148 372 176 380 803 317 228 486 503 339 346 127 110 499 552 448 459 261 427 685 263 251 231 181 185 216 783 250 691 574 423 373 663 739 722 571 153 192 486 521 357 413 158 738 483 39 691 578 363 421 272 189 755 437 418 451 446 286 564 566 387 669 520 365 445 599 83 589 613 195 467 451 284 321 229 650 298 420 160 288 442 60 541 707 472 269 399 285 151 280 634 671 599 131 166 550 410 515 370 417 536 544 468 804 233 541 410 349 130 354 415 315 566 119 234 796 650 331 453 367 327 542 358 383 201 400 473 393 812 642 226 529 194 354 303 297 512 751
488 383 735 183 88 481 808 806 568 162 246 178 600 564 670 759 460 395 394 992 759 559 572 229 191 1004 79 369 347 658 399 552 621 281 1136 114 373 814 913 679 342 447 651 725 26 625 614 246 613 656 330 172 461 996 732 591 391 731 103 378 880 742 335 503 929 520 775 795 346 0 870 861 913 157 596 848 887 210 75 695 569 697 493 835 331 89 503 729 845 185 380 827 566 388 555 516 927 865 693 793 650 795 535 781 88 379 413 949 951 504 847 519 901 841 437 830 608 114 721 497 1013 822 669 430 231 898 838 953 182 280 809 695 707 800 740 767 159 580 853 229 868 504 728 833 843 454 521 634 502 872 470 240 44 85 598 536 77 687 372 40 654 664 501 220 595 488 687 1080 608 277 674 653 85 632 339 387 842 472 731 388 405 548 980 248 149 479 388 235 274 1075 433 985 780 175 625 584 719 975 620 364 480 820 868 237 131 239 997 662 366 1013 875 678 631 172 158 717 757 281 553 217 531 906 765 113 841 827 84 335 915 348 910 820 525 335 360 626 605 366 712 621 525 206 147 723 402 885 1019 208 601 304 522 454 68 740 628 652 247 397 758 507 837 617 671 752 888 407 1079 245 858 712 306 221 375 541 639 889 450 295 1081 592 609 798 24 385 519 428 701 528 581 306 160 1087 961 506 822 539 303 178 340 859 1012
520 931 260 688 793 990 508 792 355 928 860 697 439 407 202 499 611 476 757 614 263 983 708 664 717 779 841 559 580 874 777 1080 706 874 780 872 725 697 418 873 829 1001 309 145 858 959 1069 674 378 850 558 736 812 503 554 343 875 380 769 604 61 496 794 774 664 1051 96 215 536 870 0 829 710 726 622 191 771 829 795 177 525 179 627 780 597 794 527 203 176 786 882 641 390 562 369 474 72 354 1189 519 257 791 862 636 832 497 474 217 524 845 886 941 303 117 759 704 435 779 227 386 772 827 1183 723 959 103 159 644 697 707 770 1139 226 298 214 362 809 642 840 666 327 645 1054 829 588 879 802 314 712 232 567 688 870 923 533 334 928 255 975 866 1149 893 434 651 642 383 211 742 504 737 740 801 839 286 616 559 267 1027 543 946 545 791 605 689 741 581 508 651 727 679 502 613 758 892 591 1121 1144 750 952 521 525 50 194 783 949 689 744 752 508 499 548 437 678 743 718 1170 419 937 824 898 588 298 765 879 872 148 865 951 478 523 98 779 345 977 949 338 522 690 998 250 803 665 823 545 476 108 553 937 392 907 410 417 802 938 1104 968 664 490 741 804 424 600 327 721 92 950 746 670 101 205 851 650 825 781 232 437 421 735 711 1096 311 233 893 631 986 797 183 440 710 993 864 752 491 382 197 376 858 836 644 158 749
472 560 957 759 857 521 326 56 876 764 1053 817 449 938 777 330 434 750 468 339 979 440 291 684 883 202 782 892 892 248 465 554 244 615 365 764 488 132 465 226 536 564 924 762 835 354 483 648 506 235 824 705 415 452 279 893 513 451 826 528 781 334 532 362 230 550 776 964 664 861 829 0 169 738 302 647 83 659 821 736 392 720 394 49 595 861 450 893 965 953 527 193 534 919 576 488 820 500 569 312 856 67 365 194 773 679 812 1040 388 386 74 439 569 912 426 128 448 872 616 800 217 43 581 431 729 928 674 271 732 966 66 500 894 533 917 467 950 305 18 854 528 374 365 31 254 456 351 567 359 619 452 903 897 834 363 730 936 905 610 892 549 256 895 780 292 747 845 323 381 584 188 215 910 871 568 556 574 569 290 568 918 320 335 914 860 433 835 832 590 372 897 332 91 1014 299 575 486 192 351 812 476 807 653 994 817 645 223 199 689 473 310 408 244 895 753 522 410 661 327 1050 378 578 99 959 63 930 928 623 408 744 926 54 713 647 597 544 368 501 313 763 348 784 716 289 667 741 426 1058 499 616 891 750 824 223 514 336 654 815 115 365 419 299 963 130 758 554 319 884 909 875 580 746 503 325 767 431 698 566 351 537 874 596 867 991 480 442 820 513 282 692 989 324 431 813 969 587 587 691 960 683 235
461 667 872 784 894 647 206 178 819 843 1078 837 398 885 694 233 457 726 538 170 892 577 354 710 900 95 839 874 879 384 542 695 305 701 231 830 547 104 315 365 620 687 853 666 888 497 632 679 441 365 813 746 508 287 211 832 612 351 861 548 656 244 607 448 61 686 671 870 660 913 710 169 0 774 318 521 86 728 862 646 372 629 421 140 610 898 441 805 861 975 626 94 482 899 522 461 690 362 727 201 781 186 480 135 829 664 784 926 226 493 244 565 427 804 501 89 394 904 517 755 100 198 736 494 819 812 551 102 762 970 155 659 810 412 828 355 978 334 187 863 390 409 527 191 125 563 448 491 422 486 458 912 945 902 339 675 991 825 720 940 704 397 851 794 319 702 762 178 345 639 268 327 950 800 589 561 445 697 218 677 895 417 166 921 885 444 813 841 640 210 867 163 173 1050 293 721 647 62 494 794 468 695 522 1011 892 681 84 286 676 306 163 333 287 916 785 683 305 755 435 1082 388 435 193 1000 232 826 971 726 253 732 808 153 661 753 703 472 339 548 472 690 445 801 777 223 648 613 257 1097 439 710 843 713 867 382 665 485 683 790 184 461 286 299 891 179 630 666 176 891 799 788 664 764 590 417 690 284 664 621 196 684 808 478 924 977 612 527 732 477 346 795 1023 183 269 766 869 537 672 758 953 556 99
334 348 618 53 120 447 655 682 452 215 316 101 444 463 530 607 317 261 289 842 643 506 447 72 163 867 115 286 269 561 301 533 495 244 991 152 257 678 756 581 270 425 536 581 138 553 576 95 456 554 225 41 368 841 584 476 331 574 88 228 731 590 248 396 785 498 630 673 193 157 726 738 774 0 456 693 756 163 91 549 418 550 354 708 176 124 350 601 718 219 325 685 408 312 399 360 780 707 675 641 523 672 450 639 106 229 295 823 797 417 735 459 744 707 330 694 451 134 566 370 874 702 655 313 266 763 684 807 29 265 682 661 582 642 615 609 212 444 733 162 710 369 665 713 696 384 421 478 381 715 321 202 178 197 448 395 231 565 360 172 633 571 397 104 458 350 555 935 456 165 550 542 176 509 188 231 685 454 582 359 325 443 830 214 128 332 280 151 156 926 340 835 653 277 482 571 681 836 548 250 326 676 712 267 225 94 857 541 218 857 724 522 500 166 20 687 601 280 455 312 387 749 640 226 727 697 198 323 761 212 773 693 381 336 340 468 454 238 637 481 424 95 117 574 251 734 865 324 444 279 415 318 97 648 598 579 93 282 630 408 681 475 562 622 737 374 935 192 723 583 251 84 297 433 499 733 304 182 934 568 488 642 176 342 474 334 564 371 457 327 251 942 806 381 698 383 252 147 297 705 871
171 397 692 469 577 415 248 247 589 535 764 525 186 647 518 207 140 449 237 410 716 381 90 395 589 410 522 590 590 252 247 492 86 403 541 516 236 222 397 254 325 443 647 520 571 341 462 362 249 229 522 428 238 450 155 608 337 266 544 233 588 194 304 181 335 470 548 712 362 596 622 302 318 456 0 475 303 417 544 488 105 475 103 262 298 580 150 635 725 662 349 232 259 617 298 194 636 385 580 228 585 238 257 186 512 377 512 814 391 251 324 347 449 679 208 238 189 587 395 508 418 275 577 189 521 710 490 363 445 667 238 524 631 368 658 301 663 25 302 556 404 93 432 283 257 308 201 316 129 467 150 606 627 588 89 445 673 636 452 622 543 271 599 484 20 454 583 485 118 323 135 182 632 595 274 255 420 462 159 411 617 180 399 616 571 133 534 534 324 488 597 402 211 733 42 529 525 380 334 510 175 587 489 701 582 363 402 140 387 471 301 195 65 603 468 554 254 464 212 766 77 458 205 682 312 690 653 446 372 442 712 251 427 475 430 291 100 232 376 494 200 490 461 150 367 561 458 780 238 420 597 453 549 323 498 347 366 514 187 208 318 30 685 174 574 405 484 586 683 615 367 452 301 172 501 363 401 306 490 499 593 413 606 689 396 244 564 225 90 511 706 492 416 521 722 305 375 446 659 506 416
416 829 407 667 783 874 322 615 436 873 893 691 310 502 265 320 500 481 652 423 419 853 565 624 728 588 803 602 619 721 670 958 553 791 592 825 626 516 228 717 733 892 425 206 831 816 936 621 262 696 578 692 692 318 381 436 770 213 754 521 136 321 701 645 473 933 183 382 502 848 191 647 521 693 475 0 586 762 775 209 392 196 505 599 535 785 416 339 358 804 779 457 296 614 295 371 173 163 1055 336 355 615 729 456 793 472 504 408 334 717 709 814 118 297 644 521 304 776 127 427 581 649 1051 611 891 295 35 453 666 744 591 999 354 116 358 185 822 498 660 676 136 519 902 650 400 762 670 218 584 46 460 710 858 886 391 347 916 379 879 853 1017 740 505 641 495 399 316 552 362 662 579 645 836 383 544 486 76 916 369 845 601 653 415 714 741 469 541 657 654 492 558 423 582 907 439 998 1000 559 809 543 423 188 20 814 903 634 553 593 485 317 358 281 524 753 691 1029 242 856 686 922 459 115 592 881 694 325 862 861 287 519 289 600 348 889 853 233 379 596 844 295 670 654 771 374 448 94 368 955 277 821 485 430 782 776 972 821 615 518 568 674 235 450 455 548 110 845 556 689 287 330 763 630 722 644 282 246 411 655 523 970 403 63 869 693 862 683 281 344 565 912 878 562 303 429 373 310 771 776 693 35 557
464 613 917 772 876 583 264 103 849 804 1067 828 421 913 737 278 442 738 501 256 938 507 317 697 892 131 811 884 886 314 502 624 267 657 292 797 516 88 392 293 577 625 890 715 862 424 557 663 472 297 819 725 459 372 237 864 561 400 844 536 721 285 568 402 147 618 725 919 661 887 771 83 86 756 303 586 0 693 842 692 377 675 403 63 601 880 442 851 916 965 576 131 506 910 548 472 758 432 648 253 820 113 420 149 801 671 799 986 309 437 157 501 500 860 461 75 418 888 567 778 145 115 658 460 774 873 614 188 747 969 86 579 854 473 874 411 965 313 102 859 460 387 445 107 186 508 397 529 387 554 452 908 922 868 346 703 964 867 665 916 626 325 874 787 298 725 805 246 359 610 219 266 931 837 577 556 511 632 247 622 908 365 253 919 873 435 825 837 614 290 883 249 112 1033 289 648 566 114 421 803 469 753 589 1004 855 662 144 234 682 392 237 367 257 906 769 602 356 707 378 1067 378 508 131 980 146 880 950 674 332 738 870 79 687 700 649 507 348 523 392 728 393 793 746 249 657 679 343 1079 468 662 868 732 846 302 589 410 668 803 132 410 353 292 928 135 696 609 242 888 856 833 621 755 545 367 729 359 681 592 271 610 842 538 896 985 545 482 778 493 308 743 1007 248 352 790 921 561 628 724 958 621 158
355 188 757 215 241 288 651 606 595 120 442 263 472 615 644 605 297 397 192 826 783 356 377 184 319 815 132 447 431 448 194 371 427 82 956 105 181 626 777 470 132 263 679 687 185 416 420 160 504 447 382 126 251 850 566 620 183 605 220 242 824 588 128 297 752 337 734 807 302 210 829 659 728 163 417 762 693 0 198 653 418 650 319 637 232 245 363 731 847 357 174 648 465 474 471 395 874 741 514 634 655 594 325 601 125 343 443 952 797 294 641 313 790 828 233 642 480 266 640 507 825 619 493 234 131 880 759 780 184 422 611 504 714 690 747 643 341 398 650 325 750 325 523 630 674 244 313 544 307 775 322 362 252 175 442 513 281 701 197 247 472 454 550 265 412 477 681 901 459 103 475 448 280 645 218 276 738 292 567 197 486 341 815 374 277 323 434 314 109 905 498 818 583 381 453 409 525 787 411 403 347 780 780 410 165 143 812 462 337 869 713 540 441 315 183 529 620 120 344 422 366 796 566 320 636 822 289 160 769 352 889 622 496 175 177 529 451 189 503 598 317 257 65 558 360 818 866 418 490 116 564 449 198 530 440 443 171 431 562 299 698 443 708 559 824 214 899 354 842 712 98 238 165 335 615 749 421 115 907 408 627 704 212 505 320 220 684 418 386 173 362 907 815 520 830 459 96 33 459 780 827
425 384 664 108 43 484 746 765 497 195 246 107 534 496 595 698 406 320 361 933 688 554 529 162 136 954 82 304 283 632 370 564 578 278 1081 132 334 765 845 652 325 456 580 650 66 612 617 185 543 627 259 117 435 931 674 520 380 664 33 318 805 681 310 470 875 530 700 723 273 75 795 821 862 91 544 775 842 198 0 620 509 622 441 792 266 47 441 656 772 160 372 774 495 325 483 450 852 796 706 732 577 754 514 728 82 304 340 876 887 482 813 511 830 767 403 781 541 69 648 423 962 783 684 391 260 824 764 897 112 236 766 701 634 729 667 698 143 531 815 164 798 455 720 794 786 440 492 562 461 799 411 185 87 142 539 461 143 615 384 82 665 640 433 146 545 413 613 1025 547 238 632 619 90 559 278 322 770 483 673 392 341 516 921 195 91 422 317 166 231 1017 367 926 737 194 571 599 723 924 606 292 417 745 794 213 182 182 945 622 292 947 814 612 585 124 86 725 691 295 525 232 476 835 723 138 806 753 108 346 851 273 835 777 450 352 368 554 544 320 697 547 495 132 134 664 328 811 956 238 532 308 453 380 7 717 635 638 183 325 714 479 771 564 602 707 813 410 1024 185 784 639 295 146 356 508 565 823 375 256 1025 602 537 725 98 334 518 401 626 459 539 331 170 1032 896 433 750 466 294 169 287 785 960
361 763 227 513 620 828 440 692 227 752 703 525 303 293 57 415 452 304 593 590 246 829 568 488 550 728 664 405 424 739 613 919 575 701 766 695 558 609 407 742 660 835 223 35 682 814 915 497 240 717 393 559 654 506 458 227 709 294 595 434 187 407 625 622 611 889 81 229 359 695 177 736 646 549 488 209 692 653 620 0 385 17 474 687 422 622 372 159 236 622 715 563 236 413 205 317 232 336 1036 445 149 688 711 545 655 321 312 328 505 691 784 784 318 193 599 619 301 608 131 227 725 726 1027 562 783 234 181 602 521 551 672 990 166 256 183 294 643 505 744 498 316 494 916 730 521 719 652 173 561 252 408 525 697 747 401 161 755 184 805 693 994 758 297 477 508 213 119 719 374 564 617 670 669 177 442 387 257 862 447 778 398 644 580 527 571 424 348 481 553 669 355 587 655 727 465 961 996 696 807 356 365 128 226 624 772 513 697 626 331 510 498 328 550 576 542 1020 341 763 676 737 441 317 658 710 770 202 695 780 455 349 240 683 170 805 779 198 391 522 861 88 653 491 646 447 299 202 553 774 251 735 276 246 627 811 949 826 488 327 635 651 379 472 256 616 199 783 722 505 200 143 680 475 659 633 74 412 246 563 695 939 194 201 718 489 827 636 87 281 571 819 699 729 483 227 235 208 687 659 494 199 705
90 444 587 420 536 482 238 339 488 538 710 470 86 547 413 190 123 361 269 424 611 462 184 350 531 467 503 507 509 354 284 566 191 425 577 507 251 290 360 357 355 502 543 417 546 434 547 325 148 332 443 398 300 433 168 506 384 197 502 192 496 173 327 253 372 541 447 607 288 569 525 392 372 418 105 392 377 418 509 385 0 372 116 348 246 539 70 530 621 608 394 278 154 533 193 96 545 330 667 223 480 332 339 237 492 294 422 712 382 325 423 423 387 577 255 305 91 542 299 409 471 370 661 223 537 610 403 390 402 599 326 615 526 294 553 235 613 120 395 492 344 127 532 377 279 370 280 215 192 391 100 541 595 577 32 343 646 531 496 590 628 373 503 425 123 355 478 520 40 316 239 286 593 491 231 192 347 525 165 459 531 266 412 550 520 95 447 470 313 508 507 417 302 689 93 606 619 434 427 426 97 488 407 641 580 330 450 245 306 451 305 126 169 548 426 645 203 489 299 719 67 395 299 643 410 587 615 483 351 361 612 339 325 512 472 189 35 231 477 389 280 433 450 157 280 472 451 737 135 449 499 358 515 428 582 444 326 426 279 283 280 96 581 262 484 457 520 520 581 510 392 396 339 256 396 331 306 303 517 578 490 330 584 608 470 294 459 123 187 542 661 528 397 422 617 201 400 442 582 420 464
351 755 244 514 623 819 423 676 241 750 710 528 289 308 73 399 442 308 585 573 263 819 555 486 555 711 664 414 432 726 605 910 561 696 749 694 550 592 391 729 653 827 239 45 684 802 905 495 226 704 399 558 644 490 442 241 701 278 597 428 183 391 618 611 594 881 85 244 358 697 179 720 629 550 475 196 675 650 622 17 372 0 463 671 418 625 361 176 250 628 707 546 224 423 196 306 230 319 1025 428 166 672 700 529 655 321 319 340 488 681 768 774 302 205 590 602 287 612 114 236 708 710 1017 553 780 243 169 585 521 559 656 979 183 239 199 277 649 492 729 503 300 483 903 714 504 710 641 159 550 238 399 531 700 747 387 166 758 201 799 696 984 745 309 480 494 218 136 702 360 559 603 657 672 192 437 381 241 855 431 771 408 633 563 534 575 414 355 486 548 652 365 570 639 733 450 952 985 679 795 362 355 131 213 632 771 510 680 612 332 494 481 312 537 581 543 1009 324 758 665 744 429 302 643 714 755 215 698 774 438 352 248 667 173 799 773 184 377 515 849 99 642 494 645 431 298 195 536 780 237 730 289 251 629 798 939 814 485 334 620 641 362 458 273 600 194 775 705 511 211 160 674 476 651 622 86 395 247 557 678 929 209 185 719 500 818 627 104 271 559 814 704 712 467 237 250 200 681 657 503 187 688
116 329 657 369 474 369 334 337 535 439 664 425 196 587 493 288 41 374 154 507 682 357 116 294 490 513 420 506 504 282 169 455 152 315 644 416 142 324 469 292 242 387 602 508 468 342 442 260 251 264 436 325 187 535 247 557 268 312 441 135 602 272 216 148 437 428 543 685 276 493 627 394 421 354 103 505 403 319 441 474 116 463 0 358 202 478 102 606 706 562 278 335 239 535 270 157 652 444 563 316 547 327 237 289 409 298 438 802 479 218 404 314 502 667 139 340 201 485 404 448 521 362 556 108 430 705 514 463 343 572 333 516 598 410 628 350 561 91 391 460 459 24 448 371 355 257 178 313 87 506 73 510 524 487 129 398 570 599 381 518 523 299 533 387 105 396 553 587 153 222 210 229 529 552 174 166 462 411 248 344 537 173 496 521 470 53 455 439 222 588 521 500 305 631 134 495 522 483 334 429 115 587 521 602 484 260 505 207 306 554 394 241 150 503 366 546 315 378 204 664 50 510 294 579 394 674 549 369 454 359 709 345 379 398 357 289 140 131 398 461 179 391 360 239 293 582 547 677 236 337 535 388 446 366 477 356 265 437 281 178 389 125 639 271 593 342 587 491 674 585 281 353 224 161 472 438 337 206 591 470 546 443 504 603 360 178 539 193 124 430 604 594 499 462 699 271 289 346 569 532 519
430 551 909 726 827 520 278 39 830 746 1021 783 402 892 729 281 398 708 445 307 931 444 263 651 848 194 757 851 852 250 444 561 214 598 355 742 462 84 421 230 518 562 877 713 809 362 495 616 458 233 784 675 399 414 230 846 500 402 795 493 732 285 511 343 197 554 727 916 625 835 780 49 140 708 262 599 63 637 792 687 348 671 358 0 559 831 408 845 916 920 515 147 487 878 529 444 772 453 588 264 808 50 357 145 748 637 770 991 349 376 114 438 523 863 404 81 401 841 567 755 208 60 597 405 714 879 626 239 700 929 26 519 846 484 868 418 918 268 61 818 481 340 387 55 209 446 336 519 333 572 413 867 870 812 318 684 911 856 602 865 565 262 850 745 254 701 797 308 335 558 162 203 881 824 533 517 526 569 241 560 877 305 302 878 828 395 793 796 562 349 854 299 55 984 256 585 507 176 359 771 435 758 605 960 797 614 207 176 648 435 267 359 209 861 721 543 361 647 316 1020 339 531 71 930 100 881 900 612 365 703 877 16 667 638 588 496 323 472 332 715 333 750 692 240 625 693 391 1029 452 602 845 705 796 243 527 348 622 773 78 350 372 256 915 88 709 547 305 848 860 826 563 712 486 308 719 386 654 540 332 548 827 547 842 951 482 424 771 468 254 682 958 311 391 768 920 541 569 669 921 634 221
159 355 546 175 290 436 481 539 396 339 467 227 269 432 417 433 161 203 213 668 572 466 312 105 291 704 274 315 309 459 233 530 353 281 822 291 172 519 581 474 253 433 475 456 310 485 548 88 286 446 242 162 294 666 413 420 311 401 257 67 592 415 218 295 617 497 502 589 94 331 597 595 610 176 298 535 601 232 266 422 246 418 202 559 0 294 176 512 625 365 312 518 241 344 241 185 642 535 663 467 438 529 373 475 263 131 264 729 621 343 604 417 575 601 241 535 276 296 411 304 711 563 648 209 363 651 530 636 156 370 534 632 497 473 530 436 368 291 593 259 539 222 599 573 525 341 326 317 257 552 152 308 353 354 276 289 407 488 391 348 619 473 370 186 305 262 460 765 282 144 411 421 348 433 34 56 519 462 410 370 349 338 657 319 276 167 272 237 132 754 341 662 506 443 317 572 646 673 478 242 151 549 554 402 369 99 692 406 132 682 550 347 351 306 181 661 425 341 360 474 224 581 496 398 594 598 371 362 585 173 659 546 271 386 365 304 281 135 559 373 329 192 236 402 141 587 690 492 273 316 379 241 272 547 578 506 85 259 482 318 505 312 508 471 593 378 765 289 614 491 264 154 262 327 388 558 202 146 763 558 420 480 348 406 449 264 459 199 321 397 415 773 630 318 610 228 269 242 370 551 705
453 431 649 123 4 531 774 805 482 235 199 97 558 476 592 726 441 318 405 962 672 601 570 189 102 991 126 280 258 677 415 610 618 325 1114 174 376 802 867 697 371 502 565 650 94 658 664 218 563 671 245 157 480 956 706 505 427 685 37 351 808 709 356 514 908 576 700 709 287 89 794 861 898 124 580 785 880 245 47 622 539 625 478 831 294 0 470 645 761 113 419 808 513 299 498 474 854 815 752 761 567 795 560 763 127 313 329 864 914 528 856 558 846 759 447 818 565 26 658 415 998 825 730 433 302 817 772 929 138 196 805 747 623 746 655 719 97 568 856 141 816 493 767 835 818 486 536 576 503 812 443 151 76 171 570 461 134 602 430 73 711 685 414 145 582 411 606 1057 576 281 673 662 54 547 310 349 785 529 704 439 316 560 950 160 60 455 302 149 274 1047 345 955 777 153 605 644 769 960 653 280 445 744 805 166 215 218 980 663 300 971 844 637 623 85 113 771 715 340 570 189 510 851 763 104 848 744 79 392 876 272 829 817 452 397 414 570 575 360 744 544 540 132 181 696 337 816 982 200 552 354 435 377 47 762 682 685 215 313 754 524 794 598 583 746 817 456 1057 156 777 630 342 157 402 552 562 846 379 299 1056 648 524 738 113 298 565 446 621 481 579 374 127 1065 921 423 737 480 341 216 252 793 994
22 413 557 350 466 464 305 396 443 481 640 400 111 499 391 257 85 300 236 492 582 458 206 281 461 536 438 442 444 378 254 553 229 379 647 446 210 356 416 385 317 478 505 406 480 443 544 257 156 358 377 331 285 495 238 463 354 242 433 126 505 240 285 250 443 525 442 584 220 503 527 450 441 350 150 416 442 363 441 372 70 361 102 408 176 470 0 505 604 538 363 347 138 469 168 55 556 379 664 291 448 388 339 306 428 229 362 700 448 319 474 414 429 565 233 371 118 472 308 359 541 425 656 197 486 604 422 460 332 530 385 618 498 331 527 280 543 155 452 423 388 123 548 433 349 352 280 214 189 422 44 471 528 515 102 302 579 500 462 522 623 396 449 355 164 306 452 590 106 260 283 318 524 455 164 122 381 503 235 429 468 274 481 481 450 54 385 400 255 577 447 486 360 619 154 594 624 503 436 362 27 486 433 571 520 264 520 285 240 512 374 179 214 478 357 648 258 444 306 648 79 436 354 574 462 572 547 445 414 296 608 398 283 473 437 192 105 183 497 360 281 363 389 227 217 488 516 668 141 407 448 303 447 459 578 457 257 364 336 279 338 152 543 321 498 429 591 450 572 485 349 326 306 263 370 390 251 249 587 569 451 355 518 543 458 271 437 91 212 499 591 598 459 373 598 169 357 384 515 441 533
490 865 69 556 645 940 599 848 169 815 681 551 452 210 117 575 578 341 707 744 87 953 708 551 557 887 715 384 406 881 727 1034 721 791 919 753 668 767 556 886 762 942 107 141 721 947 1039 572 391 860 401 621 776 652 616 151 817 454 626 541 253 566 727 751 770 1002 157 80 430 729 203 893 805 601 635 339 851 731 656 159 530 176 606 845 512 645 505 0 117 617 821 722 376 380 339 450 275 485 1158 604 79 843 840 704 707 388 316 222 658 817 939 906 455 119 720 777 452 627 289 232 883 882 1147 682 857 179 305 760 572 528 829 1117 25 409 24 452 643 649 901 508 463 628 1053 886 680 836 782 327 693 385 536 521 721 793 549 222 777 53 902 718 1116 899 248 511 653 254 53 874 524 655 767 815 684 99 539 490 401 971 605 881 362 779 734 519 588 554 345 497 642 820 320 742 811 722 615 1076 1126 855 940 365 492 168 351 606 826 588 855 774 394 654 656 486 698 583 590 1147 500 848 810 723 580 453 813 718 925 99 710 873 608 389 193 840 241 896 877 351 540 631 1001 146 784 524 711 605 373 291 701 764 400 827 224 284 662 957 1072 962 560 332 790 780 536 621 124 771 280 888 877 505 140 21 775 519 767 767 135 565 311 657 848 1057 124 348 752 441 946 753 73 415 713 903 696 884 633 223 99 335 781 731 461 316 863
591 978 124 673 761 1050 656 923 280 932 786 666 539 308 214 638 681 458 815 780 112 1058 803 668 670 937 831 494 517 975 836 1143 811 905 950 870 778 836 586 978 874 1053 204 206 838 1048 1144 688 476 953 516 738 881 675 687 259 928 516 742 651 237 632 839 853 821 1112 190 59 545 845 176 965 861 718 725 358 916 847 772 236 621 250 706 916 625 761 604 117 0 728 932 785 470 487 436 549 238 518 1264 664 196 920 942 772 824 504 432 105 691 921 1016 1012 474 61 826 844 537 741 349 349 932 958 1254 788 973 96 324 805 689 635 903 1221 138 451 105 506 754 741 975 622 492 727 1151 961 737 943 884 409 794 402 638 632 836 910 637 336 892 159 1016 833 1222 994 356 627 744 371 166 909 610 769 853 906 798 213 651 601 430 1081 675 993 469 878 771 630 703 655 459 612 757 849 429 779 887 832 701 1184 1228 907 1040 481 594 170 365 713 942 704 903 862 510 672 704 560 787 696 707 1251 560 963 910 830 676 470 892 831 1002 35 823 987 643 506 111 913 354 1010 990 434 627 741 1097 254 885 641 828 676 487 284 725 872 487 941 332 401 779 1047 1178 1060 676 448 868 882 581 708 202 848 268 999 913 617 76 136 889 636 877 867 239 601 426 771 880 1165 237 386 868 542 1053 861 169 514 807 1018 807 919 660 339 30 436 895 847 566 327 909
519 544 609 193 117 644 836 896 449 343 102 138 613 427 584 788 523 323 507 1025 630 713 662 268 79 1070 238 234 211 780 519 723 708 438 1184 285 475 883 913 799 481 615 525 646 199 767 777 305 607 773 229 258 586 1006 776 469 538 732 138 429 808 771 463 615 980 689 696 673 330 185 786 953 975 219 662 804 965 357 160 622 608 628 562 920 365 113 538 617 728 0 530 883 555 243 532 532 850 855 865 824 542 886 666 840 240 345 312 827 970 634 952 669 878 735 549 899 619 91 680 400 1076 918 843 531 411 795 787 998 221 104 894 860 594 781 623 763 30 653 948 128 852 579 877 928 887 596 639 608 597 836 517 98 149 270 640 463 187 569 543 150 824 789 372 184 667 410 584 1128 641 383 765 760 102 518 388 416 815 642 772 552 261 661 1013 98 92 532 278 149 374 1112 299 1019 866 106 682 757 882 1038 762 266 511 737 824 53 316 309 1057 757 330 1020 907 693 711 60 202 884 767 453 674 118 589 882 854 110 944 716 116 505 929 287 808 906 458 509 527 606 643 455 852 538 643 175 294 765 368 823 1037 152 598 467 396 377 160 867 795 794 298 296 842 627 844 677 537 833 821 569 1128 117 755 604 454 212 510 652 555 896 394 401 1123 761 493 764 204 215 677 551 605 531 672 485 79 1136 972 404 702 514 453 329 174 807 1070
366 50 858 371 415 127 597 479 707 248 616 426 470 740 719 555 279 511 127 750 884 183 278 318 486 704 304 593 580 294 110 219 324 100 857 268 157 523 743 317 61 121 787 749 356 245 252 280 519 298 523 284 118 800 503 732 14 591 392 281 865 541 94 179 661 185 791 899 403 380 882 527 626 325 349 779 576 174 372 715 394 707 278 515 312 419 363 821 932 530 0 559 494 622 513 412 916 722 357 578 750 468 167 514 298 443 567 1034 739 142 496 139 781 903 142 538 476 439 670 616 717 485 340 170 202 949 784 695 338 589 490 337 807 687 840 629 515 325 516 485 737 271 349 497 599 77 179 574 220 782 320 527 423 328 406 599 445 800 103 419 314 295 676 417 337 575 768 804 431 179 359 313 453 746 283 331 739 150 508 66 631 211 740 539 447 310 567 471 192 822 635 742 463 553 391 260 357 681 240 536 360 837 796 582 301 266 708 342 442 820 648 519 348 485 344 364 592 133 200 595 328 788 445 492 494 903 461 100 721 473 955 499 580 128 80 553 417 192 332 678 182 412 239 499 453 850 805 589 504 90 686 553 372 368 276 272 293 559 446 166 663 379 820 448 859 68 802 516 913 800 76 385 57 209 693 710 514 170 817 250 732 717 378 663 150 105 763 444 285 168 535 809 765 629 919 507 78 205 619 803 723
368 603 789 693 804 595 134 172 728 765 985 745 305 793 609 148 368 632 462 195 809 533 281 620 807 189 754 780 784 349 468 652 235 626 309 748 466 65 275 334 546 631 765 586 802 462 598 590 350 326 719 658 441 279 117 742 545 270 771 457 591 156 530 380 104 639 595 789 566 827 641 193 94 685 232 457 131 648 774 563 278 546 335 147 518 808 347 722 785 883 559 0 389 805 430 366 629 307 702 122 694 175 425 47 744 569 690 855 213 434 260 515 377 730 427 65 301 813 437 662 193 203 708 415 745 742 485 136 671 876 146 636 726 343 746 280 886 250 207 770 335 324 511 201 64 502 386 403 346 427 366 818 858 820 246 584 904 740 657 852 674 365 758 701 236 609 677 253 251 555 212 280 861 712 498 468 382 644 125 615 801 355 186 828 794 353 718 747 556 263 773 187 148 960 203 682 628 156 458 699 374 622 461 918 813 592 173 231 582 300 123 243 212 824 695 662 225 684 378 991 298 385 165 911 246 750 882 659 221 637 739 151 569 687 638 383 244 464 453 602 383 709 693 129 553 551 265 1008 347 639 750 619 779 368 633 455 593 696 146 398 226 210 803 131 567 605 252 797 726 705 590 671 518 353 603 240 570 538 260 646 719 408 838 883 563 457 649 382 274 727 932 260 252 673 791 444 598 677 858 492 187
129 543 433 390 511 600 299 484 343 578 653 427 85 407 260 257 221 256 368 485 458 595 333 337 476 574 514 404 412 506 388 690 345 497 655 532 337 418 358 510 443 612 392 269 546 578 681 329 51 484 352 402 422 451 272 359 487 177 479 226 371 242 410 387 466 661 304 454 228 566 390 534 482 408 259 296 506 465 495 236 154 224 239 487 241 513 138 376 470 555 494 389 0 426 42 83 422 302 802 293 327 478 476 358 503 211 308 564 420 457 571 552 335 429 369 431 88 508 177 273 575 516 794 333 595 466 295 471 384 521 468 754 372 234 399 207 567 273 539 429 303 259 681 522 367 489 417 81 326 311 177 472 581 595 175 197 638 378 590 576 761 524 370 376 277 221 324 601 153 366 392 439 566 339 248 190 278 638 264 559 420 409 473 479 478 191 339 407 357 571 388 480 446 650 242 731 761 541 571 326 135 348 315 578 610 341 551 398 226 465 370 153 323 498 409 785 215 562 441 673 206 341 446 615 558 437 592 569 376 275 471 480 181 597 564 63 168 305 627 235 417 388 477 260 189 358 484 700 45 528 362 233 502 581 716 590 324 316 424 417 290 247 430 406 366 561 603 450 435 356 470 357 437 398 243 341 187 359 589 707 340 239 584 506 596 407 306 50 338 618 621 610 418 285 465 56 478 480 489 316 562
448 652 367 260 300 748 725 864 211 515 301 222 504 184 366 682 494 173 549 910 388 794 650 304 198 993 402 29 43 803 567 838 686 553 1081 450 509 823 765 817 562 731 284 431 389 825 872 342 474 789 102 348 633 864 689 229 625 596 293 408 592 666 533 639 889 803 478 431 258 388 562 919 899 312 617 614 910 474 325 413 533 423 535 878 344 299 469 380 487 243 622 805 426 0 390 439 630 699 978 719 308 855 713 768 398 240 119 585 840 683 937 746 705 499 582 837 508 275 499 187 996 892 960 552 574 559 590 897 290 148 854 957 356 617 384 618 270 617 919 161 689 557 939 900 791 668 669 451 600 651 469 152 368 467 564 269 419 330 670 366 935 817 132 209 628 221 353 1027 555 444 743 761 325 282 377 369 641 761 682 665 18 682 898 147 239 488 87 164 431 996 60 905 828 345 623 877 974 960 818 107 443 514 632 226 508 356 973 741 230 874 796 578 678 221 294 985 638 592 704 343 541 708 822 349 927 477 347 634 794 176 573 867 272 648 648 459 563 475 901 325 672 217 428 676 253 614 902 385 471 589 156 197 331 891 898 847 330 110 804 660 708 622 295 790 610 678 1029 143 520 369 553 238 582 670 340 755 239 456 1015 871 257 585 411 82 770 600 378 423 658 638 321 1036 833 186 461 373 556 459 82 610 985
156 562 394 376 495 623 336 526 301 580 628 408 127 365 224 295 247 224 389 520 419 624 370 329 453 614 508 369 379 542 409 714 383 508 692 530 356 460 383 547 460 633 350 240 537 611 710 326 84 521 322 397 449 479 314 317 507 207 465 237 356 281 426 417 505 685 279 417 211 555 369 576 522 399 298 295 548 471 483 205 193 196 270 529 241 498 168 339 436 532 513 430 42 390 0 113 406 323 830 332 287 520 506 400 498 188 272 533 451 486 613 579 349 398 394 473 130 491 170 232 615 558 821 357 601 439 290 509 373 492 510 785 333 249 361 233 546 311 581 405 320 291 715 564 407 514 448 79 357 316 203 446 568 591 216 155 625 338 607 563 789 560 329 357 316 181 286 638 195 374 432 477 550 298 253 195 288 659 305 578 383 442 508 452 459 219 304 383 365 606 350 515 488 630 283 756 792 581 604 293 159 324 315 552 608 339 590 438 202 491 406 191 363 476 398 815 248 572 473 650 241 353 488 598 600 404 576 584 406 248 444 522 139 610 581 74 209 322 663 196 449 369 476 301 164 348 515 679 83 541 321 195 490 619 744 624 319 281 466 447 320 287 389 448 354 581 640 424 406 319 484 341 457 431 204 369 152 370 625 733 299 243 575 471 622 431 270 77 374 629 600 648 447 244 430 18 491 483 456 310 601
46 461 504 352 471 516 304 434 395 511 633 397 84 453 336 257 137 267 285 494 529 512 259 288 453 556 457 414 418 432 305 606 277 420 656 470 256 384 396 438 363 529 454 351 495 499 599 272 110 411 352 347 339 482 252 414 404 216 439 153 454 240 330 305 456 577 387 529 204 516 474 488 461 360 194 371 472 395 450 317 96 306 157 444 185 474 55 450 549 532 412 366 83 439 113 0 504 351 719 293 395 427 394 329 447 203 327 645 440 374 517 468 395 510 286 398 91 474 258 314 559 465 711 249 522 549 374 469 339 513 422 673 444 295 473 252 540 204 490 411 357 178 603 472 359 405 335 162 245 381 93 458 537 537 126 252 591 446 509 532 678 449 407 348 211 260 397 600 116 293 329 369 528 403 183 129 343 555 246 477 436 329 482 467 448 108 353 388 286 580 412 487 398 619 188 647 680 522 491 333 52 432 389 561 547 282 537 333 216 497 375 163 260 473 364 703 241 485 361 646 130 402 394 578 504 516 553 490 402 271 554 434 233 517 484 141 124 225 551 306 336 358 414 240 187 439 508 669 96 450 404 262 456 510 633 512 270 331 374 335 321 190 492 358 448 479 600 436 517 430 392 323 355 318 316 373 210 285 593 624 400 311 533 516 512 323 382 35 264 540 590 608 447 327 542 115 399 413 492 394 549
551 965 330 744 852 1019 495 788 425 978 927 757 459 479 267 493 640 536 790 580 332 1007 724 716 780 754 894 627 647 886 809 1107 717 915 741 923 759 688 386 883 865 1033 381 204 914 976 1091 722 401 861 622 787 839 462 552 414 908 381 827 643 51 492 831 797 641 1080 155 282 588 927 72 820 690 780 636 173 758 874 852 232 545 230 652 772 642 854 556 275 238 850 916 629 422 630 406 504 0 329 1211 508 327 787 884 629 885 551 539 255 492 869 881 966 269 181 788 693 454 840 248 451 745 822 1206 753 1005 149 148 617 751 774 764 1159 298 288 286 356 873 658 833 728 300 669 1067 823 572 908 824 342 736 204 598 753 929 977 549 393 988 327 1012 925 1172 905 503 709 656 444 282 706 520 780 747 811 900 357 658 600 247 1059 541 981 614 810 573 754 802 609 573 712 770 640 570 581 754 956 602 1148 1161 726 970 585 556 116 168 849 1001 737 717 760 562 456 527 445 689 806 773 1189 413 978 843 964 610 262 763 941 867 214 926 990 448 581 138 772 402 1017 986 364 537 726 1009 313 824 723 873 544 528 79 513 1002 416 947 480 478 859 945 1127 983 713 554 740 827 405 612 398 719 63 983 710 734 162 277 890 706 859 801 295 410 477 776 673 1122 382 228 949 701 1012 826 252 472 726 1035 928 716 455 448 262 416 898 883 712 138 721
387 772 555 692 813 799 176 474 552 860 951 729 269 620 392 191 452 543 598 262 570 763 473 636 776 426 808 682 694 609 613 876 449 754 435 821 581 370 72 601 685 825 559 345 844 713 842 623 253 584 642 697 620 171 255 556 711 136 781 502 297 198 657 565 312 855 334 537 530 865 354 500 362 707 385 163 432 741 796 336 330 319 444 453 535 815 379 485 518 855 722 307 302 699 323 351 329 0 957 193 485 475 641 315 797 511 581 571 174 635 566 731 71 458 581 372 262 811 210 519 419 507 957 552 865 457 196 290 684 813 449 897 497 83 507 99 869 410 514 728 29 451 787 506 247 690 585 250 509 125 421 769 882 888 316 433 938 518 825 877 923 627 608 678 402 478 453 392 292 638 462 533 869 511 534 480 88 845 245 787 688 563 253 775 780 422 617 706 633 335 650 261 444 952 343 913 894 398 707 611 395 348 162 874 897 632 390 479 525 177 198 204 419 799 710 925 131 819 594 973 394 79 457 917 552 484 894 813 125 570 452 456 427 842 801 249 305 559 728 407 584 690 764 252 487 253 217 1001 264 779 592 503 802 653 878 714 619 593 434 592 81 355 592 414 270 783 395 747 449 473 722 659 668 556 400 83 469 627 364 882 526 137 883 780 781 619 419 337 471 872 922 402 148 525 531 341 730 761 771 197 395
675 328 1201 725 749 231 795 549 1058 533 939 776 753 1094 1050 768 583 865 453 890 1227 207 490 675 833 770 628 949 936 355 433 143 508 432 934 582 493 643 955 368 417 251 1135 1070 673 244 121 637 812 379 880 635 383 980 704 1082 355 846 732 620 1162 759 449 416 782 177 1106 1238 756 693 1189 569 727 675 580 1055 648 514 706 1036 667 1025 563 588 663 752 664 1158 1264 865 357 702 802 978 830 719 1211 957 0 775 1091 541 328 669 626 794 923 1363 913 345 502 252 1025 1228 438 651 757 776 965 966 786 532 27 476 465 1268 1068 823 692 936 573 69 1147 948 1179 880 846 557 551 837 979 544 206 541 761 324 387 876 477 1047 627 876 737 619 664 939 740 1143 323 733 43 338 1031 772 561 922 1105 892 693 536 500 428 776 1091 631 671 1000 223 714 317 988 402 883 888 790 611 924 825 549 937 992 882 559 866 619 109 88 760 250 892 671 1150 1068 919 577 623 791 482 794 1001 820 775 539 827 695 55 830 413 369 908 602 1034 540 805 509 1233 777 361 913 829 1272 575 920 358 339 852 676 531 256 1013 387 766 573 706 801 1138 967 891 798 400 1040 903 705 346 86 248 650 915 556 386 883 607 1169 571 1150 301 888 868 1236 1137 426 741 402 411 1026 918 860 526 919 107 1080 993 683 1017 214 405 1095 754 490 391 854 893 950 980 1254 829 424 538 972 1085 804
308 625 671 641 758 637 20 282 622 754 926 688 217 689 493 37 338 547 463 201 691 589 307 572 746 287 725 696 703 422 474 706 273 628 364 727 457 180 179 412 552 667 653 466 769 531 663 548 248 398 640 621 465 222 75 634 565 150 725 415 469 53 529 406 174 688 473 670 497 793 519 312 201 641 228 336 253 634 732 445 223 428 316 264 467 761 291 604 664 824 578 122 293 719 332 293 508 193 775 0 580 283 471 122 714 493 601 733 164 471 375 562 264 608 437 185 211 763 317 563 286 315 777 415 745 620 363 178 624 805 257 712 609 221 627 158 831 253 325 704 220 314 598 316 78 533 420 292 357 308 323 751 819 798 195 481 870 624 680 813 743 440 659 641 241 512 561 309 186 534 276 347 815 600 454 413 262 685 69 639 713 394 189 759 739 315 632 681 532 287 681 195 251 909 187 740 708 254 525 617 316 500 341 854 798 553 260 293 506 243 82 141 243 765 649 740 104 691 423 938 269 273 263 865 360 628 838 675 144 560 617 265 467 704 658 275 188 445 538 490 419 650 670 79 474 430 232 958 249 647 649 526 738 461 699 529 549 609 240 430 112 199 690 221 446 632 310 729 603 587 593 614 529 389 489 143 480 519 300 707 609 285 807 799 612 472 531 300 302 739 881 318 187 573 670 348 601 660 779 371 270
431 793 110 477 567 871 578 808 98 737 609 472 408 153 93 548 517 262 638 736 136 887 654 474 480 867 636 310 331 826 659 965 670 716 913 674 599 734 556 832 690 871 74 149 642 887 973 495 350 805 323 543 710 655 583 87 747 432 547 472 295 538 656 689 751 932 185 152 354 650 257 856 781 523 585 355 820 655 577 149 480 166 547 808 438 567 448 79 196 542 750 694 327 308 287 395 327 485 1091 580 0 803 777 671 628 312 238 300 653 753 897 840 466 193 654 745 409 549 277 154 865 841 1079 617 780 253 324 745 494 456 791 1053 59 404 93 437 567 597 863 430 466 569 995 847 658 768 721 291 633 399 475 445 643 715 502 152 699 52 829 640 1049 844 178 432 603 178 46 865 479 581 719 763 607 30 467 421 406 899 573 808 291 719 726 444 510 494 267 419 568 816 248 733 771 647 569 1006 1063 834 879 287 432 213 370 533 747 512 837 724 318 659 640 452 650 506 511 1083 479 772 750 650 525 465 772 642 884 177 632 799 603 310 266 802 172 821 803 313 495 562 944 93 722 445 633 571 298 326 702 690 357 752 154 206 584 905 1005 902 483 254 750 718 525 574 110 731 318 816 868 428 213 63 702 440 697 708 91 560 237 584 842 989 54 350 674 375 878 686 78 361 659 827 621 875 632 144 176 280 707 653 390 339 846
409 503 906 693 791 470 299 11 819 701 987 750 395 879 727 294 368 687 403 350 928 394 225 618 816 244 717 828 827 201 401 511 178 553 405 700 422 110 449 181 473 513 869 715 769 313 446 581 453 184 759 638 353 451 236 836 453 410 759 462 745 295 467 299 241 505 733 916 599 795 791 67 186 672 238 615 113 594 754 688 332 672 327 50 529 795 388 843 920 886 468 175 478 855 520 427 787 475 541 283 803 0 309 160 708 615 750 999 385 328 96 388 546 868 361 114 394 805 573 741 258 38 550 365 668 888 639 282 665 900 32 473 843 499 867 431 883 239 64 788 502 308 343 45 239 398 290 517 293 590 387 837 831 770 305 673 870 852 554 826 517 213 834 714 227 687 794 358 325 518 122 155 844 817 501 490 544 519 248 511 855 258 344 848 794 368 772 766 523 396 835 342 33 947 239 536 462 226 309 748 413 766 622 928 753 578 256 133 625 472 298 360 178 828 686 497 374 600 268 983 314 554 34 892 82 885 861 564 396 680 887 34 655 590 540 493 310 434 287 710 286 718 651 246 604 708 431 992 446 556 831 689 758 198 479 299 588 752 53 304 394 237 908 72 724 498 354 818 867 824 517 680 440 262 715 414 637 500 381 499 818 560 801 927 432 379 770 454 215 634 922 360 425 754 922 530 524 627 895 649 270
351 196 888 488 556 170 491 320 755 413 759 546 425 800 729 457 262 574 165 620 914 124 168 420 611 550 456 684 676 127 150 236 198 263 709 427 205 379 647 150 193 207 827 745 510 113 208 379 484 132 611 409 82 688 396 778 153 523 529 317 834 446 204 89 522 218 780 919 466 535 862 365 480 450 257 729 420 325 514 711 339 700 237 357 373 560 339 840 942 666 167 425 476 713 506 394 884 641 328 471 777 309 0 383 449 499 636 1039 624 32 330 92 706 904 132 392 430 577 637 664 564 322 323 165 369 942 741 559 455 710 334 279 831 624 862 558 656 232 352 599 661 217 226 334 474 92 60 549 150 723 305 645 577 492 338 626 605 829 245 572 289 129 741 525 239 616 787 658 367 285 214 154 601 780 339 366 676 219 404 203 720 77 611 657 577 287 645 581 296 684 714 612 309 704 298 273 286 530 106 615 348 823 743 716 467 369 559 195 502 709 529 450 227 615 468 309 511 300 48 744 274 715 290 644 327 910 613 259 614 546 946 341 607 283 232 524 350 238 189 694 59 524 389 395 501 811 685 743 470 257 746 602 516 205 243 134 390 632 295 60 571 286 864 302 823 189 655 631 911 819 232 490 160 85 706 612 555 268 675 242 772 666 536 768 142 116 774 430 170 328 683 662 655 679 935 506 237 358 727 758 573
327 558 769 649 759 553 139 160 700 718 942 702 273 764 589 137 322 596 415 238 790 494 236 575 765 230 708 743 746 314 421 613 190 580 356 701 420 63 294 301 500 589 741 570 756 427 562 545 323 291 680 612 396 311 88 715 500 257 726 413 588 140 483 335 151 599 583 773 525 781 636 194 135 639 186 456 149 601 728 545 237 529 289 145 475 763 306 704 772 840 514 47 358 768 400 329 629 315 669 122 671 160 383 0 697 531 655 847 245 390 253 474 386 719 381 74 270 769 424 631 236 193 674 369 699 735 482 182 627 836 135 604 706 341 727 274 843 204 205 728 342 278 483 194 92 458 342 380 300 430 323 777 812 773 205 555 859 718 612 806 640 331 727 658 189 577 657 300 213 508 173 243 816 688 454 425 384 602 99 570 765 312 228 786 750 309 682 705 509 309 738 230 129 915 158 645 597 198 422 662 333 613 463 876 766 547 217 192 543 332 151 219 166 780 650 631 217 638 336 947 253 395 142 866 239 737 837 613 246 599 733 144 539 641 593 358 205 418 425 579 339 666 647 100 516 550 303 963 319 593 720 585 733 343 597 421 548 660 120 353 234 165 779 102 566 561 299 756 716 686 544 628 472 310 581 257 535 491 307 609 693 403 792 845 523 411 630 347 228 681 888 306 281 643 777 413 552 630 819 491 231
415 306 721 152 123 406 730 719 554 117 319 176 530 561 636 682 379 366 306 912 746 480 485 170 217 919 11 374 355 571 312 483 535 201 1053 52 286 729 842 592 256 375 639 687 62 541 539 175 548 568 321 101 374 922 652 579 308 662 111 301 836 665 248 415 847 450 736 777 297 88 832 773 829 106 512 793 801 125 82 655 492 655 409 748 263 127 428 707 824 240 298 744 503 398 498 447 885 797 626 714 628 708 449 697 0 334 397 928 874 418 760 437 838 813 349 745 537 151 667 475 928 734 603 343 179 869 785 872 135 318 722 622 687 736 720 698 221 495 766 238 802 420 647 745 762 369 434 576 415 813 392 264 128 93 519 501 163 670 303 123 585 577 496 201 510 457 661 997 531 191 586 565 155 613 265 318 781 402 651 313 413 460 901 275 172 399 378 235 188 995 434 905 693 256 543 518 644 890 536 351 406 782 812 293 119 165 913 575 324 940 796 605 545 206 117 645 684 213 466 297 450 843 678 195 754 802 164 265 841 318 880 733 488 270 288 565 527 280 628 588 437 188 60 643 356 837 943 293 536 228 514 424 80 654 556 569 180 383 671 420 764 534 663 666 841 331 996 262 830 689 223 188 289 453 605 817 410 209 1000 522 592 740 95 413 441 341 670 462 494 249 237 1004 887 485 803 483 220 93 366 806 927
207 485 417 196 311 568 502 623 264 434 442 221 276 302 304 456 258 76 343 691 443 596 414 168 266 758 344 213 216 575 363 661 448 404 856 375 302 584 569 587 383 563 344 352 364 611 679 184 263 559 149 239 423 663 455 288 442 389 282 182 503 439 349 417 658 628 401 464 42 379 497 679 664 229 377 472 671 343 304 321 294 321 298 637 131 313 229 388 504 345 443 569 211 240 188 203 551 511 794 493 312 615 499 531 334 0 140 608 629 470 698 547 536 486 368 599 282 305 345 172 762 651 780 333 471 539 460 670 200 313 614 762 371 437 405 418 358 377 679 218 508 321 724 660 561 472 448 265 370 498 230 261 386 426 326 170 444 360 518 382 751 590 242 170 388 134 338 801 319 270 505 527 365 305 164 135 474 592 449 499 240 456 678 269 272 249 158 196 257 777 223 685 588 442 383 703 775 725 604 133 203 448 491 367 452 200 740 503 14 676 573 355 438 288 223 792 425 460 481 462 301 540 581 411 687 479 391 487 586 68 549 626 155 509 493 262 325 265 681 257 450 183 328 443 24 507 695 491 255 440 248 110 311 661 709 631 173 139 564 441 501 381 377 550 509 508 802 239 500 368 391 159 393 444 274 552 78 274 792 689 290 425 400 315 580 394 342 193 422 515 412 810 629 186 487 170 396 345 289 481 752
341 605 325 245 329 694 607 758 157 510 392 234 387 173 272 564 399 64 477 791 349 729 554 260 244 878 404 101 115 715 496 787 586 514 963 446 436 711 647 727 507 684 242 335 406 749 811 290 356 699 85 321 559 745 574 182 568 477 310 321 497 549 474 556 772 753 384 382 171 413 474 812 784 295 512 504 799 443 340 312 422 319 438 770 264 329 362 316 432 312 567 690 308 119 272 327 539 581 923 601 238 750 636 655 397 140 0 536 722 607 835 680 591 430 505 725 392 311 386 88 880 787 907 471 559 489 483 779 267 241 747 895 294 501 327 500 335 514 814 193 572 461 862 795 674 603 587 333 511 540 368 214 405 480 453 157 461 275 631 402 879 730 108 197 525 105 277 909 441 389 642 667 369 219 298 276 526 714 566 618 112 596 780 216 272 388 37 181 376 878 85 786 722 417 514 827 909 845 742 49 337 425 523 313 515 306 857 642 135 756 677 460 575 270 281 924 520 563 621 426 438 593 716 406 824 415 395 597 675 94 502 759 157 616 607 340 451 400 820 226 590 210 410 561 146 513 783 463 353 551 122 79 347 801 839 769 278 16 698 580 589 514 267 683 511 630 911 195 449 301 507 211 521 584 244 637 121 397 896 817 197 471 436 200 710 529 295 308 562 614 390 918 715 94 410 254 511 435 191 503 868
688 1080 218 777 864 1151 723 1001 382 1037 881 770 628 403 315 710 779 563 916 829 199 1156 895 773 772 996 936 594 617 1066 936 1243 900 1009 994 975 879 909 634 1068 977 1155 302 295 942 1142 1242 792 565 1043 619 843 980 715 763 360 1030 590 846 753 275 706 942 950 881 1213 268 155 650 949 217 1040 926 823 814 408 986 952 876 328 712 340 802 991 729 864 700 222 105 827 1034 855 564 585 533 645 255 571 1363 733 300 999 1039 847 928 608 536 0 740 1018 1095 1111 518 135 925 916 625 844 427 454 989 1036 1353 888 1078 114 376 861 794 732 980 1318 242 514 209 575 854 832 1051 724 543 823 1243 1038 803 1043 980 498 889 448 735 733 939 1015 725 440 994 261 1119 936 1321 1085 455 731 833 476 270 957 698 873 939 995 900 317 754 703 484 1183 752 1096 567 973 821 730 805 752 562 715 861 893 528 829 966 930 787 1285 1324 967 1135 584 692 233 410 810 1047 809 961 949 615 710 765 640 874 797 811 1348 631 1068 1005 927 770 512 972 931 1081 131 925 1091 694 611 120 989 458 1115 1093 523 715 842 1189 357 981 745 933 753 592 321 766 970 577 1045 432 506 883 1136 1276 1154 781 551 948 979 641 795 293 928 304 1102 961 719 132 241 992 741 979 962 341 654 531 874 925 1264 339 448 972 635 1153 960 271 609 899 1123 906 967 706 444 126 534 998 952 662 374 966
463 787 727 792 911 792 146 380 713 917 1070 836 357 781 560 193 501 675 627 89 743 738 465 726 891 267 885 820 830 559 638 856 426 792 261 889 621 276 106 545 715 825 727 517 928 672 807 705 369 535 772 779 625 66 236 720 726 244 878 573 466 210 693 565 166 841 508 711 640 951 524 388 226 797 391 334 309 797 887 505 382 488 479 349 621 914 448 658 691 970 739 213 420 840 451 440 492 174 913 164 653 385 624 245 874 629 722 740 0 627 462 715 223 631 599 271 351 914 375 669 257 408 918 579 909 627 368 132 777 941 354 848 668 250 679 224 979 415 406 846 199 478 724 404 153 692 577 391 519 292 482 890 974 959 356 583 1027 689 841 969 884 576 763 787 403 623 624 218 343 696 417 488 968 677 612 566 261 841 232 800 832 549 81 898 887 477 755 823 694 164 797 89 360 1059 350 889 840 244 667 744 471 521 330 996 960 711 229 436 644 88 94 277 398 911 803 874 204 854 576 1085 432 229 378 1018 448 657 992 837 50 694 621 357 574 866 820 382 348 608 666 570 575 797 832 242 608 420 69 1109 375 811 749 644 893 581 842 666 705 731 359 587 133 362 761 343 437 792 222 868 621 645 757 763 691 545 565 93 603 682 191 854 691 310 965 922 765 634 590 439 459 902 1030 228 43 677 704 469 765 822 907 367 231
330 175 863 455 524 166 491 339 729 385 727 514 410 772 707 455 239 545 134 628 889 138 164 388 579 567 425 653 644 155 118 242 201 235 723 397 174 391 645 178 162 199 802 725 478 142 224 347 468 157 581 377 50 690 396 752 127 513 497 289 819 442 172 72 532 220 761 896 436 504 845 386 493 417 251 717 437 294 482 691 325 681 218 376 343 528 319 817 921 634 142 434 457 683 486 374 869 635 345 471 753 328 32 390 418 470 607 1018 627 0 355 97 700 884 103 405 415 545 622 637 580 344 338 138 344 923 728 569 423 677 351 300 807 614 838 549 623 225 374 567 654 200 257 355 479 71 50 531 133 713 283 613 546 462 327 602 574 805 228 540 304 160 712 493 234 589 764 671 355 253 225 172 569 755 309 339 667 214 403 185 689 79 619 625 545 267 615 549 263 694 684 620 326 672 292 281 310 545 136 585 327 805 732 684 439 337 574 207 473 711 533 441 229 583 436 330 505 275 60 712 259 708 306 612 352 889 581 237 615 516 927 359 582 262 212 507 339 208 221 671 52 492 357 394 473 797 690 711 454 231 718 575 484 236 259 165 359 602 310 43 568 280 837 314 809 173 669 599 891 796 202 458 129 82 683 610 528 236 687 253 746 654 505 737 146 84 752 409 169 306 651 676 657 652 912 485 208 327 696 745 588
495 524 1001 761 852 474 390 94 911 740 1051 819 489 970 822 389 445 772 453 413 1024 388 292 686 886 269 768 909 908 205 448 498 252 589 432 746 479 196 535 181 513 519 963 811 821 299 423 647 549 198 840 699 391 526 332 929 482 506 821 537 840 390 513 345 304 497 829 1012 680 847 886 74 244 735 324 709 157 641 813 784 423 768 404 114 604 856 474 939 1016 952 496 260 571 937 613 517 881 566 502 375 897 96 330 253 760 698 835 1095 462 355 0 394 636 965 411 195 489 868 669 831 286 60 515 423 699 984 734 345 731 973 118 433 938 594 962 526 947 321 56 860 593 382 296 59 323 422 328 613 355 683 469 910 886 814 397 765 921 947 571 881 485 209 923 786 310 777 890 393 418 575 194 194 903 911 574 569 637 520 344 530 938 300 410 921 860 449 856 839 582 444 920 406 129 1007 331 516 417 263 298 831 498 862 716 996 793 643 294 198 707 546 381 457 260 895 750 453 469 629 299 1044 398 645 126 950 14 981 918 588 479 761 983 110 747 610 561 588 403 497 248 805 324 789 701 342 689 803 500 1049 540 586 921 777 816 160 452 279 655 836 149 342 485 327 1002 168 819 514 388 891 963 920 556 751 479 307 810 500 725 557 423 478 911 655 851 1007 431 421 866 545 283 656 983 393 504 844 1018 623 561 674 973 744 306
424 143 950 504 553 82 583 399 810 379 755 560 507 849 798 548 332 620 204 710 976 49 259 444 622 632 443 717 706 191 184 145 290 237 792 406 245 466 739 214 190 126 885 819 494 110 133 404 565 205 645 418 131 779 488 833 130 611 530 370 916 537 214 170 610 126 856 986 511 519 941 439 565 459 347 814 501 313 511 784 423 774 314 438 417 558 414 906 1012 669 139 515 552 746 579 468 966 731 252 562 840 388 92 474 437 547 680 1111 715 97 394 0 796 977 186 479 512 578 718 718 645 397 242 224 324 1017 825 648 470 724 415 215 895 712 927 646 654 322 424 617 750 297 210 408 565 77 146 627 231 810 376 661 562 463 424 688 582 892 181 558 210 185 787 547 329 672 853 742 453 303 303 238 592 840 384 421 764 131 495 145 754 169 701 673 584 361 684 602 316 772 753 702 393 693 388 183 229 612 107 653 420 900 829 720 431 391 642 284 549 801 621 538 319 622 479 244 601 255 140 734 356 804 373 631 394 981 601 205 706 587 1022 422 668 223 176 604 436 283 196 761 147 543 378 487 553 895 776 727 550 219 795 655 511 247 166 138 417 674 381 140 662 376 920 389 906 126 739 649 985 886 215 513 164 175 774 703 610 290 761 156 830 752 516 793 50 154 843 503 262 269 674 746 747 732 1003 577 217 344 750 843 657
434 831 524 724 844 863 247 545 542 906 971 756 318 610 375 261 507 559 655 312 536 830 539 672 800 486 848 691 706 678 671 941 517 808 477 864 636 440 117 671 742 886 538 320 882 782 909 663 289 653 658 737 682 201 325 544 770 190 813 548 243 267 712 629 374 919 300 499 559 901 303 569 427 744 449 118 500 790 830 318 387 302 502 523 575 846 429 455 474 878 781 377 335 705 349 395 269 71 1025 264 466 546 706 386 838 536 591 518 223 700 636 796 0 413 641 442 311 840 206 521 477 577 1024 610 915 405 152 349 719 828 519 965 470 101 475 152 893 474 584 750 46 511 857 577 315 753 650 271 571 72 472 788 916 929 376 437 973 494 883 911 990 697 605 705 467 486 430 439 350 687 532 602 899 494 577 521 65 908 315 846 694 629 304 793 807 476 627 729 681 376 653 312 515 977 409 979 963 459 775 625 443 305 109 893 941 674 449 548 550 199 264 262 487 823 744 994 196 873 661 996 453 9 527 946 622 442 925 870 180 591 398 526 434 898 859 276 364 611 798 398 649 718 808 321 512 197 251 1026 302 834 587 513 837 723 945 783 658 604 504 657 152 421 569 485 214 843 443 766 402 445 776 689 726 621 387 144 486 677 408 948 512 121 920 786 845 679 395 376 537 927 948 449 188 525 490 366 784 808 781 147 452
554 950 156 664 759 1018 599 871 288 918 800 663 493 327 184 583 645 448 783 720 153 1022 760 653 673 879 822 502 524 931 804 1110 765 882 890 858 747 781 525 933 846 1024 223 160 832 1007 1108 669 430 908 515 723 846 614 633 270 898 461 738 621 177 578 811 815 762 1080 136 101 527 841 117 912 804 707 679 297 860 828 767 193 577 205 667 863 601 759 565 119 61 735 903 730 429 499 398 510 181 458 1228 608 193 868 904 719 813 486 430 135 631 884 965 977 413 0 791 789 491 741 296 344 873 906 1219 754 956 60 263 746 678 647 850 1183 144 393 119 450 760 697 922 623 432 688 1108 909 680 910 845 363 755 341 601 638 835 902 591 316 892 171 990 832 1187 950 367 621 699 357 153 849 563 745 805 861 800 217 625 572 370 1052 622 965 481 838 711 637 703 617 460 611 733 789 439 719 835 840 653 1152 1190 849 1000 479 557 110 304 725 932 685 845 815 494 612 646 508 740 699 697 1213 504 942 870 841 634 409 840 835 950 33 825 963 583 496 74 860 332 987 964 388 581 711 1054 229 846 635 813 623 467 223 664 883 442 917 343 389 773 1001 1142 1019 658 446 817 845 522 661 231 797 208 971 853 622 22 131 863 627 847 827 213 541 408 745 820 1131 242 328 864 560 1019 827 144 475 764 998 814 859 600 336 81 400 870 830 580 267 850
240 192 764 363 443 231 456 372 627 343 645 422 334 669 612 414 149 443 43 614 790 233 147 293 488 585 358 552 545 232 41 320 197 200 731 339 75 397 601 251 120 248 701 634 411 244 319 252 387 225 480 292 56 659 363 650 130 451 414 186 738 399 107 67 530 292 672 799 334 437 759 426 501 330 208 644 461 233 403 599 255 590 139 404 241 447 233 720 826 549 142 427 369 582 394 286 788 581 438 437 654 361 132 381 349 368 505 925 599 103 411 186 641 791 0 413 340 462 541 535 596 386 428 37 318 833 652 562 331 584 378 399 709 549 741 488 541 184 417 472 596 129 358 397 462 120 91 447 81 645 192 520 475 409 265 502 511 706 245 470 396 242 609 398 197 488 667 677 290 166 242 217 493 655 207 237 601 272 367 206 588 113 604 531 458 179 513 453 174 689 582 607 350 597 249 362 410 559 238 483 235 717 660 596 394 243 585 228 371 679 509 379 215 495 347 429 450 257 126 635 188 648 333 539 405 795 508 238 579 414 838 388 483 267 222 424 276 107 319 575 94 397 291 358 371 720 666 639 373 213 616 473 406 319 352 266 262 500 329 80 521 238 736 327 730 203 675 504 800 699 164 362 92 105 587 568 426 148 687 339 645 582 442 638 228 39 657 320 155 303 573 682 624 550 816 392 171 266 598 670 599
392 578 843 707 814 560 198 109 774 756 1002 762 346 838 663 206 377 665 451 238 864 492 266 633 825 174 755 811 814 302 454 611 216 612 320 744 461 16 340 285 532 600 815 643 805 416 552 600 397 281 747 665 419 337 162 789 523 328 781 470 654 212 519 360 132 601 654 846 591 830 704 128 89 694 238 521 75 642 781 619 305 602 340 81 535 818 371 777 844 899 538 65 431 837 473 398 693 372 651 185 745 114 392 74 745 599 725 916 271 405 195 479 442 789 413 0 343 825 495 703 184 139 659 407 730 804 548 172 683 900 83 584 780 407 801 342 900 251 142 791 400 326 456 136 128 475 360 454 335 492 384 840 863 816 273 628 907 792 632 858 625 317 799 720 236 650 731 267 284 554 180 241 870 762 512 488 447 610 173 589 835 328 232 850 809 368 752 768 557 293 809 231 92 971 219 639 574 146 412 731 398 683 526 937 806 600 172 198 610 358 186 293 201 840 706 609 286 666 347 1004 311 450 112 919 181 809 890 637 284 666 801 87 612 664 614 432 275 465 399 653 357 726 692 174 584 615 318 1018 392 621 793 657 786 312 585 406 604 730 98 373 291 223 853 91 631 577 265 820 786 759 576 688 501 329 655 305 607 537 283 602 767 470 840 913 526 439 704 419 258 706 944 272 312 715 849 486 584 672 886 556 186
124 527 512 442 562 570 219 399 430 597 720 486 7 494 335 174 198 337 349 408 536 552 273 380 540 487 548 485 492 441 367 655 275 497 575 559 326 331 305 442 433 588 476 332 586 524 637 363 61 418 429 438 388 391 184 446 467 126 529 239 405 158 402 343 381 629 359 527 289 608 435 448 394 451 189 304 418 480 541 301 91 287 201 401 276 565 118 452 537 619 476 301 88 508 130 91 454 262 757 211 409 394 430 270 537 282 392 625 351 415 489 512 311 491 340 343 0 564 208 361 489 432 752 307 604 521 313 389 430 595 382 705 450 213 475 163 628 208 454 496 271 216 620 438 283 458 370 128 282 306 161 542 628 626 100 285 683 458 577 623 718 460 457 436 208 308 401 520 73 377 316 370 619 423 272 220 264 612 176 542 503 357 396 550 537 167 422 474 371 495 474 402 362 709 164 695 709 454 517 406 133 399 320 646 635 372 465 325 296 406 291 74 250 561 455 735 150 562 390 735 156 318 363 669 475 502 643 561 311 349 523 394 269 590 552 103 90 300 564 316 370 447 502 172 263 382 418 758 52 524 450 319 547 511 673 533 361 398 341 373 229 171 515 322 394 541 521 520 494 432 466 413 420 347 321 282 271 366 510 668 426 242 624 588 559 379 379 89 275 616 680 529 356 373 535 144 474 499 568 331 476
454 453 629 122 29 553 776 816 462 260 183 84 557 454 577 728 448 304 420 964 651 622 581 193 78 997 150 257 235 692 430 633 628 347 1118 199 390 809 865 712 390 525 544 636 119 677 686 226 559 686 226 170 497 954 709 485 447 682 48 356 794 710 373 528 912 599 686 690 281 114 779 872 904 134 587 776 888 266 69 608 542 612 485 841 296 26 472 627 741 91 439 813 508 275 491 474 840 811 776 763 549 805 577 769 151 305 311 844 914 545 868 578 840 741 462 825 564 0 649 398 1004 836 753 446 327 800 762 932 142 170 815 770 604 740 636 715 79 576 867 120 810 501 786 846 821 505 552 569 514 803 447 126 95 197 573 447 151 583 453 92 735 701 393 135 590 396 588 1061 578 296 684 675 61 528 315 350 778 552 707 461 292 575 952 134 39 460 282 130 288 1049 323 957 786 147 611 668 791 966 672 262 446 729 795 144 241 227 986 675 291 969 845 637 632 59 120 794 713 364 586 179 516 844 774 107 861 725 87 415 875 260 812 827 439 421 437 564 577 372 762 529 555 122 203 699 329 804 982 196 549 377 414 362 71 778 704 703 221 295 763 539 792 604 562 755 805 479 1061 132 760 611 363 152 420 566 547 844 367 314 1059 671 505 730 137 272 586 463 604 478 590 399 119 1069 919 405 718 474 362 238 226 783 1000
304 719 358 540 656 772 311 576 342 750 770 565 212 410 185 290 393 357 543 459 376 760 481 497 603 598 677 486 501 647 562 860 479 674 636 700 514 487 281 647 620 786 351 149 704 733 845 496 154 623 455 566 591 381 338 347 662 167 627 402 198 283 587 550 481 832 160 353 375 721 227 616 517 566 395 127 567 640 648 131 299 114 404 567 411 658 308 289 349 680 670 437 177 499 170 258 248 210 965 317 277 573 637 424 667 345 386 427 375 622 669 718 206 296 541 495 208 649 0 315 594 610 959 505 770 318 120 471 539 624 554 914 297 127 312 163 697 415 626 552 194 421 827 613 392 660 578 97 488 156 350 587 731 760 306 231 789 315 767 726 925 666 401 514 415 280 250 588 277 542 515 574 709 302 422 364 142 811 326 735 488 565 449 592 615 362 422 532 533 539 447 457 540 782 364 900 917 566 726 421 310 195 147 692 778 509 566 526 358 387 367 213 452 627 564 944 213 739 598 798 363 208 545 755 655 313 736 746 325 394 319 564 229 774 741 117 295 482 771 197 578 527 646 328 321 181 426 830 168 705 384 309 654 712 880 741 489 399 522 580 248 373 386 501 190 737 591 566 295 274 648 503 613 555 190 283 286 536 565 874 316 86 742 580 764 579 218 227 483 795 752 598 356 320 354 184 655 653 576 140 574
339 656 250 324 415 740 566 748 92 585 477 319 358 140 185 527 412 111 513 744 276 766 562 325 332 847 482 178 196 730 534 834 588 573 919 522 473 690 587 740 555 735 173 248 489 776 850 349 315 712 173 392 591 687 545 116 614 428 394 349 410 513 521 579 736 800 297 303 212 497 386 800 755 370 508 427 778 507 423 227 409 236 448 755 304 415 359 232 349 400 616 662 273 187 232 314 451 519 966 563 154 741 664 631 475 172 88 454 669 637 831 718 521 344 535 703 361 398 315 0 847 779 951 500 630 402 404 739 341 324 735 932 212 436 245 445 423 514 804 281 507 471 888 786 639 643 611 278 528 465 375 302 491 561 437 86 548 196 688 488 923 746 97 278 523 54 190 866 421 441 642 675 457 139 335 299 456 765 537 671 174 615 733 303 359 395 122 268 428 829 132 740 711 505 502 875 945 813 769 136 337 337 445 398 593 366 822 644 174 695 634 423 573 358 358 962 473 626 643 512 438 523 708 494 819 330 483 656 621 158 414 747 96 677 663 290 433 435 842 140 613 292 482 533 165 429 728 551 315 609 90 63 430 814 881 795 337 104 688 606 536 504 204 671 426 681 868 283 362 215 561 287 565 603 157 581 111 446 850 861 120 400 521 266 752 564 207 287 569 680 478 876 658 14 328 217 566 504 267 423 833
561 755 952 884 994 728 287 247 908 939 1178 938 493 975 776 321 557 824 634 175 970 652 449 811 1000 16 938 972 977 458 637 768 399 794 148 928 645 200 360 437 714 769 938 743 987 568 700 780 533 441 911 846 599 305 308 920 702 433 961 648 716 334 702 540 114 762 743 944 759 1013 772 217 100 874 418 581 145 825 962 725 471 708 521 208 711 998 541 883 932 1076 717 193 575 996 615 559 745 419 786 286 865 258 564 236 928 762 880 989 257 580 286 645 477 873 596 184 489 1004 594 847 0 256 798 591 912 876 614 128 862 1070 230 717 890 481 906 431 1078 433 235 963 446 508 581 246 209 651 538 579 519 542 559 1012 1045 1000 439 766 1090 907 808 1039 767 469 944 894 418 796 843 108 443 737 358 409 1050 886 690 661 506 777 314 765 992 506 179 1021 986 545 909 941 739 169 963 172 254 1151 394 791 702 38 565 892 568 763 580 1111 989 781 28 374 775 320 228 424 384 1016 885 738 386 847 521 1183 488 484 274 1100 277 897 1071 815 297 830 870 224 752 842 792 561 438 647 530 775 534 901 875 320 746 671 262 1198 532 802 934 808 967 441 731 552 783 887 271 551 351 400 975 269 688 752 103 991 866 868 758 864 683 507 774 336 759 720 141 753 894 545 1023 1075 690 620 812 573 441 885 1123 107 298 858 942 631 766 856 1051 615 28
446 518 944 725 821 478 331 34 857 723 1018 783 433 918 765 329 402 724 428 366 967 398 255 650 849 241 743 864 863 206 425 513 210 574 404 724 450 138 478 184 495 522 908 753 796 313 444 612 492 192 795 668 373 473 273 875 471 447 789 496 781 331 492 322 256 509 770 954 635 822 827 43 198 702 275 649 115 619 783 726 370 710 362 60 563 825 425 882 958 918 485 203 516 892 558 465 822 507 532 315 841 38 322 193 734 651 787 1036 408 344 60 397 577 906 386 139 432 836 610 779 256 0 543 393 687 925 675 298 697 934 58 464 881 534 905 466 914 275 31 821 535 341 330 11 266 413 310 555 322 624 423 871 859 794 343 711 897 891 568 854 511 215 872 747 263 725 833 360 363 546 153 173 873 855 535 526 577 527 284 526 892 279 361 882 825 404 809 800 552 405 872 359 71 977 277 535 451 228 310 784 450 803 656 960 776 609 259 161 661 494 325 398 214 860 717 486 409 619 285 1013 350 586 71 921 45 922 890 580 423 716 924 52 694 605 555 531 349 464 276 749 306 751 677 282 641 743 450 1021 484 574 869 726 787 186 475 296 620 789 92 324 426 275 946 111 759 511 356 852 904 863 539 713 462 285 753 443 675 528 386 497 857 596 828 962 438 401 808 492 246 650 952 362 450 792 960 568 545 652 930 684 272
666 308 1189 705 726 213 798 559 1044 509 915 755 747 1078 1039 769 574 850 441 897 1215 199 488 657 811 782 605 931 918 359 420 122 508 411 946 559 480 649 957 375 400 230 1121 1061 649 247 116 620 806 383 862 615 373 984 705 1068 339 844 710 607 1157 760 433 409 790 157 1098 1226 741 669 1183 581 736 655 577 1051 658 493 684 1027 661 1017 556 597 648 730 656 1147 1254 843 340 708 794 960 821 711 1206 957 27 777 1079 550 323 674 603 780 907 1353 918 338 515 242 1024 1219 428 659 752 753 959 951 798 543 0 465 440 1260 1064 831 672 915 581 85 1135 945 1167 878 822 554 563 817 978 538 221 552 765 311 382 869 471 1044 618 855 713 594 660 927 715 1130 300 709 35 343 1015 753 559 908 1093 903 689 519 503 431 752 1078 616 658 997 202 715 296 970 398 890 867 769 603 907 805 532 946 975 889 567 842 617 85 108 771 252 875 662 1142 1065 896 552 605 802 485 779 1006 825 772 539 806 675 78 829 390 366 883 596 1033 547 781 522 1223 753 338 916 813 1264 584 908 334 317 845 672 518 268 1002 382 747 552 707 787 1134 973 866 791 378 1025 889 682 357 80 253 633 899 563 379 884 605 1155 576 1145 282 899 847 1227 1126 406 722 386 407 1015 920 846 510 929 90 1066 989 659 997 201 393 1085 746 488 366 830 904 954 966 1244 819 404 517 952 1081 815
203 221 727 342 429 267 434 376 591 350 629 401 301 634 574 390 112 409 48 599 753 270 143 269 467 581 352 522 515 255 61 357 193 214 723 338 57 391 575 272 137 282 664 597 404 278 356 229 352 245 450 276 93 637 343 614 160 420 398 151 702 375 115 88 519 328 635 762 301 430 723 431 494 313 189 611 460 234 391 562 223 553 108 405 209 433 197 682 788 531 170 415 333 552 357 249 753 552 476 415 617 365 165 369 343 333 471 888 579 138 423 224 610 754 37 407 307 446 505 500 591 393 465 0 332 796 617 549 311 560 379 436 672 517 703 458 525 167 424 448 567 102 391 404 446 157 118 411 73 613 156 496 466 409 236 465 505 669 273 461 434 267 575 373 181 452 629 667 261 153 244 229 480 618 175 201 569 306 346 236 557 133 588 508 439 143 481 428 159 676 550 591 351 584 228 399 446 553 271 451 198 680 627 577 399 222 578 232 337 657 490 349 207 475 329 466 422 275 152 622 158 618 335 528 415 757 497 262 556 382 801 390 445 291 249 388 248 78 350 537 120 374 286 337 335 684 646 628 337 232 581 437 394 343 389 298 238 467 329 109 495 217 700 325 695 234 666 480 763 662 178 338 116 123 550 543 390 135 675 377 609 548 437 610 265 74 620 283 152 324 560 674 601 514 779 354 186 265 571 636 593
481 181 879 318 299 268 764 679 715 69 476 353 597 729 773 718 414 519 284 931 905 355 465 305 396 901 178 549 531 496 277 327 514 119 1050 128 288 715 897 519 199 227 799 817 213 434 396 287 632 501 491 238 315 965 674 740 216 728 291 370 955 702 217 372 849 296 864 931 429 231 959 729 819 266 521 891 774 131 260 783 537 780 430 714 363 302 486 857 973 411 202 745 595 574 601 522 1005 865 465 745 780 668 369 699 179 471 559 1078 909 344 699 324 915 956 318 730 604 327 770 630 912 687 440 332 0 1009 889 880 293 496 688 473 839 816 872 766 388 499 718 416 875 431 525 698 778 278 378 674 399 903 444 444 274 154 557 640 275 825 152 271 427 496 664 370 513 603 808 995 577 230 555 514 316 768 348 407 865 249 677 180 588 409 920 454 351 443 546 411 238 1007 606 923 661 401 560 356 498 875 431 516 473 911 909 465 113 271 902 539 463 984 821 662 534 384 283 493 740 70 402 443 479 922 643 341 696 949 314 120 884 472 1018 698 624 110 148 658 567 306 520 727 381 359 149 668 489 949 977 426 618 113 680 573 257 567 405 462 298 547 643 364 817 549 826 643 955 199 993 441 970 838 155 349 229 406 744 867 549 238 1005 367 749 833 219 592 311 292 812 547 473 75 390 1001 929 642 955 590 147 126 545 910 917
594 996 212 721 817 1062 609 890 348 972 860 721 524 387 235 598 685 504 827 717 205 1061 793 707 732 883 878 562 584 962 847 1153 795 932 882 913 792 797 521 963 893 1069 282 199 889 1043 1147 721 462 939 574 778 887 604 652 331 943 478 796 668 162 595 858 853 767 1123 163 151 580 898 103 928 812 763 710 295 873 880 824 234 610 243 705 879 651 817 604 179 96 795 949 742 466 559 439 549 149 457 1268 620 253 888 942 735 869 539 489 114 627 923 984 1017 405 60 833 804 521 800 318 402 876 925 1260 796 1009 0 262 748 734 707 868 1221 204 400 179 462 820 729 939 682 430 725 1141 927 690 952 883 395 792 335 641 698 894 959 621 369 951 231 1038 890 1227 981 427 678 729 413 212 844 593 794 832 891 859 277 674 619 370 1096 640 1012 542 873 708 697 761 657 520 670 783 781 499 716 855 900 681 1194 1226 853 1036 538 598 123 297 785 988 737 847 843 548 600 651 531 769 758 753 1251 518 992 906 902 670 400 862 894 970 86 884 1011 581 553 15 878 385 1036 1012 420 610 756 1086 282 883 692 867 643 520 209 655 943 475 967 403 445 831 1030 1182 1053 711 505 838 883 527 690 288 818 192 1016 849 681 40 191 912 683 893 863 265 541 461 794 813 1172 303 335 922 620 1061 869 199 514 796 1048 874 854 594 395 124 442 918 883 640 261 852
419 834 373 655 770 882 351 640 408 869 873 677 318 473 236 345 506 464 657 457 385 865 579 615 711 620 795 580 598 738 676 969 570 792 627 819 630 542 262 736 737 899 394 175 821 831 949 615 266 714 559 685 701 352 404 406 776 232 742 521 106 345 704 656 505 942 149 347 491 838 159 674 551 684 490 35 614 759 764 181 403 169 514 626 530 772 422 305 324 787 784 485 295 590 290 374 148 196 1068 363 324 639 741 482 785 460 483 376 368 728 734 825 152 263 652 548 313 762 120 404 614 675 1064 617 889 262 0 486 656 724 617 1014 321 141 324 209 806 513 686 660 169 529 920 676 430 771 682 215 595 80 465 692 846 878 404 327 904 346 883 841 1030 757 478 627 510 379 285 586 375 661 599 664 822 353 542 483 108 924 392 850 577 667 448 695 726 475 520 641 652 526 534 456 607 890 455 1008 1016 591 824 523 426 154 46 794 897 629 585 612 473 351 389 297 542 736 680 1044 266 857 700 904 470 149 615 867 720 290 849 863 320 503 257 626 329 891 857 233 393 599 862 268 682 641 766 396 436 71 402 938 281 823 458 411 771 797 984 837 608 497 592 685 265 466 422 571 85 851 590 671 253 297 765 618 728 657 255 279 395 655 557 981 373 80 859 668 873 691 249 345 580 913 861 596 337 405 338 303 773 772 670 21 590
479 739 829 810 925 728 173 275 794 898 1099 860 395 862 655 215 493 726 596 68 846 664 417 739 920 137 882 874 881 474 603 782 371 761 187 879 599 183 232 457 682 766 819 619 929 588 724 712 425 453 818 783 577 188 223 804 681 315 892 579 588 231 664 516 42 771 617 819 672 953 644 271 102 807 363 453 188 780 897 602 390 585 463 239 636 929 460 760 805 998 695 136 471 897 509 469 617 290 823 178 745 282 559 182 872 670 779 861 132 569 345 648 349 746 562 172 389 932 471 739 128 298 831 549 880 748 486 0 791 982 251 755 768 354 782 309 1003 383 289 879 318 455 625 292 111 638 521 464 481 414 486 926 982 950 359 655 1031 786 793 977 798 489 835 814 369 689 721 131 356 685 345 411 982 767 619 583 377 778 226 750 891 491 64 935 910 475 810 856 685 127 859 61 264 1079 329 811 744 112 584 795 487 636 452 1029 945 716 100 364 683 207 106 319 348 938 816 780 268 819 512 1109 422 356 284 1032 333 770 1004 795 170 737 742 250 643 823 774 449 355 594 569 657 519 822 823 233 651 543 155 1127 427 774 824 704 902 480 758 578 714 787 270 533 225 338 855 259 560 740 132 905 738 745 725 786 654 489 655 207 658 669 128 774 777 419 966 977 696 592 689 477 410 863 1051 140 175 749 815 526 733 808 957 487 105
316 364 590 33 134 462 637 676 424 244 321 91 423 437 500 589 306 232 292 825 615 518 442 52 157 855 144 263 247 563 305 550 488 263 977 180 257 667 734 582 281 443 508 552 165 561 590 85 432 555 200 58 373 820 568 448 343 552 101 214 703 572 257 397 771 516 601 644 165 182 697 732 762 29 445 666 747 184 112 521 402 521 343 700 156 138 332 572 689 221 338 671 384 290 373 339 751 684 692 624 494 665 455 627 135 200 267 794 777 423 731 470 719 678 331 683 430 142 539 341 862 697 672 311 293 734 656 791 0 255 674 675 553 618 586 586 218 434 728 147 686 360 674 707 680 394 423 452 377 689 305 191 199 226 432 366 254 537 380 193 649 574 371 81 448 321 526 920 438 170 544 540 191 480 173 212 660 472 566 376 302 443 813 203 129 318 253 133 159 910 315 818 646 289 468 589 694 824 555 224 307 647 686 265 254 89 844 536 189 836 706 502 491 164 25 702 580 303 457 321 374 724 633 242 723 668 214 344 740 184 744 686 352 358 359 443 437 234 643 452 426 75 144 558 223 706 846 337 421 298 387 289 118 651 613 586 79 254 622 411 659 462 534 613 709 391 920 179 694 554 266 56 306 433 470 712 276 186 918 585 460 616 202 325 488 339 535 348 451 351 261 928 785 352 669 357 268 171 281 678 858
509 609 514 222 198 709 814 909 359 430 154 164 589 330 508 768 531 270 545 1003 534 770 681 291 103 1065 318 147 127 815 560 793 724 504 1168 368 509 884 875 832 534 685 431 572 289 816 840 332 572 805 171 306 628 971 764 377 595 698 207 438 734 752 511 648 969 759 620 579 311 280 707 966 970 265 667 744 969 422 236 551 599 559 572 929 370 196 530 528 635 104 589 876 521 148 492 513 774 813 936 805 456 900 710 836 318 313 241 732 941 677 973 724 828 647 584 900 595 170 624 324 1070 934 915 560 496 707 724 982 255 0 904 925 504 734 532 725 134 661 963 113 806 592 928 943 872 648 675 562 621 779 517 64 249 365 631 397 291 478 616 249 894 826 280 188 674 345 500 1113 628 425 781 786 202 430 399 412 763 713 759 619 166 693 991 53 147 534 204 134 414 1090 208 997 876 199 681 830 945 1032 810 203 502 658 763 78 410 341 1049 776 299 983 885 668 721 112 245 951 736 529 710 195 591 831 866 214 964 625 219 578 897 246 721 916 396 586 598 565 632 482 898 464 678 187 364 752 333 753 1006 237 566 537 304 315 239 903 861 841 322 226 852 664 811 678 440 841 750 636 1114 82 668 516 514 223 561 683 481 861 343 441 1104 830 405 710 301 110 739 593 524 506 690 567 178 1121 939 326 608 474 515 398 71 744 1061
407 526 892 701 801 498 273 26 810 720 995 758 384 872 713 272 373 685 419 318 914 424 237 625 823 217 731 827 828 230 418 541 188 572 377 716 436 80 421 211 492 539 858 699 783 343 477 590 441 212 760 649 374 420 217 827 475 390 769 467 723 274 485 317 209 533 714 901 601 809 770 66 155 682 238 591 86 611 766 672 326 656 333 26 534 805 385 829 903 894 490 146 468 854 510 422 764 449 573 257 791 32 334 135 722 614 747 980 354 351 118 415 519 850 378 83 382 815 554 735 230 58 581 379 688 868 617 251 674 904 0 505 829 476 852 409 892 243 72 793 476 314 374 59 209 422 311 503 307 565 388 842 844 786 297 664 885 839 578 839 549 243 829 719 230 681 781 328 315 531 136 180 855 806 507 493 519 547 228 536 854 279 312 853 802 370 770 771 536 365 832 310 29 958 234 567 494 197 339 747 412 746 598 935 771 588 227 150 625 441 268 344 183 836 695 529 352 622 292 994 315 528 45 904 103 867 873 588 367 680 867 12 647 613 563 479 302 446 318 698 308 724 666 227 603 685 400 1003 434 577 825 684 770 230 510 330 596 750 52 325 367 233 897 64 701 523 325 823 848 810 537 686 460 282 702 385 632 513 350 529 808 538 816 927 460 398 756 447 228 657 932 331 395 747 905 521 544 643 897 626 242
630 317 1163 709 744 216 732 481 1024 539 939 763 701 1064 1007 707 539 835 419 822 1189 166 435 654 822 701 625 928 916 290 399 147 449 423 864 582 460 576 892 303 395 248 1099 1023 673 184 85 615 762 315 857 621 343 914 642 1048 333 789 724 584 1110 699 424 368 714 177 1058 1196 725 695 1139 500 659 661 524 999 579 504 701 990 615 979 516 519 632 747 618 1117 1221 860 337 636 754 957 785 673 1159 897 69 712 1053 473 279 604 622 762 895 1318 848 300 433 215 965 1183 399 584 705 770 914 932 717 464 85 436 473 1221 1014 755 675 925 505 0 1107 890 1138 822 843 501 482 822 919 496 137 472 695 291 338 827 429 989 583 864 739 626 610 901 748 1104 324 735 64 273 1002 754 505 886 1064 823 639 513 437 365 775 1053 599 635 942 224 652 309 966 349 816 875 781 566 898 808 526 868 967 814 492 869 561 130 27 691 190 867 627 1101 1012 913 586 601 722 419 764 936 755 719 479 819 681 30 771 414 316 911 551 974 473 808 440 1188 779 360 849 801 1224 506 881 363 335 802 622 497 187 971 337 750 567 645 767 1084 900 898 748 394 1010 869 700 277 68 183 628 888 490 338 821 550 1135 505 1097 291 819 853 1189 1096 411 722 375 359 983 855 824 501 850 107 1044 937 687 1001 188 369 1052 708 434 401 855 824 885 947 1212 785 410 531 956 1030 735
482 851 63 535 623 928 605 848 145 796 656 529 450 185 117 579 569 321 695 754 86 942 703 533 534 894 694 360 382 875 715 1021 717 775 930 733 656 769 568 881 748 928 83 152 700 939 1028 554 390 854 378 602 765 665 618 127 804 459 604 529 274 570 713 742 777 989 173 93 413 707 226 894 810 582 631 354 854 714 634 166 526 183 598 846 497 623 498 25 138 594 807 726 372 356 333 444 298 497 1147 609 59 843 831 706 687 371 294 242 668 807 938 895 470 144 709 780 450 604 297 212 890 881 1135 672 839 204 321 768 553 504 829 1107 0 419 34 459 619 644 902 485 475 620 1046 886 686 824 774 327 685 400 527 497 699 773 546 209 755 29 887 696 1104 893 224 490 649 237 49 884 522 639 763 811 662 76 524 477 414 957 607 866 338 771 744 496 566 545 322 475 627 831 296 752 811 698 612 1063 1117 861 932 343 484 189 367 582 805 571 863 770 377 667 663 487 695 560 570 1137 506 831 802 699 574 468 813 695 925 122 687 857 618 369 218 841 228 880 862 350 538 618 995 138 775 503 692 607 357 311 713 740 398 811 199 266 641 952 1061 954 543 310 790 771 544 618 103 771 300 874 887 482 165 25 760 499 754 760 129 576 295 642 859 1045 100 360 731 417 934 742 79 409 708 886 673 894 644 202 117 329 766 713 436 333 871
335 738 478 624 743 775 210 500 469 806 875 657 220 538 311 205 411 464 561 336 494 748 458 571 702 486 747 601 614 608 578 857 442 710 511 763 539 401 153 604 646 796 478 268 780 707 829 561 188 584 563 635 593 253 265 474 678 102 712 448 248 205 615 543 369 833 263 465 459 800 298 533 412 642 368 116 473 690 729 256 294 239 410 484 473 746 331 409 451 781 687 343 234 617 249 295 288 83 948 221 404 499 624 341 736 437 501 514 250 614 594 712 101 393 549 407 213 740 127 436 481 534 945 517 816 400 141 354 618 734 476 890 419 0 431 70 795 392 545 652 72 421 789 535 290 664 566 173 483 99 374 692 815 828 288 351 872 439 789 810 911 627 525 606 387 397 374 465 260 587 466 533 799 429 476 420 53 819 254 753 607 547 325 698 708 380 536 631 580 413 568 333 467 879 329 895 890 456 700 531 343 283 124 797 840 572 452 480 451 260 253 174 413 725 643 920 126 775 580 899 361 107 476 847 579 417 824 774 200 494 397 485 345 803 764 176 276 513 731 325 566 618 707 258 413 209 299 928 201 737 509 422 736 662 866 710 557 513 452 571 129 341 512 432 225 751 468 670 387 395 680 589 632 539 318 157 391 578 440 866 444 66 818 699 760 588 341 275 457 830 849 475 228 442 461 267 687 707 691 150 458
512 884 49 569 655 960 622 871 175 829 684 561 475 208 140 598 600 355 727 766 64 974 731 567 565 910 728 390 412 904 747 1054 744 808 941 767 688 791 577 909 781 961 104 164 733 969 1060 588 414 882 410 636 797 673 639 155 837 477 637 561 266 590 746 773 793 1022 176 60 447 740 214 917 828 615 658 358 874 747 667 183 553 199 628 868 530 655 527 24 105 623 840 746 399 384 361 473 286 507 1179 627 93 867 862 727 720 405 327 209 679 838 962 927 475 119 741 801 475 636 312 245 906 905 1167 703 872 179 324 782 586 532 852 1138 34 431 0 475 650 672 925 517 484 650 1076 910 704 856 804 350 715 404 557 528 731 806 572 241 786 54 920 728 1136 922 252 522 676 271 75 896 547 673 790 838 693 108 557 510 422 990 629 899 366 801 756 526 597 576 354 507 660 842 325 764 834 728 638 1095 1147 878 962 376 514 183 370 610 839 604 878 797 410 674 678 509 722 591 603 1168 524 865 832 727 602 473 837 726 949 94 718 891 630 403 193 863 260 913 895 374 564 651 1024 167 805 536 726 628 390 306 722 769 424 844 228 299 674 980 1092 984 576 342 814 802 558 644 113 795 294 907 899 512 141 43 793 532 786 789 157 587 329 676 870 1077 131 370 763 442 966 774 97 438 736 919 702 906 654 235 83 358 799 746 464 335 886
288 679 521 596 716 711 149 432 490 760 860 634 170 559 346 137 355 456 503 302 539 681 390 537 683 435 709 600 611 539 519 792 373 657 479 722 484 335 150 534 590 734 510 312 746 638 762 524 157 514 555 598 530 246 196 499 618 38 684 402 315 136 561 478 318 768 316 515 435 767 362 467 355 609 301 185 411 643 698 294 235 277 350 418 436 719 280 452 506 763 629 280 207 618 233 252 356 99 880 158 437 431 558 274 698 418 500 575 224 549 526 646 152 450 488 342 163 715 163 445 431 466 878 458 766 462 209 309 586 725 409 822 459 70 475 0 775 325 479 636 109 359 720 468 231 601 500 168 420 168 322 678 785 789 224 359 840 477 731 780 843 558 539 583 319 400 412 429 198 539 396 463 772 459 435 381 120 756 184 694 610 481 291 685 685 325 534 614 534 385 573 299 398 858 261 830 821 403 631 525 296 342 194 784 798 533 403 410 433 258 204 110 343 706 612 851 57 722 513 880 301 160 407 821 511 471 797 718 176 480 460 418 350 747 707 161 212 461 661 350 500 595 665 189 396 278 284 907 166 683 525 422 704 592 798 641 521 510 383 506 91 273 546 363 293 691 432 656 445 437 625 563 574 472 347 137 383 529 409 799 471 129 784 700 695 527 381 239 390 776 828 439 215 453 514 251 633 662 688 219 411
524 526 636 194 101 627 843 894 475 320 104 143 622 454 607 796 523 342 499 1033 657 698 659 268 94 1072 218 260 238 771 509 703 706 421 1189 264 469 884 925 791 468 596 552 668 175 755 760 303 618 765 251 249 576 1017 780 495 524 744 127 430 829 778 452 607 985 670 718 700 340 159 809 950 978 212 663 822 965 341 143 643 613 649 561 918 368 97 543 643 754 30 515 886 567 270 546 540 873 869 846 831 567 883 656 843 221 358 335 854 979 623 947 654 893 760 541 900 628 79 697 423 1078 914 822 525 388 820 806 1003 218 134 892 843 619 795 650 775 0 652 945 146 866 578 863 924 892 583 631 623 593 852 520 122 121 244 644 483 157 596 523 123 805 780 399 192 666 431 609 1133 647 375 762 754 75 544 389 420 830 623 777 534 289 654 1021 124 93 534 301 165 367 1118 326 1026 864 85 685 737 865 1040 749 288 516 759 842 77 290 305 1060 753 344 1031 914 702 709 70 197 866 777 433 665 106 590 897 851 80 939 741 87 485 939 303 833 904 477 489 508 620 648 450 840 560 634 182 277 770 382 843 1046 133 609 449 422 397 143 857 776 781 297 319 840 618 855 679 565 831 842 552 1133 139 780 629 439 217 498 645 578 907 411 393 1129 742 519 780 177 244 661 542 629 541 668 462 56 1141 983 428 729 528 437 312 203 826 1073
176 373 705 459 564 390 273 249 598 515 754 516 205 654 533 232 130 451 214 432 730 356 67 384 581 424 505 589 588 234 223 467 74 380 559 498 216 234 422 237 302 418 657 537 555 319 438 350 267 212 520 414 213 475 179 617 312 290 531 225 610 219 282 156 354 445 566 726 360 580 642 305 334 444 25 498 313 398 531 505 120 492 91 268 291 568 155 649 741 653 325 250 273 617 311 204 658 410 557 253 597 239 232 204 495 377 514 832 415 225 321 322 474 697 184 251 208 576 415 514 433 275 554 167 499 729 513 383 434 661 243 501 644 392 672 325 652 0 304 550 429 76 413 284 279 283 176 334 104 491 148 599 613 570 109 455 657 648 427 607 519 253 604 476 15 461 597 503 138 305 128 166 619 606 265 251 444 437 184 386 617 156 421 610 561 129 535 528 307 509 599 424 215 721 67 505 503 395 312 510 178 607 512 692 563 350 418 130 387 495 324 218 61 594 456 531 279 441 188 755 77 483 206 669 310 707 639 422 396 441 731 255 436 451 405 309 121 215 357 507 175 482 444 174 368 583 481 767 255 397 603 458 535 308 474 326 355 515 191 183 344 55 695 180 596 380 502 580 701 629 345 444 277 147 515 388 406 288 510 474 603 436 590 687 371 219 578 236 68 488 694 510 440 528 737 317 353 427 656 529 432
473 548 964 755 852 506 339 56 881 754 1049 813 455 942 785 342 432 751 460 357 987 424 286 680 879 219 775 892 892 233 457 537 240 605 383 756 482 145 481 211 526 550 930 771 827 337 466 643 513 221 824 699 404 470 288 898 502 461 820 526 793 345 523 353 248 534 786 973 664 853 840 18 187 733 302 660 102 650 815 744 395 729 391 61 593 856 452 901 975 948 516 207 539 919 581 490 833 514 551 325 863 64 352 205 766 679 814 1051 406 374 56 424 584 922 417 142 454 867 626 804 235 31 563 424 718 939 686 289 728 963 72 482 902 545 925 479 945 304 0 851 542 371 346 21 270 443 341 575 353 633 451 901 891 825 367 735 928 912 597 885 532 241 898 777 291 750 853 341 386 578 183 204 904 877 565 554 587 554 300 555 919 310 353 912 856 432 836 830 583 390 899 350 93 1008 302 559 468 210 335 812 477 818 666 991 807 640 241 192 689 490 326 416 243 891 748 503 422 649 316 1045 378 592 98 952 44 939 921 610 424 744 938 62 718 635 585 551 372 495 295 770 337 781 708 299 669 754 444 1052 505 605 894 752 818 205 497 320 650 816 116 355 433 301 969 133 770 540 337 882 920 882 570 743 493 316 774 446 700 559 369 520 879 608 859 991 465 432 828 517 277 680 983 342 448 817 978 592 576 683 959 695 253
402 510 509 114 142 608 715 797 342 355 224 63 490 335 463 668 420 196 434 904 532 665 568 179 52 958 242 140 119 703 449 695 611 406 1066 290 397 775 786 720 429 587 424 524 229 707 737 220 480 693 108 202 517 880 659 365 490 606 132 326 684 651 404 535 864 661 574 570 207 229 666 854 863 162 556 676 859 325 164 498 492 503 460 818 259 141 423 508 622 128 485 770 429 161 405 411 728 728 837 704 430 788 599 728 238 218 193 724 846 567 860 617 750 623 472 791 496 120 552 281 963 821 817 448 416 682 660 879 147 113 793 822 485 652 517 636 146 550 851 0 724 480 820 831 769 541 563 480 508 707 408 49 215 306 525 338 270 463 522 212 795 714 273 75 563 285 470 1010 523 316 669 673 177 409 287 303 686 616 655 521 177 581 892 60 82 424 163 23 304 991 204 898 765 231 572 733 842 926 701 145 396 616 696 150 347 230 943 663 203 894 786 570 610 78 143 849 642 439 598 246 481 754 755 213 851 606 202 484 804 159 695 805 332 496 502 479 527 370 788 416 566 75 273 648 241 697 912 279 472 441 294 252 170 791 760 731 210 177 741 552 719 568 442 730 697 536 1011 32 642 493 412 110 453 571 434 770 266 331 1004 731 385 635 253 180 635 483 488 407 577 482 202 1019 847 288 598 386 414 305 134 680 956
395 787 532 693 813 818 203 501 536 868 947 728 278 604 373 215 464 536 612 288 546 784 493 639 773 454 813 673 686 632 628 896 471 766 459 827 594 397 94 625 699 842 539 324 848 736 863 627 255 607 636 702 637 190 280 539 726 147 782 509 269 221 670 584 340 874 310 513 530 868 327 528 390 710 404 136 460 750 798 316 344 300 459 481 539 816 388 463 492 852 737 335 303 689 320 357 300 29 979 220 466 502 661 342 802 508 572 543 199 654 593 750 46 432 596 400 271 810 194 507 446 535 978 567 875 430 169 318 686 806 476 919 475 72 484 109 866 429 542 724 0 467 811 534 275 708 605 245 526 96 431 764 884 893 332 422 940 498 840 879 944 651 595 677 422 468 433 417 306 647 486 556 869 492 540 485 63 863 269 802 678 583 279 770 779 434 608 703 642 359 639 287 471 950 363 933 917 426 729 604 403 322 134 869 904 638 418 502 523 194 227 218 441 797 712 948 150 831 615 970 409 55 483 917 579 459 894 827 151 566 424 483 417 856 815 246 320 570 752 391 604 689 771 275 485 225 238 999 267 792 578 494 804 678 899 737 623 585 460 611 109 375 572 440 242 799 421 742 422 451 734 659 683 576 383 111 463 637 389 902 508 116 886 770 800 635 398 341 491 885 921 427 170 513 506 338 742 770 763 169 422
138 321 679 386 489 355 333 318 559 443 681 443 210 611 515 288 63 397 150 502 705 338 93 311 509 500 430 529 526 259 163 440 131 314 634 424 144 310 473 268 239 376 625 528 479 320 424 276 268 241 458 338 173 535 243 580 260 322 457 155 619 273 215 129 428 414 562 707 299 504 645 374 409 369 93 519 387 325 455 494 127 483 24 340 222 493 123 628 727 579 271 324 259 557 291 178 669 451 544 314 569 308 217 278 420 321 461 823 478 200 382 297 511 688 129 326 216 501 421 471 508 341 538 102 431 725 529 455 360 592 314 496 620 421 650 359 578 76 371 480 467 0 425 351 349 243 158 331 67 518 96 530 537 495 135 421 582 621 374 531 504 276 557 406 91 419 575 578 161 230 189 206 544 575 193 188 473 398 246 335 559 151 491 541 488 77 478 459 231 581 544 494 286 646 129 480 502 470 313 451 137 606 534 620 490 275 493 185 329 555 390 249 131 521 382 526 321 377 182 680 60 519 275 593 372 695 563 364 454 382 729 326 402 393 350 307 147 140 375 483 158 410 369 236 316 598 545 692 254 334 558 412 460 343 459 334 281 460 263 159 393 118 662 253 609 332 577 511 694 608 279 372 218 140 493 441 361 214 583 453 570 457 515 625 344 168 561 214 101 427 620 584 499 485 721 293 288 353 591 547 507
564 348 1105 707 763 259 617 350 978 585 965 764 617 1025 939 596 479 800 390 693 1130 170 348 643 828 565 653 910 901 181 373 236 349 447 728 615 430 449 776 186 397 303 1048 948 704 114 151 602 680 206 837 624 306 790 532 1001 339 689 739 542 1020 590 417 309 583 250 979 1132 692 728 1054 365 527 665 432 902 445 523 720 916 532 903 448 387 599 767 548 1053 1151 877 349 511 681 939 715 603 1067 787 206 598 995 343 226 483 647 724 862 1243 724 257 296 210 857 1108 358 456 620 786 827 888 581 330 221 391 525 1141 920 625 674 928 374 137 1046 789 1076 720 863 413 346 820 811 425 0 338 573 281 277 746 362 887 520 865 772 670 521 845 790 1047 375 767 194 162 966 747 413 838 1000 688 550 504 325 257 802 999 565 590 840 290 542 346 946 275 687 877 791 501 871 803 515 735 940 685 364 902 465 240 121 556 121 841 562 1019 913 928 636 591 587 310 728 812 633 622 378 829 684 157 666 459 246 944 475 866 346 841 304 1117 810 406 729 773 1144 375 826 418 377 721 532 464 59 908 275 745 588 536 725 991 773 936 667 427 971 826 721 145 169 93 614 858 365 283 709 455 1085 382 1004 327 683 852 1113 1033 425 713 368 287 919 739 778 489 716 204 992 841 724 992 215 339 985 638 345 462 884 688 762 902 1145 718 427 554 950 934 600
454 529 949 735 831 489 331 38 864 735 1028 793 439 924 770 331 412 732 439 360 971 409 266 660 859 231 754 872 872 217 436 523 220 585 395 735 461 137 476 195 506 533 914 757 807 323 454 623 497 204 804 678 385 469 275 881 482 449 800 505 782 333 503 333 250 519 773 958 644 833 829 31 191 713 283 650 107 630 794 730 377 714 371 55 573 835 433 886 961 928 497 201 522 900 564 472 823 506 541 316 847 45 334 194 745 660 795 1038 404 355 59 408 577 909 397 136 438 846 613 786 246 11 552 404 698 927 676 292 707 943 59 472 886 535 910 468 924 284 21 831 534 351 338 0 264 425 321 560 333 624 431 880 870 805 349 718 908 896 579 865 521 225 879 757 272 732 837 351 369 557 163 185 884 861 544 535 578 538 287 537 900 291 355 891 836 413 817 809 563 397 880 353 76 988 284 545 459 219 321 793 458 805 657 970 787 619 250 172 670 490 322 402 223 870 727 495 411 630 297 1024 359 585 79 932 45 926 901 592 420 724 926 51 700 616 566 536 355 475 285 754 318 761 688 285 649 744 445 1031 489 586 876 734 798 195 484 306 630 797 98 335 425 282 952 116 760 522 347 861 907 867 550 723 473 296 758 441 682 539 378 507 862 597 839 971 449 412 813 499 256 661 962 352 446 799 964 575 557 663 939 685 263
368 644 748 699 814 643 82 235 699 792 989 749 288 766 570 112 384 619 493 153 768 586 320 628 809 210 773 768 774 406 502 705 278 659 298 771 493 129 212 392 580 678 730 542 819 519 654 602 324 383 710 672 482 219 112 711 585 227 781 468 536 126 561 421 98 690 547 745 562 843 588 254 125 696 257 400 186 674 786 521 279 504 355 209 525 818 349 680 737 887 599 64 367 791 407 359 572 247 761 78 658 239 474 92 762 561 674 803 153 479 323 565 315 680 462 128 283 821 392 639 209 266 765 446 778 690 430 111 680 872 209 695 686 290 704 231 892 279 270 769 275 349 573 264 0 546 430 370 381 369 375 816 872 842 248 557 921 701 699 866 731 423 735 703 265 587 638 241 246 577 265 335 871 678 508 472 325 693 115 657 786 401 143 825 799 365 704 746 576 233 756 145 211 968 221 737 688 177 514 688 376 572 404 918 839 605 183 284 574 241 60 216 252 827 705 722 180 719 426 998 313 324 227 922 309 702 893 698 158 629 686 214 544 726 678 352 244 486 514 567 428 712 715 122 543 494 211 1016 324 674 725 600 792 430 689 513 603 681 207 441 167 231 768 191 511 648 242 795 675 664 623 675 554 398 567 177 553 561 238 701 686 355 856 870 614 494 608 369 314 764 940 250 190 649 745 423 631 701 849 436 194
360 105 878 427 482 112 553 409 735 324 685 484 452 773 729 515 268 544 130 696 904 126 227 367 547 638 376 639 628 218 109 201 268 175 794 343 170 461 705 241 115 135 811 753 428 172 208 327 507 224 567 343 71 754 458 759 64 564 458 296 858 502 137 127 602 172 792 915 434 454 879 456 563 384 308 762 508 244 440 719 370 710 257 446 341 486 352 836 943 596 77 502 489 668 514 405 908 690 324 533 768 398 92 458 369 472 603 1043 692 71 422 77 753 910 120 475 458 505 660 643 651 413 311 157 278 952 771 638 394 648 422 291 824 664 856 601 583 283 443 541 708 243 281 425 546 0 116 567 182 761 312 585 496 404 377 616 520 819 157 491 281 219 711 470 293 598 782 742 404 226 295 243 523 767 308 347 716 155 464 114 676 147 686 597 510 299 607 525 238 764 676 688 396 625 350 242 306 616 167 576 355 837 778 647 377 314 644 278 473 775 598 491 294 548 403 320 560 208 130 666 303 761 377 564 419 913 533 167 677 510 958 430 597 192 142 544 389 208 259 691 119 467 309 455 478 839 756 662 492 166 719 580 441 292 238 199 339 597 381 105 626 338 846 385 849 103 739 573 919 815 147 436 88 149 704 670 536 212 757 221 756 699 452 716 110 83 774 440 233 236 606 746 720 657 933 510 151 276 673 789 659
293 219 831 454 532 216 441 301 702 414 735 513 365 748 670 404 204 524 132 579 857 183 114 384 580 525 442 640 633 141 122 291 152 264 679 418 166 345 595 160 186 248 772 685 495 166 267 343 425 135 567 382 64 640 345 724 165 465 503 266 775 392 186 32 486 270 720 862 417 521 802 351 448 421 201 670 397 313 492 652 280 641 178 336 326 536 280 782 884 639 179 386 417 669 448 335 824 585 387 420 721 290 60 342 434 448 587 980 577 50 328 146 650 845 91 360 370 552 578 611 538 310 382 118 378 883 682 521 423 675 311 338 774 566 804 500 631 176 341 563 605 158 277 321 430 116 0 489 91 665 247 611 561 486 279 570 594 773 272 555 348 151 690 488 184 562 729 627 308 256 180 136 581 724 292 314 619 264 352 230 674 32 570 622 548 229 598 544 265 647 667 571 284 685 242 329 345 502 159 568 290 763 684 687 466 334 530 163 453 661 483 393 179 585 438 368 455 311 35 723 214 658 266 626 323 851 595 278 564 499 886 320 550 305 255 465 291 195 233 637 4 488 374 344 448 752 640 726 411 266 695 549 495 228 303 183 353 583 267 14 518 230 809 270 764 219 624 595 851 762 229 453 152 32 648 560 501 238 641 300 717 608 524 727 195 93 716 371 118 347 662 631 606 625 876 448 235 346 688 699 545
208 624 390 455 574 678 293 521 330 655 702 486 130 397 210 259 298 292 448 466 412 670 398 407 529 580 587 433 445 568 467 767 403 577 642 607 418 443 314 570 524 691 362 204 616 648 755 403 67 545 392 475 499 412 292 341 566 150 543 306 292 248 491 460 466 739 232 400 290 634 314 567 491 478 316 218 529 544 562 173 215 159 313 519 317 576 214 327 409 608 574 403 81 451 79 162 342 250 876 292 291 517 549 380 576 265 333 498 391 531 613 627 271 363 447 454 128 569 97 278 579 555 869 411 674 395 215 464 452 562 503 827 327 173 350 168 623 334 575 480 245 331 746 560 370 567 489 0 399 237 255 519 647 669 228 193 704 338 671 642 836 587 373 435 336 232 278 590 201 446 444 498 629 309 327 268 209 717 282 639 442 479 455 525 537 268 368 459 437 551 405 462 484 707 292 808 832 546 641 361 214 274 237 625 685 416 552 453 279 423 359 161 378 553 477 857 196 642 511 726 275 275 487 676 599 374 654 650 344 321 398 514 183 677 645 25 218 386 691 199 489 447 553 280 241 277 451 756 80 609 360 254 569 639 790 658 397 344 464 490 259 299 400 445 286 641 592 497 366 308 551 420 517 468 201 304 219 440 573 783 316 164 654 533 672 485 253 131 401 698 677 600 382 287 408 96 559 558 522 236 562
203 268 743 406 499 292 377 304 617 420 697 465 277 666 580 336 117 447 116 534 768 271 70 332 531 508 425 571 566 204 121 374 120 280 652 410 129 319 525 217 200 316 686 595 476 255 357 293 335 189 499 346 111 579 283 639 208 383 467 192 686 322 184 62 450 350 630 772 343 502 712 359 422 381 129 584 387 307 461 561 192 550 87 333 257 503 189 693 794 597 220 346 326 600 357 245 736 509 477 357 633 293 150 300 415 370 511 889 519 133 355 231 571 755 81 335 282 514 488 528 519 322 471 73 399 792 595 481 377 621 307 429 685 483 715 420 593 104 353 508 526 67 362 333 381 182 91 399 0 581 158 557 538 482 195 483 578 685 323 533 437 219 610 433 117 477 640 597 223 225 172 165 551 637 225 235 536 337 288 282 604 87 523 569 505 139 524 488 230 608 592 526 278 655 171 414 435 481 247 496 201 673 599 642 470 288 506 161 376 600 428 310 135 541 396 459 378 338 117 691 125 579 263 599 347 761 568 318 501 426 796 318 463 347 301 375 207 143 314 547 91 435 359 279 368 664 585 699 321 294 613 467 465 291 392 270 301 508 256 91 446 159 723 252 675 276 596 540 761 672 244 398 173 76 558 491 417 207 607 386 630 521 509 663 278 115 626 280 79 384 630 603 545 542 786 358 252 338 627 612 521
424 833 453 691 809 872 293 590 479 889 926 719 313 546 309 297 504 513 656 381 465 847 557 645 758 550 824 639 655 707 673 955 541 800 548 843 632 488 186 701 739 893 470 251 854 805 928 640 271 682 611 712 690 273 360 479 773 201 780 534 174 300 708 641 436 931 228 427 526 872 232 619 486 715 467 46 554 775 799 252 391 238 506 572 552 812 422 385 402 836 782 427 311 651 316 381 204 125 1047 308 399 590 723 430 813 498 540 448 292 713 683 810 72 341 645 492 306 803 156 465 542 624 1044 613 903 335 80 414 689 779 565 989 400 99 404 168 852 491 633 707 96 518 887 624 369 761 665 237 581 0 466 743 883 906 386 384 941 424 883 878 1010 726 545 668 486 434 362 509 358 674 563 631 863 428 559 501 48 916 349 848 639 646 373 747 769 473 576 687 666 448 597 381 558 937 428 994 989 522 799 576 432 233 38 847 921 652 514 578 512 271 323 272 511 783 714 1019 222 866 679 953 458 69 569 909 669 369 889 867 246 549 329 573 383 895 858 249 374 604 829 336 664 681 788 354 474 129 323 986 286 829 526 464 806 758 965 809 634 553 545 670 202 440 500 525 146 847 513 721 330 375 771 655 726 638 324 207 441 666 479 964 446 74 891 731 859 684 326 357 556 921 908 519 259 468 417 332 779 791 729 75 518
48 370 585 326 439 423 338 396 462 441 619 379 154 514 424 290 44 304 193 522 611 421 187 254 442 552 403 441 440 355 212 513 218 336 671 408 166 368 456 365 273 436 529 443 447 412 507 226 199 337 372 298 246 532 263 484 311 285 406 93 547 273 242 216 465 484 480 615 212 470 567 452 458 321 150 460 452 322 411 408 100 399 73 413 152 443 44 536 638 517 320 366 177 469 203 93 598 421 627 323 475 387 305 323 392 230 368 735 482 283 469 376 472 601 192 384 161 447 350 375 559 423 618 156 444 641 465 486 305 517 388 583 527 374 557 322 520 148 451 408 431 96 520 431 375 312 247 255 158 466 0 457 497 477 128 326 547 527 419 491 586 372 461 336 160 323 482 615 139 219 275 301 496 479 133 105 425 461 262 385 470 245 510 467 427 20 387 385 214 606 452 515 361 594 165 554 591 521 405 362 44 525 477 554 481 231 540 274 239 550 404 219 209 458 330 613 298 401 275 625 74 479 353 546 458 606 518 401 450 293 646 401 306 429 393 233 134 139 470 390 248 343 351 253 222 531 551 642 184 363 462 316 417 439 541 427 228 368 337 245 377 161 566 324 540 386 614 436 609 515 305 305 263 233 401 428 265 207 614 531 473 399 484 540 419 230 470 128 195 455 566 622 496 389 630 202 313 344 509 484 553
451 549 515 158 153 648 761 847 353 380 183 101 536 335 487 714 469 230 481 950 537 708 618 227 49 1007 267 139 116 751 495 733 661 444 1113 316 444 824 829 768 471 625 431 549 244 752 779 268 523 741 133 243 563 923 707 373 533 650 153 375 711 697 448 583 912 699 598 578 254 240 688 903 912 202 606 710 908 362 185 525 541 531 510 867 308 151 471 521 632 98 527 818 472 152 446 458 753 769 876 751 445 837 645 777 264 261 214 733 890 613 910 661 788 638 520 840 542 126 587 302 1012 871 855 496 444 698 692 926 191 64 842 864 497 692 528 678 122 599 901 49 764 530 865 880 816 585 611 519 557 743 457 0 216 322 573 367 266 474 557 215 834 762 278 124 613 314 487 1057 571 361 718 722 172 422 336 352 724 654 702 559 170 629 938 12 94 473 180 72 350 1037 205 944 814 203 621 771 883 974 746 170 444 639 730 106 365 277 991 712 247 936 832 615 659 69 183 889 686 472 646 212 530 791 804 199 900 619 195 520 848 198 711 854 363 530 539 520 575 418 834 440 614 122 306 696 283 726 956 249 516 478 301 282 189 838 800 777 258 199 790 600 762 617 445 779 724 575 1058 22 658 507 453 159 497 619 458 813 302 377 1050 770 397 672 262 149 677 529 508 453 627 513 176 1066 890 306 607 427 454 340 102 712 1004
512 427 724 192 77 525 833 842 557 205 202 173 621 548 669 785 490 394 433 1019 746 603 607 249 170 1037 120 351 329 699 439 596 657 325 1166 158 409 847 933 720 384 491 639 726 68 668 658 271 630 696 320 200 501 1019 760 580 434 751 104 404 883 767 375 541 959 564 776 784 357 44 870 897 945 178 627 858 922 252 87 697 595 700 524 870 353 76 528 721 836 149 423 858 581 368 568 537 929 882 737 819 643 831 577 812 128 386 405 939 974 546 886 562 916 835 475 863 628 95 731 491 1045 859 713 466 274 894 846 982 199 249 844 739 699 815 731 785 121 613 891 215 884 537 772 870 872 496 561 647 538 883 497 216 0 124 625 537 58 678 416 6 698 705 487 220 627 487 682 1109 633 313 710 692 48 623 364 409 856 516 759 432 386 587 1007 223 133 507 377 224 308 1103 417 1012 816 131 655 628 763 1007 663 356 504 820 878 199 170 266 1029 699 373 1035 901 700 665 148 173 761 778 325 593 173 561 921 801 69 880 819 40 379 938 348 905 856 527 379 404 640 631 399 755 620 564 206 188 750 410 891 1043 166 619 348 509 453 81 782 672 695 270 389 793 547 858 648 657 787 892 451 1109 225 853 705 349 228 417 579 638 910 454 331 1110 636 600 810 57 357 563 468 697 546 617 349 117 1117 983 499 813 551 346 220 313 867 1043
503 322 805 238 169 416 814 781 637 87 325 249 619 638 726 767 460 454 368 994 829 500 552 263 273 990 83 446 425 617 369 481 602 229 1129 72 355 800 930 640 301 378 721 778 78 572 547 266 640 618 401 194 423 1009 733 661 341 752 175 388 929 750 302 472 923 449 828 862 390 85 923 834 902 197 588 886 868 175 142 747 577 747 487 812 354 171 515 793 910 270 328 820 595 467 591 537 977 888 619 798 715 770 492 773 93 426 480 1015 959 462 814 463 929 902 409 816 626 197 760 561 1000 794 594 409 154 959 878 950 226 365 786 626 773 828 806 789 244 570 825 306 893 495 670 805 842 404 486 669 482 906 477 322 124 0 603 592 122 755 303 122 581 621 575 283 584 546 749 1073 617 266 651 622 169 698 354 408 873 401 733 325 483 515 982 331 229 483 458 308 266 1075 509 986 758 248 621 510 650 962 568 432 495 873 905 322 46 256 986 637 416 1027 878 693 616 255 206 646 773 213 515 290 531 935 742 189 809 890 164 267 928 406 969 797 579 263 295 657 611 356 659 678 490 270 127 724 449 930 1028 272 627 244 594 513 136 696 558 599 272 465 737 472 852 612 743 734 934 344 1072 325 919 776 260 276 335 509 696 904 502 282 1078 521 677 833 67 469 457 393 760 553 561 228 239 1080 973 571 889 576 255 144 423 899 1001
122 456 608 451 566 487 211 311 514 561 742 502 98 575 432 164 145 392 283 394 632 461 175 380 563 434 530 538 541 341 297 569 174 443 545 532 270 258 340 342 371 510 567 432 574 428 545 354 161 318 475 426 306 409 136 532 395 188 533 221 501 147 344 255 341 545 459 625 320 598 533 363 339 448 89 391 346 442 539 401 32 387 129 318 276 570 102 549 637 640 406 246 175 564 216 126 549 316 664 195 502 305 338 205 519 326 453 725 356 327 397 424 376 591 265 273 100 573 306 437 439 343 660 236 557 621 404 359 432 631 297 610 546 288 572 224 644 109 367 525 332 135 521 349 248 377 279 228 195 386 128 573 625 603 0 369 675 553 509 619 626 360 532 457 109 383 498 489 29 340 217 270 623 514 261 224 340 532 134 471 562 262 383 582 551 120 478 502 338 478 537 387 274 720 66 608 612 402 421 458 129 499 405 673 604 359 418 225 338 428 277 115 150 580 457 640 186 507 295 750 79 384 272 673 384 602 646 498 327 393 623 309 351 527 485 203 12 253 465 410 279 465 476 126 311 475 425 768 150 466 527 387 544 411 581 435 355 457 251 284 260 72 605 234 487 467 489 552 594 529 410 428 352 253 417 310 336 326 486 579 515 329 612 640 473 303 477 150 177 559 692 497 373 450 635 226 418 466 614 421 431
284 643 262 355 460 719 483 679 146 603 547 364 282 210 135 445 366 143 486 659 288 735 508 337 389 766 510 255 272 680 507 813 529 569 834 544 447 615 501 687 540 720 203 189 525 736 821 353 234 660 233 409 558 601 468 163 595 343 435 320 347 432 505 539 654 781 239 301 211 536 334 730 675 395 445 347 703 513 461 161 343 166 398 684 289 461 302 222 336 463 599 584 197 269 155 252 393 433 939 481 152 673 626 555 501 170 157 440 583 602 765 688 437 316 502 628 285 447 231 86 766 711 927 465 640 369 327 655 366 397 664 901 209 351 241 359 483 455 735 338 422 421 845 718 557 616 570 193 483 384 326 367 537 592 369 0 595 204 680 533 897 697 180 317 462 52 170 782 349 433 580 620 508 154 316 269 372 749 459 658 257 570 648 369 410 345 193 321 421 744 217 655 642 567 435 855 911 733 729 197 284 284 366 468 619 369 741 584 178 609 551 342 511 415 386 931 389 628 600 579 380 439 641 549 752 309 534 651 535 189 379 676 20 675 655 207 363 410 796 87 572 331 498 456 152 360 642 614 236 605 168 86 468 761 853 752 342 171 620 567 451 438 241 602 359 666 784 346 330 202 553 317 545 559 105 495 92 435 765 837 149 317 559 349 726 534 172 220 514 683 539 792 572 94 321 143 559 515 346 347 751
565 442 778 249 135 538 884 881 612 209 214 231 675 601 726 836 538 452 469 1069 801 620 648 303 223 1081 154 404 381 729 473 602 698 346 1213 178 449 891 987 751 412 500 693 784 103 690 669 322 686 728 377 249 532 1072 809 634 457 806 162 455 941 819 408 576 1007 571 834 839 415 77 928 936 991 231 673 916 964 281 143 755 646 758 570 911 407 134 579 777 892 187 445 904 638 419 625 591 988 938 740 870 699 870 605 859 163 444 461 994 1027 574 921 582 973 892 511 907 683 151 789 548 1090 897 715 505 275 951 904 1031 254 291 885 748 755 872 786 840 157 657 928 270 940 582 790 908 921 520 594 704 578 941 547 266 58 122 675 595 0 733 424 63 702 734 541 279 672 545 739 1157 685 354 749 727 94 679 416 462 913 523 808 446 437 621 1058 272 189 556 433 281 351 1153 470 1062 856 133 702 631 772 1052 686 413 556 878 935 231 163 316 1075 737 431 1089 952 753 708 199 229 768 832 335 625 173 609 978 841 82 915 876 72 389 991 406 963 896 586 384 416 697 681 443 777 678 597 265 220 800 468 949 1096 151 675 364 563 511 136 810 680 717 323 446 834 580 912 694 710 829 950 465 1156 277 910 762 373 286 446 614 696 964 512 372 1159 643 655 867 69 401 578 500 754 601 657 349 131 1164 1037 556 868 609 369 248 358 925 1089
483 843 59 518 603 922 621 857 121 780 630 509 458 157 131 593 569 306 690 774 85 939 705 519 511 910 677 336 358 878 710 1015 721 764 950 717 650 781 590 884 740 921 54 174 681 939 1025 542 399 857 358 587 762 687 630 101 797 475 585 523 302 583 706 741 793 983 200 108 402 687 255 905 825 565 636 379 867 701 615 184 531 201 599 856 488 602 500 53 159 569 800 740 378 330 338 446 327 518 1143 624 52 852 829 718 670 360 275 261 689 805 947 892 494 171 706 792 458 583 315 196 907 891 1130 669 825 231 346 786 537 478 839 1104 29 439 54 477 596 648 912 463 498 621 1047 896 701 819 773 338 685 424 527 474 678 755 553 204 733 0 878 675 1100 895 198 471 654 226 65 903 529 630 769 814 640 57 517 472 436 950 619 858 312 771 764 472 544 546 301 454 617 852 271 771 820 674 619 1057 1114 877 931 323 484 217 393 556 788 559 879 776 365 690 680 499 700 537 553 1134 522 819 802 673 577 492 821 672 934 147 665 847 639 353 245 851 223 869 852 361 545 613 996 142 774 485 677 618 348 338 735 715 407 801 174 252 622 956 1057 954 530 290 799 769 563 624 76 780 328 866 906 459 193 52 751 482 747 760 138 596 286 633 879 1040 78 382 711 389 929 738 99 412 711 874 648 913 666 184 135 332 756 699 410 359 888
464 55 935 411 426 117 700 565 779 216 617 459 571 805 806 658 379 580 228 850 961 207 378 373 513 795 305 643 627 366 212 181 422 118 951 260 253 617 846 390 147 76 861 840 351 290 245 341 617 376 576 322 217 902 605 803 115 693 410 371 961 644 181 278 758 148 883 980 476 372 975 610 720 360 452 879 665 197 384 805 496 799 381 602 391 430 462 902 1016 543 103 657 590 670 607 509 1012 825 323 680 829 554 245 612 303 518 631 1119 841 228 571 181 883 990 245 632 577 453 767 688 808 568 300 273 152 1038 883 793 380 616 578 324 887 789 920 731 523 427 597 522 840 374 375 579 699 157 272 671 323 883 419 557 416 303 509 680 424 878 0 412 282 363 739 462 439 651 851 899 534 248 452 399 453 822 365 418 841 100 611 43 682 304 840 569 470 411 626 511 261 919 692 842 553 546 493 215 348 772 288 594 457 929 896 596 264 325 801 434 514 922 749 622 447 506 379 345 695 91 287 588 431 891 534 485 570 988 456 38 823 538 1045 586 662 43 26 650 520 285 374 763 275 454 252 601 530 948 906 574 603 82 752 627 382 429 256 317 354 621 537 260 766 482 892 541 956 57 896 551 1001 882 127 433 157 304 778 813 592 245 913 220 807 817 363 702 161 208 849 540 385 88 532 903 867 701 1001 599 122 218 656 902 816
506 422 721 187 73 521 827 837 554 201 206 169 616 546 665 779 484 390 427 1013 744 598 602 243 169 1031 115 349 327 693 433 593 651 320 1160 153 404 841 927 714 379 487 636 722 63 663 654 265 625 691 317 194 496 1013 754 577 429 745 99 399 879 762 370 536 954 560 772 782 352 40 866 892 940 172 622 853 916 247 82 693 590 696 518 865 348 73 522 718 833 150 419 852 576 366 563 532 925 877 733 813 640 826 572 806 123 382 402 936 969 540 881 558 911 832 470 858 623 92 726 488 1039 854 709 461 271 890 841 977 193 249 839 735 696 810 728 780 123 607 885 212 879 531 767 865 866 491 555 642 533 878 491 215 6 122 619 533 63 675 412 0 694 700 485 216 622 483 678 1104 628 307 704 686 48 620 359 403 851 512 753 428 384 582 1002 222 131 501 374 221 303 1097 415 1006 810 135 649 624 758 1001 658 353 498 816 873 200 168 261 1023 693 369 1029 895 694 660 146 168 757 772 321 588 177 555 916 796 74 874 816 44 375 933 344 902 850 523 375 400 635 625 394 750 617 559 202 183 745 406 886 1038 171 614 344 507 449 76 776 668 690 265 386 788 542 852 642 654 781 888 447 1103 223 850 702 344 223 412 574 635 905 449 326 1104 632 597 805 55 357 559 463 693 541 611 345 120 1111 978 496 810 546 341 215 312 862 1037
634 285 1159 682 708 187 763 526 1015 495 899 734 714 1051 1008 734 542 822 410 864 1185 166 453 631 791 751 587 906 893 326 390 102 474 390 915 542 450 616 922 341 374 210 1092 1028 633 212 81 594 772 349 836 593 341 950 671 1039 312 809 690 577 1123 725 405 376 757 135 1065 1195 713 654 1149 549 704 633 543 1017 626 472 665 994 628 984 523 565 619 711 623 1116 1222 824 314 674 761 935 789 678 1172 923 43 743 1049 517 289 640 585 751 879 1321 884 304 485 210 990 1187 396 625 718 735 925 923 767 511 35 434 427 1227 1030 798 649 894 549 64 1104 911 1136 843 805 519 532 795 944 504 194 521 731 281 348 836 437 1010 586 834 698 581 626 897 702 1100 282 694 0 310 987 729 524 878 1062 872 655 493 469 397 736 1048 587 628 963 182 680 275 945 364 857 846 749 570 880 782 506 914 949 856 533 827 582 73 91 739 218 849 630 1109 1031 878 540 580 770 450 751 972 791 738 504 786 652 69 795 373 331 869 562 998 514 766 491 1191 738 320 882 786 1232 551 877 319 297 812 638 488 237 971 348 724 532 672 758 1100 939 853 758 358 997 860 664 326 45 220 607 872 529 346 849 571 1126 543 1112 259 868 825 1195 1095 383 698 358 373 983 886 817 483 897 64 1037 955 644 974 171 362 1053 713 454 354 814 873 920 937 1212 787 381 497 929 1047 784
413 318 953 605 681 266 460 222 835 543 884 665 457 885 784 437 335 666 282 554 978 183 191 535 731 454 585 788 782 19 271 299 187 393 617 556 317 307 619 32 322 311 900 790 638 100 235 494 520 44 715 532 205 642 372 856 282 527 653 410 858 430 330 179 448 294 819 977 562 664 893 256 397 571 271 740 325 454 640 758 373 745 299 262 473 685 396 899 994 789 295 365 524 817 560 449 905 627 338 440 844 213 129 331 577 590 730 1085 576 160 209 185 697 950 242 317 460 701 666 746 469 215 343 267 496 981 757 489 574 826 243 273 893 627 922 558 780 253 241 714 651 276 162 225 423 219 151 587 219 726 372 762 705 621 360 697 734 895 363 700 310 0 830 639 252 695 847 570 389 406 165 95 727 850 440 454 678 313 382 323 821 135 547 774 699 352 743 695 415 607 811 547 225 831 303 324 268 438 97 714 413 859 751 837 596 486 469 149 596 663 482 460 216 736 589 300 505 426 116 871 319 705 205 772 209 960 740 382 576 644 983 247 677 403 354 562 371 345 105 755 148 640 517 375 588 828 630 871 508 385 832 686 642 77 269 90 504 727 220 163 550 293 938 233 842 307 567 746 953 879 361 604 289 147 765 583 636 389 593 286 845 679 665 877 224 239 830 484 186 449 809 573 612 761 989 564 366 487 838 772 483
429 713 238 346 414 802 662 842 80 611 433 325 454 66 245 623 496 167 584 839 260 836 649 367 318 943 502 139 161 814 603 895 677 622 1014 546 542 786 678 825 615 793 153 310 498 853 918 399 411 797 174 427 664 778 642 97 676 523 401 424 468 610 582 658 833 861 354 301 277 501 434 895 851 397 599 505 874 550 433 297 503 309 533 850 370 414 449 248 356 372 676 758 370 132 329 407 503 608 1031 659 178 834 741 727 496 242 108 455 763 712 923 787 605 367 609 799 457 393 401 97 944 872 1015 575 664 427 478 835 371 280 829 1002 224 525 252 539 399 604 898 273 595 557 966 879 735 711 690 373 610 545 461 278 487 575 532 180 541 198 739 485 987 830 0 296 614 149 223 962 516 497 732 762 447 150 404 376 541 822 633 727 114 696 827 275 354 482 118 267 484 924 73 835 805 476 596 936 1016 910 846 147 426 388 522 358 612 415 918 734 239 785 730 519 664 343 382 1031 568 670 723 475 527 606 801 476 911 345 471 705 714 202 441 841 192 724 716 386 528 506 922 210 692 308 514 629 242 494 820 517 412 659 24 146 439 899 947 873 386 118 782 683 630 597 170 765 488 738 964 264 388 237 615 315 629 685 223 673 198 506 945 925 125 484 525 197 818 635 251 382 656 721 451 972 750 86 330 314 619 541 213 496 929
335 445 522 52 144 542 652 723 354 316 285 51 430 361 450 605 346 175 360 842 546 595 493 105 106 888 207 182 166 628 375 631 537 344 1001 251 322 704 733 645 359 524 439 506 211 634 669 146 427 617 122 139 443 825 592 378 422 552 118 252 663 588 333 460 797 596 556 579 148 220 651 780 794 104 484 641 787 265 146 477 425 480 387 745 186 145 355 511 627 184 417 701 376 209 357 348 709 678 772 641 432 714 525 658 201 170 197 731 787 493 786 547 705 621 398 720 436 135 514 278 894 747 753 373 370 678 627 814 81 188 719 754 490 606 522 583 192 476 777 75 677 406 747 757 703 470 488 435 433 668 336 124 220 283 457 317 279 471 462 216 729 639 296 0 490 268 468 944 457 244 594 598 195 415 212 233 643 553 589 457 221 506 830 136 102 352 178 56 232 928 236 835 691 274 502 670 773 856 627 150 328 601 660 217 318 157 874 588 156 839 723 510 536 125 87 781 584 384 523 298 409 710 681 241 776 608 221 425 746 128 690 731 307 440 440 430 460 294 714 401 491 14 221 581 194 671 854 324 417 380 314 234 153 716 693 658 135 182 667 478 663 497 462 657 672 471 945 107 638 494 347 35 382 495 419 715 234 259 939 665 393 595 243 246 567 409 480 349 503 431 245 953 791 288 605 339 349 251 203 648 888
185 384 710 474 579 399 261 236 606 529 769 530 206 662 537 222 144 462 228 418 734 362 71 399 594 409 520 601 600 233 237 474 68 394 545 513 231 220 412 234 315 428 664 539 570 321 443 365 269 210 532 429 224 463 167 625 324 285 546 238 608 209 296 166 339 453 567 730 372 595 642 292 319 458 20 495 298 412 545 508 123 494 105 254 305 582 164 653 744 667 337 236 277 628 316 211 656 402 561 241 603 227 239 189 510 388 525 833 403 234 310 329 467 699 197 236 208 590 415 523 418 263 559 181 513 729 510 369 448 674 230 505 649 387 676 319 666 15 291 563 422 91 413 272 265 293 184 336 117 486 160 613 627 584 109 462 672 654 439 622 524 252 614 490 0 469 601 489 137 320 119 163 634 612 279 264 439 446 172 398 629 162 408 623 575 141 546 541 322 495 610 410 202 736 59 511 506 380 314 521 188 607 508 706 577 365 403 122 398 484 311 214 50 608 471 534 272 454 193 769 87 476 194 684 299 710 654 435 385 453 731 242 443 463 417 311 120 230 356 512 182 496 458 163 379 581 469 782 257 410 612 467 550 304 479 327 370 526 178 191 334 47 702 166 594 391 488 593 702 633 358 458 290 154 520 378 415 303 495 480 610 433 605 700 379 231 582 242 70 500 709 495 429 536 741 323 366 441 668 526 417
286 617 284 308 410 698 516 694 140 562 495 314 305 193 182 476 361 93 468 697 310 720 509 297 337 795 465 205 221 678 489 792 534 538 870 501 428 637 545 688 515 695 213 239 477 727 805 317 264 660 181 367 544 644 493 162 573 380 386 302 399 462 480 530 685 759 289 330 176 488 383 747 702 350 454 399 725 477 413 213 355 218 396 701 262 411 306 254 371 410 575 609 221 221 181 260 444 478 922 512 178 687 616 577 457 134 105 476 623 589 777 672 486 357 488 650 308 396 280 54 796 725 908 452 603 413 379 689 321 345 681 886 237 397 271 400 431 461 750 285 468 419 838 732 587 598 562 232 477 434 323 314 487 546 383 52 545 226 651 483 878 695 149 268 469 0 206 817 367 403 588 622 457 171 292 251 421 724 484 632 210 565 685 317 359 343 142 269 391 782 173 692 657 515 448 833 898 761 720 145 284 333 418 416 575 334 771 590 140 654 585 372 519 363 341 916 425 594 593 526 384 488 654 497 765 347 483 621 576 141 423 693 52 643 626 242 379 390 791 133 564 282 458 480 122 412 684 562 264 574 144 34 420 761 836 745 306 119 634 557 491 450 248 617 411 641 819 294 373 235 524 271 523 553 151 537 62 407 802 818 158 366 511 302 707 518 214 233 516 649 486 827 614 67 353 165 530 476 296 399 782
437 813 112 511 605 888 557 799 144 768 653 510 402 198 68 530 525 295 653 709 134 899 656 503 521 846 669 353 375 828 674 981 669 740 885 706 615 721 525 834 710 889 109 110 678 894 986 522 341 807 362 573 722 623 569 132 764 411 584 488 250 521 675 698 729 949 141 133 380 687 211 845 762 555 583 316 805 681 613 119 478 136 553 797 460 606 452 53 166 584 768 677 324 353 286 397 282 453 1105 561 46 794 787 657 661 338 277 270 624 764 890 853 430 153 667 731 401 588 250 190 843 833 1093 629 808 212 285 721 526 500 781 1064 49 374 75 412 609 597 853 470 433 575 1000 837 638 782 729 278 640 362 482 487 682 749 498 170 739 65 851 678 1062 847 223 468 601 206 0 838 473 603 715 763 647 75 486 437 372 918 559 828 336 726 699 487 549 500 308 458 591 787 293 706 762 690 564 1022 1073 814 887 326 439 167 331 577 780 538 815 722 345 626 616 439 647 546 545 1094 458 798 757 693 527 429 764 682 876 141 672 822 574 343 224 792 189 845 825 302 490 578 948 92 730 481 663 558 322 283 670 734 350 776 199 237 620 905 1018 908 511 293 741 727 498 570 139 722 274 835 841 470 172 33 723 474 714 714 82 531 261 605 814 1004 100 317 711 420 892 700 36 363 661 853 663 848 601 183 151 282 729 682 435 298 823
609 845 943 940 1054 824 302 348 918 1017 1230 990 525 986 773 346 620 856 713 130 959 752 530 868 1050 124 1007 1004 1012 558 718 869 481 877 57 1001 719 282 324 538 796 865 939 733 1055 670 803 840 554 540 949 910 686 245 352 927 790 440 1021 707 682 362 782 626 150 862 726 928 803 1080 742 323 178 935 485 552 246 901 1025 719 520 702 587 308 765 1057 590 874 909 1128 804 253 601 1027 638 600 706 392 892 309 865 358 658 300 997 801 909 957 218 671 393 742 439 849 677 267 520 1061 588 866 108 360 903 667 995 844 586 131 920 1113 328 823 884 465 896 429 1133 503 341 1010 417 578 688 351 241 742 627 590 597 509 615 1057 1109 1073 489 782 1157 903 899 1104 872 570 962 944 489 817 838 0 487 808 446 504 1111 888 748 713 479 874 356 856 1021 595 140 1066 1040 603 940 987 809 75 988 132 350 1208 455 894 809 132 667 925 617 739 547 1160 1066 843 101 464 814 256 232 449 462 1068 944 845 394 932 613 1239 549 445 370 1161 384 876 1132 904 267 868 837 323 771 931 881 576 485 717 636 779 624 953 947 363 782 636 196 1257 556 887 950 833 1030 546 835 655 842 917 362 640 340 463 974 357 653 844 6 1036 839 860 840 916 767 595 775 309 788 791 40 856 900 527 1091 1107 788 704 805 608 522 973 1180 10 251 876 922 655 848 930 1088 584 88
123 481 584 455 572 515 200 331 495 578 743 504 72 557 407 151 163 382 307 387 607 490 205 386 563 440 542 530 534 370 322 597 202 464 543 547 291 270 320 370 394 537 545 404 585 457 574 363 134 346 468 436 333 393 136 512 420 161 539 230 472 134 366 283 341 573 431 600 317 608 504 381 345 456 118 362 359 459 547 374 40 360 153 335 282 576 106 524 610 641 431 251 153 555 195 116 520 292 693 186 479 325 367 213 531 319 441 698 343 355 418 453 350 563 290 284 73 578 277 421 443 363 689 261 577 593 375 356 438 628 315 639 522 260 547 198 647 138 386 523 306 161 550 369 246 404 308 201 223 358 139 571 633 617 29 349 685 529 534 628 655 389 516 457 137 367 473 487 0 356 243 298 629 492 269 227 313 559 131 496 552 291 375 580 554 136 468 501 353 472 525 380 293 724 91 636 641 407 450 449 131 470 377 673 620 369 421 252 332 411 268 88 177 582 463 669 163 529 324 753 103 358 293 680 405 575 652 522 311 387 594 327 332 551 509 176 18 271 493 387 308 466 490 125 303 445 412 773 124 488 511 373 552 438 610 464 363 446 271 312 240 98 583 253 458 493 487 550 566 505 431 430 377 282 393 290 322 343 482 607 494 300 623 632 501 329 452 135 206 581 696 495 357 433 608 206 439 482 608 392 434
253 216 687 203 277 306 551 529 532 222 479 261 369 561 561 504 196 334 124 728 713 351 295 141 326 728 201 415 403 397 136 398 344 137 864 194 96 538 675 416 119 296 613 598 251 391 428 102 402 391 344 126 204 749 467 556 181 502 248 140 729 487 89 233 658 364 644 732 228 277 737 584 639 165 323 662 610 103 238 564 316 559 222 558 144 281 260 655 769 383 179 555 366 444 374 293 780 638 536 534 581 518 285 508 191 270 389 873 696 253 575 303 687 745 166 554 377 296 542 441 737 546 519 153 230 794 661 685 170 425 531 513 639 587 673 539 375 305 578 316 647 230 504 557 577 226 256 446 225 674 219 361 313 266 340 433 354 630 248 307 493 406 497 244 320 403 603 808 356 0 397 381 327 574 122 179 636 325 468 231 453 279 717 373 293 221 387 299 13 809 456 721 503 432 356 439 531 699 385 356 244 690 680 431 264 88 723 386 267 767 614 437 354 330 183 541 517 199 290 469 266 694 488 375 568 741 344 218 667 295 802 543 415 242 223 429 349 91 473 516 259 241 139 459 282 721 765 475 388 173 508 379 241 483 454 416 114 380 481 244 595 347 645 475 728 241 807 348 757 635 121 210 139 270 532 646 344 18 812 429 559 603 286 490 326 169 602 318 304 255 408 815 713 454 754 364 126 126 447 681 737
303 399 825 572 669 383 296 133 724 585 865 630 315 781 650 272 251 579 283 407 849 322 103 497 696 346 596 715 714 147 283 441 58 438 499 580 301 166 455 139 358 421 781 647 648 256 390 460 377 122 646 516 241 483 207 743 345 367 637 344 701 265 349 183 308 427 672 843 486 674 740 188 268 550 135 579 219 475 632 617 239 603 210 162 411 673 283 767 853 765 359 212 392 743 432 329 747 462 500 276 719 122 214 173 586 505 642 939 417 225 194 303 532 805 242 180 316 684 515 642 358 153 503 244 555 832 599 345 544 781 136 437 763 466 790 396 762 128 183 669 486 189 325 163 265 295 180 444 172 563 275 718 710 651 217 580 749 769 452 704 469 165 732 594 119 588 715 446 243 397 0 72 722 729 382 375 515 433 217 409 744 149 398 729 673 255 662 647 402 470 727 399 108 826 153 472 432 322 251 637 306 709 590 807 636 457 349 19 514 504 323 303 69 707 564 465 341 489 167 862 205 541 92 770 184 818 740 458 413 567 833 147 561 485 435 419 226 313 266 627 177 598 530 211 496 670 475 870 367 444 731 586 636 198 426 253 467 643 88 194 385 146 820 89 684 398 444 700 807 747 402 560 326 150 634 418 534 379 462 437 728 520 681 813 351 264 695 360 94 527 800 451 451 655 852 440 409 507 780 612 364
337 348 871 570 658 320 367 167 761 550 858 629 368 814 699 342 268 603 259 474 896 253 113 496 695 396 574 732 729 76 254 372 96 400 555 553 286 228 527 72 322 361 823 702 627 185 319 457 431 51 661 505 200 554 278 781 298 433 628 354 765 335 320 151 372 360 729 893 503 653 801 215 327 542 182 645 266 448 619 670 286 657 229 203 421 662 318 815 906 760 313 280 439 761 477 369 811 533 428 347 763 155 154 243 565 527 667 995 488 172 194 238 602 861 217 241 370 675 574 675 409 173 431 229 514 891 664 411 540 786 180 365 811 533 838 463 754 166 204 673 556 206 257 185 335 243 136 498 165 631 301 722 692 622 270 620 727 814 399 686 397 95 762 598 163 622 763 504 298 381 72 0 708 771 389 393 583 370 288 356 764 106 466 733 668 280 683 652 388 533 750 466 155 813 210 402 361 375 179 656 338 768 657 805 603 451 405 54 534 575 394 366 122 704 558 393 410 446 113 850 239 611 135 755 188 872 724 409 485 586 892 187 600 435 384 473 281 305 198 673 133 600 507 281 522 734 545 855 419 401 763 616 622 142 354 182 465 666 143 151 456 201 860 151 748 343 502 704 864 795 366 563 289 113 681 490 565 363 523 366 768 585 658 826 285 228 745 402 106 479 789 508 523 689 903 483 372 480 790 678 419
507 460 684 177 57 560 828 855 519 246 164 145 612 506 637 780 493 364 450 1016 706 635 619 243 129 1043 150 310 287 720 458 634 668 356 1167 194 423 853 921 741 409 528 600 696 103 696 693 271 616 716 284 206 523 1010 759 541 463 739 90 404 855 763 397 559 961 601 746 746 339 85 839 910 950 176 632 836 931 280 90 669 593 672 529 881 348 54 524 684 798 102 453 861 566 325 550 528 900 869 776 815 607 844 601 816 155 365 369 900 968 569 903 592 899 800 493 870 619 61 709 457 1050 873 752 480 316 859 822 982 191 202 855 775 662 799 693 772 75 619 904 177 869 544 802 884 871 523 581 629 551 863 496 172 48 169 623 508 94 640 453 48 736 727 447 195 634 457 647 1111 629 327 722 708 0 586 363 403 838 554 757 467 342 605 1004 178 98 508 340 189 321 1101 376 1009 827 104 658 667 798 1012 691 321 499 789 856 152 216 270 1033 712 351 1025 897 692 674 104 167 798 769 363 614 143 563 904 813 50 896 783 26 416 930 320 871 867 499 418 440 623 628 410 782 589 584 182 214 749 389 865 1036 148 606 382 469 423 86 805 708 723 268 354 804 567 848 651 616 796 865 485 1110 183 819 669 377 210 441 597 607 900 428 346 1110 673 562 790 103 311 596 489 664 534 629 390 82 1118 975 464 774 533 375 248 267 843 1047
437 788 113 461 547 868 599 822 71 723 583 453 422 123 120 568 520 249 637 760 139 888 661 463 458 887 620 285 307 833 658 962 679 708 937 660 598 751 582 840 686 866 53 178 625 890 973 486 366 813 303 530 711 681 600 57 743 453 529 471 325 557 651 692 772 929 215 164 346 632 286 871 800 509 595 383 837 645 559 177 491 192 552 824 433 547 455 99 213 518 746 712 339 282 298 403 357 511 1091 600 30 817 780 688 613 305 219 317 677 755 911 840 494 217 655 762 423 528 302 139 886 855 1078 618 768 277 353 767 480 430 806 1053 76 429 108 459 544 606 877 409 492 575 999 861 678 767 724 309 637 428 479 422 623 698 514 154 679 57 822 620 1048 850 150 415 612 171 75 888 492 574 729 771 586 0 463 420 433 895 590 803 265 724 749 420 490 499 246 399 562 841 222 757 785 623 581 1004 1064 855 883 268 438 242 399 508 732 502 859 734 309 686 662 470 660 484 496 1083 500 763 754 624 533 493 785 619 897 198 611 791 627 297 291 817 174 813 797 330 507 560 950 111 726 428 621 588 293 356 728 665 372 745 126 196 566 913 1005 906 474 234 763 720 548 585 91 745 348 812 891 406 238 87 695 425 694 712 113 585 232 579 866 988 25 377 655 347 877 686 108 370 667 817 597 898 658 128 191 290 700 642 363 368 868
150 327 575 195 306 406 469 511 427 330 490 251 265 465 441 421 135 237 180 655 601 433 282 121 316 683 276 348 342 426 199 499 324 259 804 287 139 495 577 441 224 404 505 477 316 451 516 94 289 413 276 167 261 658 396 451 280 398 273 41 608 403 189 262 598 467 522 617 127 339 616 568 589 188 274 544 577 218 278 442 231 437 174 533 34 310 164 539 651 388 283 498 248 377 253 183 658 534 631 454 467 501 339 454 265 164 298 754 612 309 574 384 577 625 207 512 272 315 422 335 690 535 616 175 348 674 542 619 173 399 507 599 524 476 557 435 389 265 565 287 540 193 565 544 508 308 292 327 225 559 133 336 364 354 261 316 416 517 365 359 587 440 404 212 279 292 486 748 269 122 382 389 363 463 0 59 523 433 395 342 382 304 643 347 297 145 306 265 112 739 375 648 479 462 296 541 612 651 445 276 142 569 563 428 364 100 671 376 165 675 537 340 324 329 197 628 420 321 327 493 201 584 468 413 565 623 385 338 577 207 681 519 298 363 339 311 266 102 525 398 295 217 231 386 171 601 680 509 275 293 411 272 284 514 546 472 95 293 455 284 500 290 539 445 607 350 748 318 637 518 238 179 231 293 413 552 231 120 747 526 450 487 354 439 417 231 484 202 291 377 434 755 623 349 637 242 245 232 402 562 685
104 377 530 228 345 450 426 499 390 388 518 278 213 434 388 378 125 212 218 614 557 469 281 160 339 655 328 340 338 439 238 544 318 315 769 343 178 472 526 452 274 452 465 421 366 478 554 143 232 424 270 218 293 610 360 413 327 345 312 51 550 360 239 282 565 512 466 569 110 387 559 556 561 231 255 486 556 276 322 387 192 381 166 517 56 349 122 490 601 416 331 468 190 369 195 129 600 480 671 413 421 490 366 425 318 135 276 703 566 339 569 421 521 572 237 488 220 350 364 299 661 526 658 201 407 619 483 583 212 412 493 635 477 420 510 381 420 251 554 303 485 188 590 535 472 347 314 268 235 501 105 352 409 408 224 269 462 472 418 403 628 454 376 233 264 251 437 713 227 179 375 393 403 420 59 0 466 481 357 393 371 320 602 362 327 122 290 281 170 699 358 607 466 497 269 586 647 623 471 263 96 512 505 450 420 153 641 373 142 626 495 291 312 356 237 665 369 378 346 526 178 527 457 453 559 571 426 393 529 193 627 505 250 418 392 253 228 141 546 347 316 241 287 349 135 542 634 546 219 349 381 236 328 526 585 497 140 273 441 308 450 265 500 429 549 399 713 332 583 470 293 204 277 309 362 502 190 176 709 568 409 429 404 437 457 267 432 145 289 435 468 721 575 313 588 184 300 290 405 504 655
385 790 470 664 783 827 248 544 479 853 907 695 271 547 314 250 462 495 613 350 484 800 510 614 737 512 791 626 641 659 630 909 494 760 521 809 590 442 157 654 697 849 479 262 823 758 882 607 234 634 594 680 645 251 313 482 730 154 752 496 212 252 666 595 397 885 248 450 499 842 267 574 445 685 420 76 511 738 770 257 347 241 462 526 519 785 381 401 430 815 739 382 278 641 288 343 247 88 1000 262 406 544 676 384 781 474 526 484 261 667 637 764 65 370 601 447 264 778 142 456 506 577 997 569 865 370 108 377 660 763 519 942 414 53 422 120 830 444 587 686 63 473 840 578 325 716 619 209 536 48 425 724 856 873 340 372 913 436 841 851 963 678 541 643 439 421 372 479 313 636 515 583 838 433 523 466 0 871 301 805 629 600 341 729 745 431 563 666 629 421 589 349 511 915 381 948 942 483 752 560 392 260 79 829 887 618 477 530 488 254 282 226 464 761 685 971 174 826 632 933 414 67 522 885 623 396 863 825 213 528 365 527 369 854 816 217 328 564 781 335 618 656 754 306 450 169 300 964 248 788 523 449 777 711 918 762 601 539 498 624 159 393 511 478 186 804 483 702 361 389 730 629 684 591 325 171 422 627 451 918 450 57 861 721 813 640 337 321 509 880 885 489 233 461 443 305 738 755 717 111 482
508 109 1008 504 525 50 705 530 856 315 717 554 606 887 869 668 419 659 270 839 1034 134 378 459 610 763 405 733 718 321 250 81 415 210 923 360 305 597 858 343 210 30 936 897 451 224 149 424 658 336 664 415 226 904 610 881 154 719 508 431 1008 655 244 281 740 48 938 1049 552 472 1027 569 697 454 462 916 632 292 483 862 525 855 411 569 462 529 503 971 1081 642 150 644 638 761 659 555 1059 845 223 685 899 519 219 602 402 592 714 1183 841 214 520 131 908 1052 272 610 612 552 811 765 777 527 202 306 249 1096 924 778 472 713 547 224 957 819 990 756 623 437 554 616 863 398 290 538 693 155 264 717 337 916 461 654 516 401 532 749 523 950 100 512 182 313 822 553 446 724 918 874 559 325 433 370 554 895 433 481 871 0 617 96 772 292 830 665 567 449 711 604 338 902 778 831 524 646 504 117 249 744 224 680 503 984 932 695 362 409 774 414 591 926 747 647 443 604 473 245 715 191 267 688 458 916 504 585 522 1052 556 138 829 620 1103 553 730 139 115 695 544 341 299 828 266 546 350 608 603 991 903 674 644 176 834 702 482 367 157 248 437 705 512 255 780 492 969 520 1001 84 871 646 1062 950 208 523 204 296 842 824 663 318 893 120 882 853 463 796 89 233 913 588 383 178 632 877 871 778 1069 654 205 315 750 942 788
254 556 670 585 700 569 89 250 604 687 874 635 180 669 490 55 273 509 394 261 691 524 238 514 695 312 662 658 663 364 405 640 207 560 412 662 389 162 244 356 483 599 643 472 707 469 600 488 226 339 598 560 396 291 12 618 496 162 667 354 498 49 461 337 210 621 486 675 448 731 543 290 218 582 159 369 247 567 673 447 165 431 248 241 410 704 235 605 675 772 508 125 264 682 305 246 541 245 714 69 573 248 404 99 651 449 566 752 232 403 344 495 315 622 367 173 176 707 326 537 314 284 715 346 677 640 392 226 566 759 228 652 607 254 629 184 777 184 300 655 269 246 542 287 115 464 352 282 288 349 262 702 759 733 134 459 808 619 611 753 680 382 633 589 172 484 559 356 131 468 217 288 757 590 395 357 301 617 0 570 678 327 250 712 685 252 595 632 467 344 649 254 215 854 118 675 649 278 463 577 261 518 378 804 732 492 291 234 462 312 145 120 177 712 591 681 128 622 356 883 203 323 223 808 330 640 780 605 213 517 639 238 444 634 589 260 129 379 483 480 351 597 606 9 432 462 300 902 222 578 625 495 678 410 636 469 489 572 199 361 169 130 681 179 477 563 356 681 620 587 525 560 459 321 482 208 446 453 352 642 595 313 744 760 545 403 532 259 234 670 825 364 257 548 679 319 533 594 738 404 303
431 16 916 409 435 93 659 523 762 239 631 459 536 792 781 618 345 565 193 807 942 176 336 363 516 752 317 636 622 325 175 174 380 115 908 275 222 575 806 349 119 67 843 813 365 255 226 328 584 334 568 319 175 861 564 787 76 656 416 344 930 604 154 235 715 140 855 959 459 388 946 568 677 359 411 845 622 197 392 778 459 771 344 560 370 439 429 881 993 552 66 615 559 665 578 477 981 787 317 639 808 511 203 570 313 499 618 1096 800 185 530 145 846 965 206 589 542 461 735 671 765 526 296 236 180 1012 850 750 376 619 536 309 866 753 899 694 534 386 555 521 802 335 346 537 657 114 230 639 282 848 385 559 432 325 471 658 446 858 43 428 275 323 727 457 398 632 828 856 496 231 409 356 467 803 342 393 805 96 570 0 675 261 798 571 474 376 615 509 244 877 682 799 510 563 453 213 331 730 252 584 425 901 861 605 290 313 758 392 497 882 707 584 405 512 378 333 657 113 244 605 393 854 491 502 529 964 472 61 783 525 1018 544 640 80 32 618 482 256 340 739 232 451 258 561 511 916 865 594 569 85 739 609 392 390 243 282 341 609 495 217 727 441 875 499 925 19 853 551 976 860 112 427 122 261 754 773 572 225 871 211 789 783 382 701 132 168 825 509 342 126 547 860 826 685 979 571 109 223 655 869 773
447 663 349 272 317 757 719 863 194 530 319 237 499 166 351 676 496 170 556 903 369 803 652 313 215 989 418 39 58 807 574 848 687 564 1075 465 515 820 755 821 571 742 265 416 405 831 881 351 467 793 109 360 639 854 685 211 634 588 309 412 576 661 542 644 884 814 462 413 261 405 545 918 895 325 617 601 908 486 341 398 531 408 537 877 349 316 468 362 469 261 631 801 420 18 383 436 614 688 988 713 291 855 720 765 413 240 112 567 832 689 938 754 694 481 588 835 503 292 488 174 992 892 970 557 588 542 577 891 302 166 854 966 338 607 366 610 289 617 919 177 678 559 946 900 786 676 674 442 604 639 470 170 386 483 562 257 437 312 682 384 945 821 114 221 629 210 336 1021 552 453 744 764 342 265 382 371 629 772 678 675 0 686 891 165 256 489 83 178 440 989 44 898 828 363 621 888 983 956 825 108 442 498 619 244 524 365 968 743 231 864 789 572 678 238 307 994 631 605 709 361 541 696 822 368 927 459 365 646 785 178 555 866 262 661 660 450 560 481 907 310 677 230 442 672 251 599 893 403 465 600 139 189 347 895 907 854 338 105 804 666 700 621 276 789 594 689 1022 161 502 351 564 249 591 675 326 746 233 465 1008 881 239 573 428 92 779 607 362 419 660 652 339 1030 824 172 443 366 567 472 99 596 980
289 250 830 474 556 243 414 270 705 444 758 533 353 753 665 380 204 532 155 549 855 201 90 402 600 494 469 652 646 122 149 314 123 295 648 447 186 314 570 139 216 277 773 678 522 170 282 362 413 112 580 404 95 613 319 726 196 446 527 275 762 368 214 46 455 294 711 858 427 548 791 320 417 443 180 653 365 341 516 644 266 633 173 305 338 560 274 779 878 661 211 355 409 682 442 329 810 563 402 394 719 258 77 312 460 456 596 973 549 79 300 169 629 838 113 328 357 575 565 615 506 279 398 133 409 873 667 491 443 693 279 349 771 547 801 481 654 156 310 581 583 151 275 291 401 147 32 479 87 646 245 629 587 515 262 570 621 771 304 582 364 135 696 506 162 565 726 595 291 279 149 106 605 724 304 320 600 292 327 261 686 0 540 641 570 226 608 561 287 617 676 541 253 710 220 350 353 470 162 579 287 753 667 708 496 354 498 131 461 634 455 374 151 607 459 379 434 343 33 748 204 637 234 652 294 845 620 309 538 509 877 289 551 336 286 454 274 211 227 634 29 507 401 318 454 737 611 751 400 298 700 554 519 210 318 183 371 593 235 45 494 208 810 238 749 250 593 613 843 758 260 471 182 12 644 535 505 261 610 319 718 591 552 742 218 122 711 365 93 379 686 600 579 629 872 443 266 374 704 683 513
498 786 803 830 947 781 177 337 781 934 1114 877 402 850 634 225 523 729 636 12 820 719 462 761 935 190 912 877 885 532 644 838 418 802 188 911 635 241 188 516 723 817 800 593 957 646 782 737 424 510 824 809 623 127 250 790 727 305 914 603 547 242 704 563 106 825 586 789 685 980 605 335 166 830 399 415 253 815 921 580 412 563 496 302 657 950 481 734 771 1013 740 186 473 898 508 482 573 253 883 189 726 344 611 228 901 678 780 821 81 619 410 701 304 711 604 232 396 952 449 733 179 361 890 588 920 708 448 64 813 991 312 816 744 325 756 291 1021 421 353 892 279 491 687 355 143 686 570 455 523 373 510 938 1007 982 383 648 1058 764 840 1002 857 547 827 830 408 685 699 140 375 717 398 466 1004 749 643 602 341 830 250 798 891 540 0 946 928 502 812 869 716 99 857 8 324 1099 362 868 806 170 642 799 506 601 411 1042 980 741 152 417 692 144 107 323 393 954 838 841 260 861 564 1127 452 311 343 1054 397 737 1027 840 128 745 702 313 637 868 820 442 376 627 630 641 568 839 855 258 658 501 91 1148 428 817 815 703 926 542 816 637 737 788 328 581 201 373 835 315 518 789 143 916 702 720 766 803 696 538 637 170 659 702 118 831 762 387 994 979 750 636 665 486 455 907 1070 150 120 742 784 526 774 842 962 448 152
460 561 512 170 162 660 769 858 351 390 178 113 544 331 488 723 480 235 493 958 533 720 629 239 59 1016 277 136 114 762 507 745 672 456 1122 326 456 834 835 780 483 637 428 551 253 764 791 280 530 752 137 255 575 930 716 371 545 657 164 386 712 706 460 595 921 711 600 575 263 248 689 914 921 214 616 714 919 374 195 527 550 534 521 878 319 160 481 519 630 98 539 828 479 147 452 467 754 775 888 759 444 848 657 786 275 269 216 730 898 625 921 673 793 637 531 850 550 134 592 303 1021 882 867 508 454 697 695 935 203 53 853 875 496 698 526 685 124 610 912 60 770 541 877 891 825 597 622 525 569 747 467 12 223 331 582 369 272 472 569 222 846 774 275 136 623 317 487 1066 580 373 729 733 178 420 347 362 729 665 712 571 165 641 946 0 104 484 181 82 362 1045 202 952 825 203 631 782 895 984 758 172 453 640 734 100 374 289 1000 723 255 943 840 623 670 76 195 901 694 484 657 210 540 796 815 202 912 618 200 531 855 205 710 865 366 541 550 526 584 430 846 442 626 134 318 705 290 729 964 248 524 489 298 285 199 850 812 789 270 200 801 611 770 627 441 790 727 587 1067 31 657 506 465 170 509 631 459 820 307 389 1059 782 395 677 271 139 689 541 508 461 638 524 177 1075 897 307 605 434 466 352 92 716 1013
431 465 590 102 61 565 751 804 424 286 193 52 530 416 539 703 432 267 417 940 613 630 570 177 45 979 173 220 198 689 429 648 616 359 1097 222 384 792 835 708 395 539 506 598 151 680 697 213 529 682 187 168 496 926 688 446 454 654 60 338 757 686 375 524 892 613 648 651 251 149 741 860 885 128 571 741 873 277 91 571 520 575 470 828 276 60 450 588 703 92 447 794 478 239 459 448 802 780 790 739 510 794 577 750 172 272 272 805 887 545 860 584 807 703 458 809 537 39 615 359 986 825 769 439 351 761 726 910 129 147 802 781 566 708 597 685 93 561 856 82 779 488 791 836 799 510 548 537 505 769 427 94 133 229 551 410 189 544 470 131 749 699 354 102 575 359 549 1040 554 293 673 668 98 490 297 327 745 567 685 474 256 570 928 104 0 441 244 91 284 1026 285 934 774 172 592 684 802 948 675 224 424 691 761 138 272 217 967 665 258 941 821 610 619 38 111 806 686 382 583 199 498 812 762 140 852 687 124 432 848 223 774 814 402 440 452 533 555 363 764 491 552 91 217 677 296 768 955 222 520 391 376 325 95 776 717 706 206 256 750 536 764 587 524 741 768 491 1040 96 721 573 372 125 424 560 509 816 331 310 1037 685 466 697 173 243 596 462 566 450 579 421 143 1048 892 367 679 441 371 252 196 747 981
64 361 604 340 451 410 331 377 482 443 634 394 160 535 441 284 31 324 183 513 629 405 167 267 457 538 410 460 459 336 201 499 198 332 660 412 160 352 455 345 266 424 548 458 455 394 491 237 209 317 391 308 231 528 253 503 301 287 418 104 559 267 236 198 453 471 495 633 231 479 581 433 444 332 133 469 435 323 422 424 95 414 53 395 167 455 54 554 655 532 310 353 191 488 219 108 609 422 611 315 494 368 287 309 399 249 388 752 477 267 449 361 476 617 179 368 167 460 362 395 545 404 603 143 443 657 475 475 318 534 370 566 545 380 576 325 534 129 432 424 434 77 501 413 365 299 229 268 139 473 20 473 507 483 120 345 556 546 411 501 570 352 482 352 141 343 500 603 136 221 255 280 508 499 145 122 431 449 252 376 489 226 502 484 441 0 407 402 218 597 472 506 343 607 151 540 573 507 387 381 62 539 485 569 485 241 526 254 258 546 397 219 190 472 342 596 297 397 256 638 57 483 335 558 438 623 529 395 446 312 661 383 325 423 385 245 128 137 451 408 230 358 355 244 242 541 545 654 194 358 483 336 427 419 525 409 240 388 319 227 375 145 586 307 551 376 603 453 625 533 300 320 254 214 419 426 285 208 603 516 493 407 492 559 405 217 487 143 174 451 579 611 492 409 647 219 308 347 527 493 540
363 602 348 228 302 693 638 780 180 493 355 210 417 183 307 595 415 86 483 824 371 733 571 253 213 907 385 65 78 728 502 786 605 508 995 428 442 737 682 742 506 681 264 370 383 757 813 287 388 713 58 310 566 780 602 203 568 511 286 333 532 580 475 567 802 751 419 407 181 388 508 835 813 280 534 541 825 434 317 348 447 355 455 793 272 302 385 345 459 278 567 718 339 87 304 353 573 617 924 632 267 772 645 682 378 158 37 562 755 615 856 684 627 460 513 752 422 282 422 122 909 809 907 481 546 520 520 810 253 204 770 898 322 536 354 534 301 535 836 163 608 478 871 817 704 607 598 368 524 576 387 180 377 458 478 193 433 301 626 374 880 743 118 178 546 142 308 940 468 387 662 683 340 246 306 290 563 711 595 615 83 608 812 181 244 407 0 153 374 910 69 819 745 383 538 826 913 873 750 31 359 459 560 277 495 302 886 661 149 791 709 491 596 238 264 926 553 554 632 390 458 630 738 374 845 443 365 591 709 99 532 783 194 608 602 374 477 407 831 261 600 190 397 590 168 549 818 429 385 544 136 114 323 815 841 779 274 24 721 590 623 537 285 706 547 627 942 162 480 330 503 197 523 597 279 671 153 398 928 817 222 508 412 167 712 535 328 336 579 604 356 950 749 126 435 287 507 424 155 539 898
380 497 501 100 149 595 692 776 334 352 246 59 467 330 448 645 398 178 416 881 524 650 547 161 71 935 240 140 120 683 431 683 590 395 1043 286 378 753 765 700 414 575 417 508 231 690 723 202 458 673 96 190 499 858 636 357 476 584 134 304 668 628 388 516 841 648 558 561 185 235 651 832 841 151 534 657 837 314 166 481 470 486 439 796 237 149 400 497 612 149 471 747 407 164 383 388 712 706 825 681 419 766 581 705 235 196 181 715 823 549 839 602 729 611 453 768 474 130 532 268 941 800 805 428 411 670 641 856 133 134 771 808 475 631 507 614 165 528 830 23 703 459 803 809 746 525 544 459 488 687 385 72 224 308 502 321 281 454 511 221 782 695 267 56 541 269 458 987 501 299 647 652 189 399 265 281 666 604 632 509 178 561 869 82 91 402 153 0 288 968 201 875 743 250 550 721 827 903 683 132 373 601 677 173 347 212 920 642 181 872 763 547 588 96 132 835 620 430 579 267 458 733 733 228 830 595 215 474 781 139 682 783 314 487 491 457 504 350 770 401 547 59 265 625 219 680 890 298 450 430 288 235 172 771 747 714 191 165 719 534 697 546 436 708 680 524 988 52 630 481 399 91 438 551 419 748 246 314 981 718 376 615 258 192 621 465 475 385 556 475 220 996 825 275 589 365 401 297 148 662 933
246 229 674 192 270 319 549 534 519 227 471 251 364 548 549 501 194 321 133 727 700 364 299 128 316 731 199 402 390 406 146 411 348 149 865 195 102 540 670 425 132 309 600 587 248 402 441 89 395 399 331 117 214 745 466 544 194 496 240 133 719 484 102 241 659 377 633 720 216 274 727 590 640 156 324 654 614 109 231 553 313 548 222 562 132 274 255 642 757 374 192 556 357 431 365 286 770 633 549 532 568 523 296 509 188 257 376 861 694 263 582 316 681 733 174 557 371 288 533 428 739 552 532 159 238 783 652 685 159 414 536 526 627 580 660 534 367 307 583 304 642 231 515 563 576 238 265 437 230 666 214 350 308 266 338 421 351 617 261 303 506 415 484 232 322 391 591 809 353 13 402 388 321 562 112 170 629 338 467 244 440 287 716 362 284 218 374 288 0 809 443 720 507 425 356 452 543 701 396 343 238 680 672 422 267 76 724 391 254 764 612 433 357 321 173 554 512 210 299 462 264 687 493 369 575 730 338 230 664 282 791 547 403 254 236 420 346 92 484 505 268 230 139 458 270 712 763 469 381 184 495 366 235 493 467 427 102 367 485 253 591 347 632 479 719 254 808 336 746 623 134 198 151 278 521 643 331 27 813 442 547 595 283 478 339 179 591 310 308 266 401 816 710 441 741 354 139 129 435 672 739
595 865 890 927 1044 853 276 387 875 1024 1213 975 501 944 724 323 616 828 723 87 905 785 544 858 1033 185 1005 975 984 594 730 904 498 888 101 1003 725 305 265 575 808 891 890 680 1051 707 842 832 522 573 923 904 704 178 343 883 808 402 1011 699 619 340 791 643 162 894 669 871 783 1075 679 372 210 926 488 492 290 905 1017 669 508 652 588 349 754 1047 577 820 849 1112 822 263 571 996 606 580 640 335 937 287 816 396 684 309 995 777 878 893 164 694 444 772 376 789 689 293 495 1049 539 829 169 405 946 676 1007 781 526 127 910 1090 365 868 831 413 842 385 1118 509 390 991 359 581 735 397 233 764 647 551 608 448 606 1037 1103 1075 478 744 1153 852 919 1097 914 607 924 928 495 782 787 75 472 809 470 533 1101 841 739 699 421 902 344 877 989 617 99 1045 1026 597 910 968 809 0 955 93 382 1196 453 931 856 182 703 897 603 680 485 1141 1071 837 153 489 791 185 205 422 475 1052 934 891 358 946 637 1225 545 381 403 1151 434 816 1124 922 214 844 773 362 734 949 901 540 473 719 681 734 645 937 948 353 757 572 127 1245 526 901 910 800 1022 591 875 695 834 886 391 660 294 463 925 383 589 866 80 1015 778 807 852 901 780 615 728 256 758 793 36 893 854 472 1088 1077 819 719 753 584 537 990 1168 83 189 838 864 624 860 933 1060 523 143
426 669 310 288 346 762 686 843 151 551 361 260 469 131 307 645 482 148 552 869 332 802 637 319 247 961 439 66 89 796 571 853 670 574 1042 485 511 795 717 809 575 749 226 372 432 826 882 355 434 781 116 373 635 817 656 170 637 553 334 401 533 630 544 636 854 819 419 374 250 433 502 897 867 340 597 558 883 498 367 355 507 365 521 854 341 345 447 320 429 299 635 773 388 60 350 412 570 650 992 681 248 835 714 738 434 223 85 528 797 684 920 753 653 439 582 809 474 323 447 132 963 872 975 550 606 499 534 859 315 208 832 967 296 568 325 573 326 599 899 204 639 544 940 880 756 676 667 405 592 597 452 205 417 509 537 217 470 271 692 415 949 811 73 236 610 173 293 988 525 456 727 750 376 222 375 358 589 778 649 682 44 676 857 202 285 472 69 201 443 955 0 864 807 403 598 894 983 927 820 100 422 454 577 286 548 370 938 726 216 826 756 541 660 271 323 995 597 618 701 402 522 655 801 404 908 418 399 656 749 168 513 844 223 673 669 415 535 476 899 267 669 247 458 644 230 555 857 444 433 610 97 155 373 883 910 848 342 84 783 659 664 599 240 768 551 695 990 193 460 309 571 260 592 665 282 710 203 466 974 885 197 532 457 134 781 604 318 391 645 666 378 998 787 129 403 333 574 486 142 553 950
503 787 811 835 952 781 183 335 789 937 1120 883 408 857 642 231 527 736 639 8 828 719 464 766 940 183 916 883 892 532 647 838 420 805 180 915 638 240 195 515 725 818 807 601 961 646 781 741 431 510 831 813 625 133 254 797 729 312 919 608 555 248 706 564 103 826 594 797 691 985 613 332 163 835 402 423 249 818 926 587 417 570 500 299 662 955 486 742 779 1019 742 187 480 905 515 487 581 261 882 195 733 342 612 230 905 685 786 829 89 620 406 702 312 719 607 231 402 957 457 740 172 359 889 591 923 716 456 61 818 997 310 814 752 333 764 299 1026 424 350 898 287 494 685 353 145 688 571 462 526 381 515 944 1012 986 387 655 1062 771 842 1006 856 547 835 835 410 692 706 132 380 721 399 466 1009 757 648 607 349 831 254 799 898 541 8 952 934 506 819 875 720 93 864 0 323 1104 366 867 804 164 641 805 511 609 419 1048 983 746 145 418 698 150 112 330 395 960 843 839 267 864 564 1132 456 319 342 1059 394 745 1032 842 136 751 710 311 644 870 822 450 381 631 629 649 569 845 859 262 665 509 96 1153 434 819 822 709 931 540 815 636 742 795 327 583 209 376 843 315 526 790 135 922 710 728 769 809 699 539 644 178 666 705 110 831 769 395 998 986 750 638 673 492 457 909 1075 142 127 749 791 532 777 846 968 456 144
381 501 873 672 773 475 268 37 788 692 967 729 363 849 694 262 345 659 390 331 896 403 208 597 795 242 703 801 801 211 390 521 159 545 399 687 407 84 420 193 465 516 838 682 754 325 460 561 421 191 733 620 347 426 203 805 449 377 741 439 712 262 457 290 223 513 700 883 574 780 758 91 173 653 211 582 112 583 737 655 302 639 305 55 506 777 360 811 887 866 463 148 446 828 488 398 754 444 559 251 771 33 309 129 693 588 722 966 360 326 129 393 515 835 350 92 362 786 540 711 254 71 567 351 661 855 607 264 646 876 29 492 811 467 834 398 864 215 93 765 471 286 364 76 211 396 284 484 278 558 361 814 816 758 274 642 856 820 553 810 533 225 805 691 202 657 762 350 293 503 108 155 827 785 479 466 511 524 215 510 828 253 324 825 774 343 745 743 507 382 807 323 0 930 209 548 482 220 321 721 386 733 589 907 744 559 250 122 598 448 271 327 155 807 667 517 341 595 266 965 288 523 20 875 115 852 845 562 369 653 854 40 625 588 538 460 279 417 307 678 281 696 637 212 577 676 409 975 413 550 801 660 741 221 494 314 567 724 24 298 363 208 876 40 691 498 347 795 834 792 509 658 433 255 683 384 608 485 370 511 787 527 787 901 439 370 738 424 199 631 904 353 400 724 889 499 516 614 870 617 264
601 558 712 269 157 656 922 958 553 333 83 224 702 528 690 874 594 427 554 1111 732 734 723 340 179 1143 250 338 316 824 562 726 771 455 1265 288 527 955 1008 845 512 621 628 752 198 797 789 371 701 820 335 309 627 1098 856 573 564 826 190 503 913 857 501 663 1059 694 801 776 423 175 892 1014 1050 277 733 907 1033 381 194 727 689 733 631 984 443 153 619 722 832 106 553 960 650 345 630 619 956 952 866 909 647 947 704 915 256 442 417 930 1059 672 1007 693 977 840 597 971 709 147 782 505 1151 977 842 584 401 900 890 1079 289 199 958 869 698 879 728 858 85 721 1008 231 950 646 902 988 968 625 685 707 655 937 594 203 131 248 720 567 133 674 546 135 827 831 476 274 736 515 690 1208 724 432 826 813 104 623 462 497 915 646 854 563 363 710 1099 203 172 607 383 250 425 1196 403 1104 930 0 757 757 893 1112 792 372 593 842 926 124 292 371 1133 816 428 1113 992 782 777 154 265 891 858 455 718 42 663 982 916 61 1000 820 92 509 1020 388 913 970 562 508 535 704 724 513 884 643 688 263 316 846 466 927 1127 49 692 479 500 482 191 908 802 824 367 402 907 672 937 751 639 899 926 582 1208 222 860 709 478 296 544 701 661 988 496 450 1206 766 598 865 183 306 694 593 711 622 732 476 30 1216 1064 510 806 612 476 349 270 911 1147
175 439 674 491 601 457 207 246 580 572 785 544 163 640 498 165 165 452 277 373 698 421 130 417 607 387 553 596 598 284 287 533 115 442 511 550 273 203 355 282 365 485 633 495 600 377 501 387 225 260 530 455 281 409 115 598 378 228 568 255 555 151 343 224 304 512 520 690 373 625 591 299 293 482 42 439 289 453 571 465 93 450 134 256 317 605 154 615 701 682 391 203 242 623 283 188 602 343 619 187 569 239 298 158 543 383 514 787 350 292 331 388 409 653 249 219 164 611 364 502 394 277 617 228 560 681 455 329 468 681 234 561 612 329 638 261 685 67 302 572 363 129 465 284 221 350 242 292 171 428 165 621 655 621 66 435 702 619 493 649 582 303 596 502 59 448 564 455 91 356 153 210 658 581 296 269 381 504 118 453 621 220 362 631 592 151 538 550 356 453 598 366 209 757 0 570 562 356 371 516 181 558 451 719 618 389 375 162 394 429 262 158 87 623 492 591 213 504 252 789 95 417 206 708 318 666 679 487 330 449 683 246 417 516 471 267 74 265 407 477 241 508 494 109 370 526 418 805 215 460 592 450 576 348 537 382 390 517 186 250 276 12 672 170 540 447 454 601 655 595 407 471 341 213 483 321 399 340 457 539 581 377 637 697 437 285 543 215 128 552 730 462 374 515 699 292 415 480 669 470 389
602 225 1115 621 641 135 761 546 967 424 830 671 690 1000 971 728 510 772 369 875 1142 151 441 575 727 776 520 849 835 337 349 42 468 327 939 473 407 628 918 356 321 146 1046 995 564 224 93 539 746 358 780 532 309 954 667 991 261 794 625 535 1098 718 354 353 771 75 1034 1155 663 584 1121 575 721 571 529 998 648 409 599 961 606 952 495 585 572 644 594 1076 1184 757 260 682 731 877 756 647 1148 913 109 740 1006 536 273 645 518 703 827 1285 889 281 516 183 979 1152 362 639 695 668 900 875 791 535 85 399 356 1194 1008 811 589 830 567 130 1063 895 1095 830 737 505 559 733 933 480 240 545 737 242 329 808 414 994 554 771 628 510 608 855 631 1057 215 624 73 324 936 670 511 833 1022 894 636 439 472 402 667 1004 541 586 948 117 675 213 888 350 868 782 684 540 826 721 452 931 894 867 548 757 570 0 158 762 227 795 597 1079 1013 811 468 524 792 453 702 976 794 722 498 721 590 142 783 305 319 799 539 987 528 696 521 1154 668 253 883 733 1200 571 835 249 232 784 620 445 271 931 330 663 466 667 712 1077 947 782 732 293 947 812 597 356 72 239 552 819 541 324 843 558 1080 552 1088 199 890 763 1161 1055 324 639 310 357 945 883 772 430 917 38 991 935 574 913 136 325 1015 682 443 282 745 896 922 889 1173 752 321 432 868 1026 806
637 339 1173 728 765 238 728 470 1037 564 962 782 705 1077 1015 704 548 849 432 812 1199 180 437 671 842 686 648 945 934 286 413 174 448 444 849 605 474 566 887 296 414 272 1111 1030 696 185 105 632 766 310 873 640 354 906 639 1060 351 789 745 596 1113 696 441 375 703 202 1064 1205 739 719 1144 486 647 681 525 1000 566 525 723 996 619 985 522 507 646 769 624 1126 1228 882 357 628 761 974 792 680 1161 894 88 708 1063 462 286 597 644 775 909 1324 840 310 417 229 963 1190 410 574 709 791 917 945 702 451 108 446 498 1226 1016 744 694 945 494 27 1117 890 1147 821 865 503 468 842 917 502 121 459 688 306 345 832 435 989 591 883 763 650 612 911 772 1114 348 758 91 268 1016 773 506 898 1073 809 641 531 432 361 798 1064 612 647 942 249 649 331 983 353 806 895 802 573 913 827 543 856 983 804 482 893 562 158 0 677 192 882 635 1106 1013 935 611 619 708 415 777 928 748 719 478 840 701 36 770 438 320 935 556 972 464 832 425 1196 802 384 843 816 1230 495 891 388 358 807 624 511 176 980 344 768 588 642 780 1086 891 922 752 416 1024 882 722 265 93 180 645 903 481 346 818 551 1146 497 1099 313 805 873 1196 1105 431 740 392 363 992 850 836 518 837 133 1055 939 711 1019 207 381 1061 715 436 427 878 809 878 959 1221 792 431 553 975 1031 721
524 720 923 846 956 695 256 216 875 901 1140 900 458 942 746 288 519 787 597 169 942 620 412 773 962 34 900 936 940 427 600 737 362 758 180 890 607 162 343 406 677 736 907 715 949 538 671 741 499 409 875 808 563 297 271 887 666 403 923 610 695 301 665 504 86 730 717 918 722 975 750 192 62 836 380 559 114 787 924 696 434 679 483 176 673 960 503 855 907 1038 681 156 541 960 581 522 726 398 760 254 834 226 530 198 890 725 845 967 244 545 263 612 459 849 559 146 454 966 566 813 38 228 771 553 875 853 591 112 824 1032 197 691 861 456 878 403 1040 395 210 926 426 470 556 219 177 616 502 546 481 522 521 974 1007 962 402 733 1052 877 772 1001 739 438 910 856 380 761 814 132 407 699 322 375 1012 855 651 623 483 744 278 730 956 470 170 984 948 507 873 903 701 182 927 164 220 1112 356 762 677 0 535 855 530 739 559 1073 951 743 31 339 738 314 202 390 346 978 847 713 355 811 486 1145 450 466 240 1062 253 872 1032 780 280 793 848 192 719 806 756 528 401 609 504 744 499 863 837 284 709 650 259 1160 498 765 901 773 929 414 703 523 745 851 235 515 327 362 944 233 668 717 129 953 842 839 721 826 646 471 743 316 724 682 159 724 863 521 985 1038 658 584 783 537 403 849 1085 134 286 824 916 596 729 818 1014 594 45
450 250 990 588 649 180 546 319 860 485 852 646 514 905 827 518 363 680 269 649 1015 90 245 523 710 550 543 789 780 110 253 203 259 340 713 508 309 401 705 129 282 226 931 840 595 7 140 482 575 132 716 507 186 733 454 882 229 599 624 422 921 509 300 191 544 200 873 1019 571 620 952 351 494 548 334 809 421 411 606 807 427 795 334 359 478 653 436 940 1040 762 240 458 571 818 604 491 970 707 250 525 879 309 106 422 536 604 742 1135 667 136 298 107 775 1000 238 412 517 672 726 769 565 310 252 271 431 1036 824 584 555 810 339 190 932 700 962 631 749 312 335 701 729 313 121 321 514 167 159 641 247 799 405 746 663 568 421 729 686 931 288 658 218 97 846 627 314 720 887 667 450 385 251 179 691 883 445 471 752 224 463 252 825 162 642 758 675 387 750 683 396 703 820 641 321 792 371 227 192 535 0 720 448 915 822 812 538 471 566 233 608 754 573 528 289 713 566 220 581 362 131 833 366 784 301 732 300 1007 700 312 664 652 1039 344 709 330 284 616 432 344 91 795 157 626 476 456 606 895 723 828 561 325 852 707 607 144 175 32 493 737 314 163 633 360 967 327 908 234 663 733 1006 920 314 593 251 174 806 668 659 369 689 190 875 747 618 872 135 219 873 527 244 376 773 669 702 784 1034 605 317 443 830 840 579
341 570 372 200 280 662 624 756 205 465 350 186 401 213 319 580 388 70 453 811 397 702 544 222 196 888 357 81 86 700 471 754 580 477 980 400 412 716 674 713 475 650 289 380 358 727 782 256 376 685 37 279 535 771 584 229 537 500 262 304 541 564 444 538 786 720 430 431 153 364 521 812 794 250 510 543 803 403 292 356 426 362 429 771 242 280 362 365 481 266 536 699 326 107 293 333 585 611 892 617 287 748 615 662 351 133 49 584 744 585 831 653 625 479 483 731 406 262 421 136 892 784 875 451 516 538 523 795 224 203 747 867 343 531 376 525 288 510 812 145 604 451 841 793 688 576 568 361 496 576 362 170 356 432 458 197 413 323 594 353 849 714 147 150 521 145 326 925 449 356 637 656 321 268 276 263 560 680 577 584 108 579 799 172 224 381 31 132 343 897 100 805 721 372 516 795 882 855 720 0 336 471 562 271 468 271 868 635 123 783 695 477 571 222 235 895 541 523 603 382 434 628 714 358 820 463 347 560 699 70 550 760 194 577 571 365 457 377 801 272 571 163 367 572 147 556 808 418 371 513 164 113 299 787 810 749 243 33 697 560 613 514 312 683 555 596 927 150 498 349 472 167 492 568 290 662 142 366 914 785 245 507 388 183 681 504 343 318 552 573 344 935 740 143 458 275 476 393 163 543 881
9 409 542 324 441 465 330 421 423 465 613 374 126 477 380 282 88 274 233 518 568 465 225 256 434 563 417 416 417 396 253 556 251 369 673 426 204 383 436 404 311 477 487 399 458 455 551 234 161 376 350 309 289 517 265 444 352 259 408 107 506 264 278 259 469 527 437 571 192 480 525 476 468 326 175 423 469 347 417 365 97 355 115 435 151 445 27 492 594 511 360 374 135 443 159 52 556 395 671 316 432 413 348 333 406 203 337 692 471 327 498 420 443 557 235 398 133 446 310 337 568 450 662 198 473 598 426 487 307 502 412 627 484 343 514 296 516 178 477 396 403 137 562 458 376 355 290 214 201 432 44 444 504 495 129 284 556 484 457 498 630 413 426 328 188 284 439 617 131 244 306 338 499 438 142 96 392 503 261 425 442 287 506 453 424 62 359 373 238 603 422 511 386 593 181 597 635 530 448 336 0 482 441 544 502 242 547 307 213 534 399 199 238 451 332 657 278 434 318 622 101 449 379 549 487 562 522 438 436 269 603 424 265 465 431 193 132 173 512 347 291 336 370 254 192 491 540 642 147 398 426 280 423 477 585 470 234 339 362 288 358 179 525 347 500 427 617 423 565 472 340 299 303 276 358 410 228 235 613 574 433 363 496 517 463 272 426 85 232 489 565 625 481 351 586 158 348 366 488 446 560
477 886 230 638 743 947 491 768 309 879 812 647 402 365 153 477 569 426 714 610 238 943 672 615 668 769 791 511 531 840 734 1038 672 827 780 823 680 676 416 840 783 957 270 95 808 922 1029 625 340 816 509 686 770 505 530 299 831 356 719 559 85 473 749 734 653 1009 47 196 486 820 50 807 695 676 587 188 753 780 745 128 488 131 587 758 549 744 486 168 170 737 837 622 348 514 324 432 116 348 1150 500 213 766 823 613 782 448 425 233 521 805 862 900 305 110 717 683 399 729 195 337 763 803 1142 680 911 123 154 636 647 658 746 1101 189 283 183 342 759 607 818 616 322 606 1019 805 572 837 763 274 673 233 525 639 820 873 499 284 878 217 929 816 1109 859 388 601 607 333 167 739 470 690 709 768 789 242 569 512 260 984 518 901 498 753 601 640 691 539 459 601 680 680 454 609 733 842 558 1079 1106 739 915 471 482 0 196 734 899 640 735 720 458 504 536 408 646 694 668 1131 398 889 786 849 550 301 739 829 848 137 815 905 473 473 124 756 295 931 903 299 488 645 963 200 764 615 774 520 426 124 556 888 354 861 364 367 752 907 1064 932 615 441 715 764 412 567 291 695 112 905 743 620 103 166 805 600 781 743 182 431 372 688 710 1055 267 218 843 585 944 754 137 397 674 946 815 749 491 334 185 330 812 787 597 159 740
433 846 419 686 803 889 327 622 453 892 912 711 326 519 282 328 517 500 668 419 430 867 578 643 747 588 823 621 638 732 686 973 565 809 586 844 643 521 224 728 750 908 440 221 851 829 950 640 279 708 597 712 707 310 389 452 787 224 774 540 136 329 718 660 474 948 195 391 521 868 194 653 522 712 489 20 589 780 794 226 407 213 521 605 554 805 433 351 365 824 796 461 315 632 315 389 168 162 1068 341 370 622 743 463 812 491 523 410 330 732 716 829 109 304 660 526 320 795 147 445 580 656 1065 627 909 297 46 452 686 763 598 1012 367 124 370 194 842 512 666 696 134 534 913 657 404 778 684 237 599 38 477 730 878 905 405 366 935 393 896 873 1031 751 522 660 508 418 331 547 377 680 590 657 856 399 563 505 79 932 378 861 619 667 411 734 761 485 560 677 672 485 577 419 589 926 451 1013 1013 559 822 562 441 196 0 833 922 653 552 604 505 308 359 294 536 772 710 1042 250 874 700 941 475 105 600 901 701 332 882 878 284 539 291 606 368 906 870 252 393 614 855 312 684 674 790 383 467 91 361 975 294 839 502 449 801 786 986 833 634 537 576 689 237 462 469 556 108 861 552 709 292 343 781 650 739 658 299 244 430 673 517 984 419 78 888 711 877 699 295 362 578 930 897 557 297 448 380 330 788 795 712 37 556
551 596 592 236 170 697 865 938 437 396 79 177 640 407 583 818 562 335 555 1054 611 765 705 310 112 1106 291 224 203 828 567 776 750 491 1216 339 522 921 934 846 532 668 509 647 252 818 830 349 629 820 236 306 635 1029 808 455 590 755 190 468 808 801 513 662 1013 742 695 657 357 237 783 994 1011 267 701 814 1004 410 213 624 641 632 602 960 402 166 571 606 713 53 582 918 578 226 552 561 849 874 919 854 533 928 716 876 293 367 313 810 996 684 996 720 893 725 596 937 646 144 692 398 1111 960 896 577 465 785 794 1029 265 78 935 913 582 797 610 784 77 692 991 150 869 620 928 970 918 647 687 625 642 847 554 106 199 322 673 468 231 556 596 200 878 837 358 217 706 416 577 1160 673 431 807 805 152 508 428 450 829 695 804 605 244 708 1042 100 138 569 277 173 422 1141 286 1048 907 124 719 811 935 1073 812 271 544 734 833 0 368 354 1091 800 352 1042 936 720 751 101 249 937 791 506 721 117 626 896 895 149 988 703 163 558 953 304 798 947 465 563 580 625 676 500 902 538 690 211 347 797 389 826 1061 160 622 520 382 384 214 915 848 844 341 298 883 675 868 714 518 873 824 622 1160 128 745 594 506 249 561 698 555 919 407 449 1154 814 482 776 255 182 730 600 600 557 715 538 106 1168 996 401 686 533 505 382 148 815 1104
510 289 840 270 213 380 815 765 672 53 370 288 627 676 754 768 460 485 355 991 864 466 540 285 316 978 111 486 466 593 353 440 590 204 1121 78 347 790 937 616 281 340 757 804 121 541 509 282 652 596 438 213 403 1012 731 696 314 761 215 395 952 751 287 455 917 410 853 896 413 131 949 817 892 225 582 903 855 165 182 772 580 771 484 797 369 215 520 826 942 316 301 813 610 508 608 547 1001 897 577 798 747 753 467 766 119 452 515 1047 960 439 793 431 941 932 394 806 635 241 778 593 989 776 552 399 113 988 897 945 254 410 771 586 805 840 839 798 290 563 807 347 904 490 636 787 839 377 466 685 470 921 481 365 170 46 604 619 163 788 264 168 540 596 612 318 577 575 780 1066 620 264 636 603 216 732 364 420 887 362 732 290 524 496 980 374 272 485 495 347 267 1071 548 983 744 292 618 468 611 951 538 468 502 899 922 368 0 269 977 622 442 1031 877 699 605 300 236 606 778 177 494 334 529 947 727 234 789 921 209 231 931 437 998 782 605 223 259 672 613 353 628 706 470 305 133 723 473 951 1029 314 639 213 631 543 177 669 518 569 289 500 723 452 858 608 780 721 956 309 1064 367 948 808 237 306 314 491 724 909 528 279 1072 481 711 848 113 513 422 375 789 566 548 186 284 1072 977 604 922 594 231 138 467 918 991
250 299 615 120 214 392 568 589 455 241 409 179 365 480 502 520 224 256 204 753 641 439 354 53 245 773 176 327 315 475 219 484 401 208 900 191 169 584 677 493 206 379 538 546 216 477 516 16 385 466 257 67 287 758 494 480 269 497 182 138 687 503 177 308 693 449 593 664 158 239 689 645 681 94 363 634 662 143 182 513 330 510 260 614 99 218 264 588 704 309 266 592 341 356 339 282 737 632 623 553 512 578 369 547 165 200 306 809 711 337 643 391 674 685 243 600 372 227 509 366 781 609 605 222 271 737 629 716 89 341 588 601 571 572 604 533 305 350 640 230 638 275 591 619 605 314 334 416 288 652 231 277 266 256 359 369 316 559 325 261 580 486 415 157 365 334 538 843 369 88 457 451 270 502 100 153 618 409 492 313 365 354 741 289 217 241 302 212 76 837 370 746 559 371 389 524 619 743 471 271 242 640 653 354 269 0 764 448 194 775 635 440 405 253 108 629 520 261 369 406 294 680 546 319 635 679 290 291 677 213 746 600 353 312 301 403 365 146 558 456 338 155 137 484 217 684 780 417 372 245 428 306 187 563 542 501 29 297 536 323 600 382 568 528 689 325 843 262 699 569 201 122 227 344 472 652 278 102 844 516 486 579 254 402 414 253 541 298 363 315 345 850 723 379 687 326 205 147 360 650 778
540 748 924 866 977 724 260 246 882 927 1159 919 469 949 748 295 540 800 622 149 942 651 438 793 980 38 923 949 954 457 626 768 388 784 150 914 631 187 332 437 703 765 911 715 972 569 702 762 507 439 889 829 590 278 285 893 694 406 944 630 687 309 691 531 86 761 715 916 738 997 744 223 84 857 402 553 144 812 945 697 450 680 505 207 692 980 520 855 903 1057 708 173 551 973 590 537 717 390 791 260 837 256 559 217 913 740 857 961 229 574 294 642 449 845 585 172 465 986 566 822 28 259 802 578 902 847 585 100 844 1049 227 722 863 452 878 403 1060 418 241 943 418 493 587 250 183 644 530 552 506 514 540 991 1029 986 418 741 1075 879 801 1023 770 469 918 874 403 771 815 101 421 723 349 405 1033 859 671 641 477 774 291 758 968 498 152 1000 967 526 886 920 724 153 938 145 250 1133 375 792 708 31 566 868 547 735 552 1091 977 764 0 367 753 295 200 399 371 997 867 744 358 838 515 1165 470 456 270 1083 284 869 1054 808 269 808 842 222 727 834 785 535 416 632 535 748 527 882 861 297 723 643 237 1180 507 793 909 783 950 445 733 554 766 863 264 543 323 382 948 260 660 746 98 970 837 840 748 844 673 499 747 307 735 705 129 754 868 517 1008 1051 688 611 784 550 429 877 1105 104 271 833 913 606 755 842 1029 587 15
305 381 832 565 660 364 313 144 727 570 857 623 323 784 657 288 248 578 270 426 856 303 95 490 689 362 584 713 711 130 269 422 56 423 516 567 290 184 473 124 342 402 786 657 636 238 372 452 386 105 643 507 225 501 224 747 328 381 628 339 714 281 335 168 327 408 682 850 483 662 752 199 286 541 140 593 234 462 622 626 245 612 207 176 406 663 285 774 862 757 342 231 398 741 438 333 760 479 482 293 724 133 195 192 575 503 642 949 436 207 198 284 548 815 228 198 325 675 526 644 374 161 485 232 539 843 612 364 536 776 150 419 770 480 797 410 753 130 192 663 502 185 310 172 284 278 163 453 161 578 274 712 699 637 225 584 737 776 434 693 450 149 734 588 122 590 722 464 252 386 19 54 712 734 376 373 530 414 234 392 743 131 417 723 665 254 661 642 391 489 726 418 122 816 162 453 415 339 233 635 307 720 604 800 622 448 367 0 512 523 341 316 76 700 556 447 356 473 149 852 206 557 105 760 188 827 729 441 432 565 844 160 565 468 418 428 235 303 251 633 160 592 518 227 496 683 494 860 375 428 733 587 626 186 407 236 459 642 104 177 402 154 824 107 697 380 462 694 817 754 387 554 310 133 641 436 536 368 480 418 732 533 668 810 332 248 702 365 86 510 791 469 470 658 860 445 394 494 776 626 382
219 482 421 183 298 567 515 633 265 425 428 207 290 300 313 469 266 72 345 704 447 597 422 159 251 771 333 203 204 581 364 661 457 400 870 366 304 595 583 593 382 561 346 363 352 615 680 178 277 565 137 230 425 677 467 290 441 403 269 187 514 453 348 421 671 627 412 470 39 366 508 689 676 218 387 485 682 337 292 331 306 332 306 648 132 300 240 394 510 330 442 582 226 230 202 216 562 525 794 506 318 625 502 543 324 14 135 615 644 473 707 549 550 494 371 610 296 291 358 174 775 661 779 337 463 548 473 683 189 299 625 764 377 451 410 433 344 387 689 203 523 329 728 670 574 473 453 279 376 512 239 247 373 416 338 178 431 365 514 369 751 596 239 156 398 140 345 814 332 267 514 534 351 309 165 142 488 591 462 497 231 461 692 255 258 258 149 181 254 791 216 698 598 428 394 702 777 738 608 123 213 458 505 352 442 194 753 512 0 690 587 369 448 274 211 793 439 455 486 448 311 554 591 397 696 486 377 483 601 56 558 637 164 504 489 276 338 267 685 265 455 169 320 456 38 519 709 477 269 436 247 113 299 667 710 635 166 132 574 446 516 392 378 560 521 507 815 225 509 375 387 146 393 450 283 567 87 272 806 689 293 439 388 303 581 396 350 207 430 509 398 823 644 188 493 184 392 337 276 494 765
525 868 723 848 968 877 223 467 729 989 1118 889 413 797 567 266 572 714 705 146 736 825 548 786 940 333 951 856 868 647 716 943 511 869 285 957 696 363 109 633 793 909 733 516 991 759 894 768 413 623 813 842 708 22 317 733 807 287 936 639 438 282 769 648 245 927 499 699 691 1013 499 473 306 857 471 317 392 869 947 510 451 494 554 435 682 971 512 654 672 1020 820 300 465 874 491 497 456 177 1001 243 659 472 709 332 940 676 756 710 88 711 546 801 199 612 679 358 406 969 387 695 320 494 1006 657 984 600 351 207 836 983 441 936 667 260 674 258 1031 495 490 894 194 555 812 490 241 775 661 423 600 271 550 936 1035 1027 428 609 1089 690 922 1029 972 663 785 839 484 654 626 256 411 767 504 575 1025 686 675 626 254 926 312 882 864 634 144 943 941 546 791 872 764 185 826 150 448 1113 429 976 928 314 754 783 534 504 308 1042 1031 775 295 523 690 0 181 335 483 962 862 962 257 931 661 1137 505 203 465 1075 533 640 1050 917 100 738 591 444 603 946 900 418 418 681 754 584 659 850 900 321 653 391 60 1162 422 889 769 677 954 668 929 754 766 767 447 671 177 441 765 431 408 875 261 914 599 643 834 817 771 629 576 125 641 754 220 941 702 309 1029 955 850 715 591 491 543 981 1084 265 55 702 689 510 842 893 945 345 293
391 694 724 723 840 698 71 295 688 832 1008 771 297 756 549 118 419 625 538 119 742 644 372 654 828 233 806 773 781 465 548 762 332 704 286 807 534 188 155 452 626 731 713 515 851 578 713 630 322 442 719 703 533 160 147 698 635 210 807 497 494 135 605 472 116 746 515 716 578 875 548 310 163 724 301 358 237 713 814 498 305 481 394 267 550 844 374 656 704 907 648 123 370 796 406 375 527 198 820 82 640 298 529 151 796 573 677 765 94 533 381 621 264 646 509 186 291 845 367 634 228 325 825 490 821 651 389 106 706 885 268 755 663 253 678 204 914 324 326 786 227 390 633 322 60 598 483 359 428 323 404 832 901 878 277 551 952 680 749 895 791 482 730 723 311 585 616 232 268 614 323 394 897 662 537 495 282 747 145 707 789 455 107 840 821 397 709 763 612 205 756 112 271 992 262 794 748 202 573 695 399 536 359 936 877 635 200 341 587 181 0 218 304 847 731 782 163 765 481 1020 348 272 288 948 367 670 920 746 98 640 647 273 539 775 728 344 270 524 574 552 481 732 751 155 553 450 157 1041 325 721 719 601 820 491 748 573 631 685 267 494 124 273 750 251 467 699 234 810 639 640 668 696 601 451 549 122 557 599 219 759 672 318 888 876 670 543 585 380 366 812 963 242 130 644 714 423 676 739 858 393 207
190 569 550 515 634 602 147 364 486 659 793 559 80 552 370 104 248 407 394 335 572 574 285 451 614 424 616 555 563 441 410 683 273 550 504 624 377 282 238 438 482 625 523 355 656 535 656 432 108 417 501 507 421 319 131 499 508 73 602 305 398 90 453 369 314 660 373 557 363 678 437 408 333 522 195 281 367 540 612 328 126 312 241 359 347 637 179 486 560 693 519 243 153 578 191 163 445 204 775 141 452 360 450 219 605 355 460 640 277 441 457 538 262 508 379 293 74 637 213 423 424 398 772 349 662 531 297 319 502 668 344 719 487 174 509 110 702 218 416 570 218 249 622 402 216 491 393 161 310 272 219 615 700 693 115 342 753 499 622 694 738 460 519 510 214 372 439 449 88 437 303 366 692 470 340 291 226 647 120 584 572 374 323 623 610 219 491 547 433 422 541 330 327 782 158 722 719 390 528 477 199 408 294 720 699 440 399 316 369 335 218 0 244 634 527 748 80 615 406 808 191 270 332 741 443 524 716 609 239 422 531 355 328 638 598 140 103 356 564 360 392 520 567 119 335 368 345 831 108 575 510 385 619 501 692 540 431 468 309 398 160 169 561 289 382 581 450 594 508 467 518 486 465 365 362 212 339 426 438 692 476 219 694 658 587 417 412 163 285 668 753 458 284 434 562 207 526 562 639 312 410
235 392 756 517 620 394 264 188 655 556 812 574 248 712 582 231 190 511 251 403 781 347 69 442 640 374 555 650 649 197 256 463 30 415 517 544 261 184 421 195 335 427 712 581 605 295 423 407 311 173 581 468 230 461 169 674 334 312 587 284 642 221 320 169 315 445 607 775 421 631 678 244 287 500 65 524 257 441 585 550 169 537 150 209 351 623 214 698 787 711 348 212 323 678 363 260 689 419 539 243 650 178 227 166 545 438 575 874 398 229 260 319 487 740 215 201 250 632 452 573 384 214 539 207 534 769 542 348 491 721 183 479 695 413 722 343 709 61 243 610 441 131 378 223 252 294 179 378 135 511 209 659 665 616 150 511 708 700 447 660 504 216 664 536 50 519 647 462 177 354 69 122 674 660 324 312 464 443 177 405 678 151 393 670 619 190 596 588 357 475 660 395 155 777 87 498 478 346 289 571 238 646 536 751 605 405 371 76 448 483 304 244 0 652 513 508 292 472 180 811 137 495 145 723 249 752 693 447 387 502 770 195 492 475 427 353 160 266 320 558 177 541 491 169 429 612 461 822 300 427 662 517 589 261 459 298 413 576 131 190 346 79 750 122 626 396 460 640 742 679 379 503 306 147 565 385 465 337 472 465 659 463 640 749 369 245 627 291 62 515 750 468 428 586 784 370 386 472 717 556 386
459 502 580 135 87 603 777 838 416 318 162 78 554 402 541 729 464 273 454 966 602 668 605 210 26 1010 207 205 183 726 466 685 650 397 1125 256 421 824 856 745 433 576 496 602 178 718 735 248 549 719 185 206 534 948 716 437 492 675 96 370 762 712 413 560 921 651 651 642 272 172 743 895 916 166 603 753 906 315 124 576 548 581 503 861 306 85 478 583 696 60 485 824 498 221 476 473 806 799 827 765 506 828 615 780 206 288 270 797 911 583 895 622 823 699 495 840 561 59 627 358 1016 860 806 475 384 758 736 938 164 112 836 819 560 725 591 706 70 594 891 78 797 521 829 870 827 548 585 553 541 783 458 69 148 255 580 415 199 537 506 146 786 736 343 125 608 363 546 1068 582 330 707 704 104 484 329 356 761 604 712 512 238 607 954 76 38 472 238 96 321 1052 271 960 807 154 623 721 840 978 713 222 451 694 772 101 300 253 997 700 274 962 847 634 652 0 148 844 708 418 620 174 529 827 796 136 887 681 128 468 870 234 771 848 409 476 489 550 583 398 802 494 589 115 254 705 312 775 978 203 540 428 366 330 127 813 754 744 240 254 784 574 786 618 511 774 774 528 1069 79 718 568 409 152 461 597 511 838 342 348 1064 722 459 710 194 214 634 500 565 473 614 455 125 1076 914 364 671 458 409 289 168 757 1010
341 367 605 36 110 466 662 696 438 230 301 82 448 447 521 614 328 250 306 850 629 525 462 77 144 878 125 268 250 579 319 552 509 264 1001 165 273 689 759 598 289 444 523 573 141 572 596 106 457 571 208 61 386 846 593 462 350 578 76 238 726 597 267 413 795 518 623 660 189 158 718 753 785 20 468 691 769 183 86 542 426 543 366 721 181 113 357 590 707 202 344 695 409 294 398 364 773 710 695 649 511 686 468 650 117 223 281 811 803 436 750 479 744 697 347 706 455 120 564 358 885 717 675 329 283 753 680 816 25 245 695 681 570 643 603 612 197 456 748 143 712 382 684 727 705 403 438 477 396 714 330 183 173 206 457 386 229 553 379 168 652 589 382 87 471 341 545 944 463 183 564 558 167 496 197 237 685 473 591 378 307 459 838 195 111 342 264 132 173 934 323 843 667 265 492 590 701 847 566 235 332 668 710 249 236 108 867 556 211 862 731 527 513 148 0 707 605 299 472 299 397 749 654 217 742 686 189 342 766 201 764 707 373 355 359 468 462 253 656 472 441 77 135 582 246 729 871 313 446 298 399 308 93 666 618 598 102 267 643 426 685 486 547 635 732 393 944 173 713 572 270 71 316 450 490 737 297 200 943 588 475 640 178 323 494 352 554 373 471 345 238 952 811 368 686 381 271 165 277 702 881
660 341 1193 735 768 241 760 505 1054 560 962 789 731 1093 1037 735 570 864 449 847 1219 196 465 681 847 722 649 956 944 318 429 166 478 447 885 604 489 601 920 330 423 270 1129 1054 695 213 113 643 792 343 885 647 373 940 671 1077 360 819 749 614 1140 727 452 398 738 197 1088 1227 755 717 1170 522 683 687 554 1029 602 529 725 1020 645 1009 546 543 661 771 648 1147 1251 884 364 662 785 985 815 703 1189 925 55 740 1083 497 309 631 645 792 924 1348 874 330 453 244 994 1213 429 609 735 794 944 962 738 486 78 466 493 1251 1044 780 702 951 529 30 1137 920 1168 851 866 531 503 849 948 526 157 495 722 320 368 857 459 1019 613 889 761 646 640 931 768 1134 345 757 69 300 1031 781 534 916 1094 845 669 541 465 393 798 1083 628 665 971 245 681 333 994 379 841 901 806 596 926 835 554 891 995 839 517 891 591 142 36 713 220 895 657 1131 1042 937 606 629 744 447 793 962 782 748 508 844 707 0 800 436 346 933 582 1003 498 830 461 1219 801 382 876 830 1255 530 911 383 358 832 652 527 211 1002 368 777 591 674 797 1114 926 918 778 417 1039 899 724 300 90 212 655 917 516 369 849 580 1164 531 1127 316 841 880 1220 1127 437 749 403 389 1014 883 854 529 872 125 1074 967 708 1027 215 398 1083 739 464 420 877 845 911 976 1243 815 436 556 983 1060 757
270 642 568 592 712 669 99 375 526 739 866 634 157 594 391 80 326 471 469 272 587 634 343 529 687 388 695 618 627 486 484 746 322 628 446 704 454 279 158 480 557 694 552 362 735 587 713 511 165 461 568 586 489 241 139 536 581 48 679 384 372 79 529 435 272 724 370 565 437 757 419 410 305 601 254 242 356 620 691 341 203 324 315 361 425 715 258 500 560 767 592 225 215 638 248 241 413 131 830 104 479 374 511 217 684 425 520 631 204 505 469 601 196 504 450 286 150 713 213 473 386 409 829 422 740 518 266 268 580 736 352 771 506 126 524 57 777 279 422 642 150 321 666 411 180 560 455 196 378 222 298 686 778 773 186 389 832 522 695 772 795 505 568 584 272 425 458 394 163 517 341 410 769 500 420 369 174 715 128 657 631 434 260 694 686 297 553 620 512 358 597 267 341 858 213 783 770 355 581 541 278 398 250 791 778 520 358 356 439 257 163 80 292 708 605 800 0 692 465 883 265 204 350 818 454 524 793 684 162 490 516 361 377 713 671 182 175 434 607 390 454 595 647 132 404 335 270 907 170 651 556 443 697 537 750 589 510 529 326 462 80 225 589 306 350 653 396 664 501 484 595 562 539 426 388 132 400 505 378 752 510 187 773 720 650 489 428 236 341 744 829 403 206 482 566 266 603 642 704 276 367
441 112 876 332 337 203 709 612 715 127 526 376 555 735 758 665 367 516 227 872 901 288 403 304 426 835 215 565 549 426 217 272 451 65 986 169 238 651 848 449 139 166 798 797 260 365 335 277 595 431 502 245 248 912 618 740 148 684 323 336 928 650 163 307 787 239 843 924 418 281 937 661 755 280 464 856 707 120 295 763 489 758 378 647 341 340 444 848 963 453 133 684 562 592 572 485 978 819 413 691 772 600 300 638 213 460 563 1068 854 275 629 255 873 942 257 666 562 364 739 626 847 619 390 275 70 992 857 819 303 529 622 414 831 775 865 722 433 441 649 439 831 377 459 630 719 208 311 642 338 866 401 472 325 213 507 628 335 819 91 321 373 426 670 384 454 594 798 932 529 199 489 446 363 763 321 378 826 191 622 113 605 343 861 484 382 397 554 430 210 946 618 864 595 455 504 305 438 811 362 523 434 889 874 506 177 261 838 473 455 931 765 615 472 418 299 436 692 0 333 497 428 880 577 394 627 937 365 54 831 472 1001 631 610 57 82 624 518 262 451 713 314 375 166 612 476 919 921 484 580 45 685 567 293 497 347 393 289 552 577 297 767 492 828 578 926 132 930 467 955 828 98 357 166 340 729 816 537 203 943 311 746 796 273 619 245 228 799 512 411 56 441 937 876 639 947 563 90 134 572 877 853
320 235 860 489 566 217 443 279 733 441 769 548 385 780 697 409 233 557 166 572 885 169 122 419 614 508 474 674 668 107 156 284 150 290 664 448 201 333 600 127 214 254 802 710 527 138 250 378 446 103 602 416 92 640 348 755 186 478 538 300 794 398 218 65 475 266 743 889 451 553 824 327 435 455 212 686 378 344 525 676 299 665 204 316 360 570 306 810 910 674 200 378 441 704 473 361 843 594 369 423 750 268 48 336 466 481 621 1005 576 60 299 140 661 870 126 347 390 586 598 643 521 285 366 152 402 906 700 512 457 710 292 316 802 580 832 513 665 188 316 598 615 182 246 297 426 130 35 511 117 679 275 646 593 515 295 600 625 802 287 588 331 116 723 523 193 593 757 613 324 290 167 113 614 754 327 346 632 267 356 244 709 33 564 657 583 256 632 579 299 637 701 564 266 718 252 319 320 486 131 603 318 786 700 721 494 369 515 149 486 661 481 406 180 620 472 346 465 333 0 757 236 669 247 659 295 877 627 296 566 533 909 300 580 322 272 487 307 230 199 665 32 523 406 348 481 770 637 758 432 289 727 581 528 193 286 153 388 617 251 47 524 240 839 256 782 232 610 630 876 789 257 488 180 43 675 564 532 273 629 287 747 624 555 762 190 125 743 396 124 366 695 617 607 657 903 475 262 377 723 716 529
630 599 709 299 193 698 950 994 554 374 52 249 728 524 697 902 627 441 593 1139 728 775 759 372 197 1176 291 340 319 863 601 768 806 497 1295 330 565 988 1030 884 552 663 626 760 240 838 831 405 724 859 345 346 666 1123 886 572 605 849 224 535 922 885 540 702 1090 736 809 773 446 217 898 1050 1082 312 766 922 1067 422 232 737 719 744 664 1020 474 189 648 723 830 118 595 991 673 343 650 646 964 973 908 938 650 983 744 947 297 462 426 927 1085 712 1044 734 996 841 635 1004 735 179 798 512 1183 1013 883 622 443 902 904 1109 321 195 994 911 699 899 727 880 106 755 1045 246 970 680 944 1024 998 666 723 726 691 953 625 212 173 290 750 579 173 673 588 177 869 871 475 298 769 526 693 1239 753 469 862 850 143 624 493 526 933 688 883 605 361 748 1127 210 199 638 390 267 462 1225 402 1132 965 42 789 799 935 1145 833 382 622 849 941 117 334 406 1165 852 448 1137 1020 808 811 174 299 933 883 497 757 0 695 1000 952 103 1037 820 133 551 1045 405 915 1005 575 550 577 724 754 549 925 652 727 288 357 876 486 938 1152 45 715 521 499 494 229 948 844 865 400 410 942 710 961 783 634 934 936 623 1239 233 862 711 519 323 584 740 669 1012 512 488 1235 808 599 882 225 295 736 632 716 647 768 518 62 1247 1089 516 803 632 517 390 264 924 1178
99 378 634 396 507 414 286 323 522 485 691 451 151 577 465 240 71 374 204 463 659 396 129 323 514 481 460 514 513 301 219 499 150 364 605 459 191 295 419 308 292 435 583 474 507 373 481 292 210 281 446 361 232 486 202 542 317 263 473 160 561 223 265 187 399 473 507 658 286 531 588 378 388 387 77 459 378 366 476 441 67 429 50 339 224 510 79 580 676 589 328 298 206 541 241 130 610 394 602 269 525 314 274 253 450 301 438 770 432 259 398 356 453 634 188 311 156 516 363 438 488 350 596 158 479 670 470 422 374 591 315 551 574 361 602 301 590 77 378 481 409 60 475 359 313 303 214 275 125 458 74 530 561 531 79 380 609 577 431 555 562 319 527 409 87 384 527 549 103 266 205 239 563 533 201 178 414 458 203 393 541 204 452 540 498 57 458 458 264 545 522 456 288 663 95 539 556 450 366 434 101 550 475 626 529 294 470 206 311 505 348 191 137 529 397 582 265 428 236 695 0 461 280 613 386 643 584 419 405 366 673 327 361 448 407 251 90 177 422 436 215 415 403 194 292 539 500 710 196 387 527 381 481 380 517 385 295 439 264 217 339 89 621 251 550 390 548 510 640 560 331 377 274 193 445 388 329 251 550 512 529 397 544 613 403 227 511 165 134 480 635 556 450 451 671 245 339 391 582 487 484
441 839 522 729 849 871 255 553 542 913 975 761 325 610 374 269 514 562 663 318 534 838 547 678 804 493 854 694 708 687 679 950 525 815 482 870 643 448 124 679 749 894 537 319 887 790 917 669 295 662 661 743 690 205 334 544 778 198 818 555 238 276 719 637 382 927 297 496 564 906 298 578 435 749 458 115 508 796 835 317 395 302 510 531 581 851 436 453 470 882 788 385 341 708 353 402 262 79 1034 273 465 554 715 395 843 540 593 512 229 708 645 804 9 409 648 450 318 844 208 523 484 586 1033 618 922 400 149 356 724 831 528 974 468 107 473 160 897 483 592 754 55 519 866 585 324 761 658 275 579 69 479 791 921 935 384 439 978 492 891 916 998 705 606 710 476 488 429 445 358 694 541 611 904 493 584 527 67 916 323 854 696 637 311 796 812 483 630 733 687 381 655 319 523 982 417 987 972 466 784 628 449 301 105 896 947 680 456 557 554 203 272 270 495 827 749 1003 204 880 669 1000 461 0 536 951 630 438 929 877 187 595 393 535 436 906 866 281 372 618 807 398 658 722 814 330 516 191 256 1031 308 841 588 516 842 732 954 792 664 606 513 665 161 429 568 494 208 851 449 770 397 444 784 694 734 630 388 151 489 684 413 956 512 123 925 788 854 687 394 382 545 934 952 455 194 527 486 371 792 814 784 143 459
375 482 875 661 759 455 281 43 786 675 955 718 363 847 696 272 335 653 374 350 898 383 194 585 784 261 687 794 794 191 374 501 146 527 419 671 392 103 435 173 447 496 838 686 739 305 440 549 423 171 726 607 328 444 211 804 430 385 728 429 721 271 440 272 243 492 705 887 566 765 765 99 193 640 205 592 131 566 723 658 299 643 294 71 496 763 354 813 892 854 445 165 446 822 488 394 763 457 540 263 772 34 290 142 678 581 716 972 378 306 126 373 527 840 333 112 363 774 545 708 274 71 547 335 643 862 615 284 633 866 45 473 813 476 837 407 851 206 98 755 483 275 346 79 227 377 266 487 263 569 353 804 801 742 272 641 841 821 534 796 514 205 801 681 194 654 764 370 293 488 92 135 813 785 468 457 522 504 223 491 822 234 343 815 762 335 738 733 493 403 801 342 20 916 206 528 464 240 301 714 379 739 600 895 727 546 270 105 591 465 288 332 145 796 654 498 350 577 247 952 280 536 0 861 112 856 831 543 385 646 861 55 623 569 518 463 278 403 288 679 262 685 622 220 571 685 428 961 415 532 798 655 727 203 474 294 555 718 24 280 376 204 876 44 700 478 367 785 840 794 492 647 415 237 684 399 604 470 390 491 786 536 772 893 419 353 740 422 184 612 891 373 417 721 893 498 499 598 862 626 284
557 496 714 226 107 595 879 903 551 272 136 190 662 533 676 830 543 406 496 1066 736 672 668 293 162 1092 189 338 315 765 504 665 716 394 1217 227 471 903 971 786 452 560 630 737 137 736 727 321 665 761 321 255 567 1059 810 572 503 788 141 454 896 813 441 606 1011 633 786 777 387 113 879 959 1000 226 682 881 980 320 138 710 643 714 579 930 398 104 574 718 831 110 492 911 615 349 598 578 941 917 805 865 642 892 644 866 195 411 406 931 1018 612 950 631 946 835 539 919 669 107 755 494 1100 921 781 528 341 894 867 1032 242 214 904 808 695 847 726 821 80 669 952 213 917 593 841 932 922 564 626 676 599 909 546 199 69 189 673 549 82 672 485 74 766 772 476 241 684 497 682 1161 680 375 770 755 50 619 413 453 885 585 808 502 368 652 1054 202 140 558 374 228 369 1151 404 1059 875 61 708 696 832 1062 732 358 549 829 901 149 234 319 1083 760 397 1075 948 741 723 136 217 830 818 394 659 103 613 951 861 0 943 817 31 448 980 364 907 915 542 447 474 671 679 458 823 629 630 229 256 799 435 908 1086 100 655 417 499 464 134 848 741 764 318 390 853 613 898 701 643 845 908 520 1161 213 854 704 417 258 484 644 647 950 472 393 1160 705 595 836 123 324 632 534 701 584 677 416 51 1168 1025 500 806 580 415 288 283 888 1097
483 523 987 752 844 475 376 80 898 736 1043 811 476 958 809 375 435 760 447 401 1010 390 283 677 877 261 762 899 897 204 442 501 241 585 424 741 472 182 521 181 509 520 950 797 815 302 428 639 535 196 829 691 386 513 318 916 479 492 814 527 826 376 508 339 292 500 815 998 669 841 872 63 232 727 312 694 146 636 806 770 410 755 394 100 594 848 462 925 1002 944 494 246 558 927 600 504 867 552 509 360 884 82 327 239 754 687 824 1081 448 352 14 394 622 950 405 181 475 861 655 819 277 45 522 415 696 970 720 333 723 964 103 440 925 579 949 511 939 310 44 851 579 372 304 45 309 419 323 599 347 669 458 900 880 809 384 752 915 934 570 874 491 209 911 776 299 765 876 384 405 568 184 188 896 897 565 559 623 522 330 529 927 294 397 912 852 438 845 830 575 434 908 394 115 1000 318 521 425 253 300 820 487 848 701 988 789 635 284 188 696 533 367 443 249 887 742 461 454 627 295 1037 386 630 112 943 0 967 912 586 465 751 969 96 735 609 559 575 390 489 254 791 320 780 695 327 678 788 487 1043 527 583 908 765 809 165 457 282 647 825 135 337 470 315 989 154 804 514 380 882 949 906 552 742 475 301 796 486 713 550 413 482 898 641 846 996 433 416 852 533 274 655 975 384 490 832 1004 610 558 669 963 729 296
559 949 126 652 743 1020 620 888 267 909 778 649 504 302 184 603 650 436 785 746 121 1026 770 644 656 902 811 482 504 941 805 1112 777 878 917 848 748 800 552 944 845 1024 197 171 818 1015 1113 662 441 919 499 715 850 642 651 248 898 481 724 621 208 597 810 821 786 1081 155 69 520 827 148 930 826 697 690 325 880 822 753 202 587 215 674 881 598 744 572 99 35 716 903 750 437 477 404 516 214 484 1233 628 177 885 910 737 802 479 415 131 657 889 981 981 442 33 795 809 502 725 313 330 897 922 1223 757 949 86 290 770 668 625 867 1188 122 417 94 471 741 707 939 606 459 695 1117 926 702 913 851 374 761 369 606 619 819 890 602 309 876 147 988 816 1191 960 345 608 710 347 141 876 575 741 818 872 783 198 623 571 396 1052 640 964 459 845 737 618 687 623 443 595 730 816 418 745 852 820 666 1154 1196 872 1007 463 562 137 332 703 921 679 869 827 486 640 670 524 752 681 686 1219 524 937 877 820 643 438 856 817 967 0 808 960 609 484 101 878 327 983 962 400 593 711 1063 225 852 621 805 641 462 254 692 862 453 914 321 378 760 1013 1146 1027 651 430 833 850 546 673 202 813 239 970 879 604 54 114 861 615 848 834 210 567 401 743 847 1134 222 352 850 536 1022 830 139 481 773 993 795 886 627 321 49 404 867 823 557 295 875
530 466 708 202 81 565 852 872 543 245 162 171 636 530 663 803 514 391 465 1039 731 642 637 266 153 1063 158 333 311 733 472 637 686 363 1189 197 440 873 946 754 420 531 624 722 107 705 698 292 641 730 310 225 536 1034 781 565 472 764 114 426 881 786 410 574 983 604 772 770 365 84 865 928 971 198 653 862 950 289 108 695 615 698 549 900 371 79 547 710 823 116 461 882 592 347 576 553 926 894 777 838 632 861 613 837 164 391 395 925 992 581 918 601 925 825 508 890 643 87 736 483 1071 890 753 497 314 884 849 1004 214 219 873 779 687 824 718 797 87 639 921 202 894 563 810 901 893 533 595 654 568 889 518 195 40 164 646 534 72 665 456 44 738 740 471 221 654 483 672 1132 652 344 740 724 26 611 385 426 863 556 780 472 365 620 1027 200 124 529 365 215 338 1124 399 1032 845 92 679 668 802 1032 700 347 522 815 882 163 209 290 1054 729 377 1050 920 716 693 128 189 801 793 365 627 133 584 929 831 31 912 808 0 419 954 347 897 885 526 419 444 649 651 428 792 615 598 208 224 771 415 891 1060 131 631 387 494 449 104 817 712 732 290 379 822 581 873 672 639 815 892 490 1132 207 844 695 386 235 453 612 633 925 454 362 1132 676 587 816 96 329 602 503 689 559 646 389 76 1140 999 489 799 559 384 257 286 869 1068
445 64 904 375 388 149 694 576 746 181 580 421 555 771 778 651 364 547 215 850 930 236 378 338 475 803 267 606 591 383 201 218 424 83 957 222 235 622 837 406 128 112 829 814 313 315 280 308 599 390 541 286 218 897 601 771 114 680 372 347 939 637 160 279 761 185 858 950 445 335 951 623 726 323 446 861 674 160 346 780 483 774 369 612 362 392 445 873 987 505 100 659 569 634 584 490 990 813 361 675 799 564 259 613 265 487 597 1091 837 237 588 205 870 963 238 637 561 415 746 656 815 580 338 262 120 1011 863 795 344 578 588 360 857 774 891 718 485 422 610 484 827 364 406 592 698 167 278 650 318 867 401 520 379 267 498 651 389 847 38 375 320 382 705 425 435 621 822 904 522 218 458 409 416 791 338 393 825 138 605 61 646 309 840 531 432 395 591 474 230 922 656 842 562 509 487 253 384 780 312 560 438 905 878 558 231 291 808 441 483 917 746 609 447 468 342 382 684 54 296 551 419 877 543 448 586 960 419 0 817 504 1019 596 633 29 29 630 509 265 400 734 281 417 214 596 500 927 903 538 584 47 719 595 344 450 293 343 320 587 545 264 757 476 859 547 935 79 902 513 975 853 100 397 146 308 750 805 562 217 917 258 776 800 327 664 191 204 821 519 385 69 495 909 862 669 972 575 93 180 618 883 822
427 769 677 753 873 781 124 393 663 889 1028 796 318 732 510 166 472 629 604 137 693 731 451 689 849 306 852 774 785 558 616 849 416 768 311 858 595 287 63 546 693 812 677 467 893 670 803 670 325 534 727 744 609 82 219 670 708 199 840 540 420 182 669 550 197 831 459 662 599 915 478 408 253 761 372 287 332 769 851 455 351 438 454 365 585 876 414 608 643 929 721 221 376 794 406 402 448 125 913 144 603 396 614 246 841 586 675 694 50 615 479 706 180 583 579 284 311 875 325 621 297 423 916 556 884 581 320 170 740 897 367 849 618 200 630 176 939 396 424 804 151 454 729 420 158 677 564 344 501 246 450 848 938 928 327 535 991 639 823 933 882 576 714 746 385 576 574 267 311 667 413 485 930 627 577 529 213 829 213 783 785 538 128 855 848 446 709 781 664 214 749 136 369 1020 330 883 843 280 664 699 436 473 284 953 931 677 269 432 601 100 98 239 387 870 766 876 162 831 566 1045 405 187 385 980 465 609 954 817 0 651 575 371 526 846 801 335 318 580 670 521 563 757 801 222 565 374 109 1069 331 788 700 597 857 588 839 666 669 685 364 574 86 342 711 347 392 776 271 826 574 595 734 723 671 533 515 43 557 654 241 848 641 260 931 875 755 615 540 398 446 881 990 277 46 629 656 424 742 793 862 320 272
274 511 407 168 271 600 569 688 243 427 381 176 343 267 322 523 318 48 385 757 433 636 474 168 209 826 326 148 148 630 404 693 510 421 924 364 344 651 630 643 413 590 328 378 337 659 717 197 326 615 81 234 467 726 523 268 474 452 246 234 535 507 380 468 726 659 428 461 83 348 523 744 732 212 442 519 738 352 273 349 361 352 359 703 173 272 296 389 506 287 473 637 275 176 248 271 581 570 829 560 310 680 546 599 318 68 94 611 694 516 761 587 591 496 414 666 349 260 394 158 830 716 813 382 472 553 503 737 184 246 680 801 369 494 403 480 303 441 744 159 566 382 773 724 629 510 499 321 426 549 293 198 348 406 393 189 406 353 538 344 786 644 202 128 453 141 343 868 387 295 567 586 320 297 207 193 528 620 517 525 178 509 745 205 223 312 99 139 282 844 168 751 653 388 449 733 816 793 652 70 269 473 539 304 437 213 808 565 56 738 640 422 502 234 201 830 490 472 533 405 366 595 646 364 751 484 347 504 651 0 563 692 179 524 514 321 393 308 732 274 502 142 324 511 87 544 760 437 320 458 214 107 280 717 746 680 184 86 629 491 565 448 356 616 545 536 870 176 513 371 413 131 428 498 292 616 108 303 859 723 278 477 371 248 616 437 354 260 483 524 359 877 693 170 486 229 417 347 221 524 820
598 1003 227 731 829 1067 606 889 362 982 874 733 526 401 245 596 690 515 833 710 220 1066 796 717 745 877 888 576 597 964 853 1158 797 940 874 923 798 795 514 965 900 1075 297 206 900 1046 1152 731 464 941 587 788 892 596 651 345 949 477 807 675 155 593 865 857 762 1129 166 166 589 910 98 926 808 773 712 289 870 889 835 240 612 248 709 877 659 829 608 193 111 808 955 739 471 573 444 554 138 452 1272 617 266 887 946 733 880 549 502 120 621 927 983 1022 398 74 838 801 523 812 319 414 870 924 1264 801 1018 15 257 742 744 721 867 1224 218 397 193 460 833 731 938 695 424 729 1144 926 686 958 886 398 796 329 646 711 905 969 623 379 963 245 1045 902 1232 983 441 690 731 423 224 837 594 802 833 892 871 291 681 627 365 1103 639 1018 555 877 702 710 774 661 532 682 791 773 513 710 854 913 683 1200 1230 848 1039 550 603 124 291 798 998 746 842 844 558 591 647 531 770 771 764 1255 516 1001 909 915 673 393 861 907 969 101 897 1019 575 563 0 876 394 1044 1019 423 612 763 1088 292 887 704 877 642 529 201 647 956 477 974 417 456 842 1031 1186 1056 720 517 837 887 523 691 303 817 184 1023 842 694 53 204 919 694 899 866 275 535 471 802 806 1177 316 332 933 634 1066 875 209 519 799 1057 887 847 586 407 140 448 926 893 654 255 846
419 535 903 713 813 504 280 25 822 730 1007 770 395 884 724 281 385 697 429 318 926 429 248 637 835 210 742 840 840 235 429 546 199 582 371 726 447 86 426 215 502 546 870 709 794 347 481 602 452 218 772 661 383 423 227 839 484 400 781 479 732 283 495 327 209 539 724 911 613 820 779 54 153 693 251 600 79 622 777 683 339 667 345 16 546 817 398 840 913 906 499 151 480 867 522 434 772 456 575 265 802 34 341 144 733 626 759 989 357 359 110 422 526 860 388 87 394 827 564 747 224 52 584 390 698 878 626 250 686 916 12 506 841 485 863 418 904 255 62 805 483 326 375 51 214 430 320 514 318 573 401 854 856 797 309 676 896 851 586 850 551 247 841 731 242 693 792 323 327 543 147 187 867 817 519 505 527 553 238 544 866 289 313 865 814 383 783 783 547 362 844 311 40 970 246 571 495 192 344 760 424 756 606 947 782 600 222 160 637 444 273 355 195 848 707 530 361 631 300 1005 327 535 55 915 96 878 885 596 371 692 876 0 659 622 572 490 314 457 319 709 317 736 676 237 615 694 401 1015 445 586 837 696 781 230 513 333 608 762 64 334 375 246 909 77 710 530 320 835 858 821 547 698 470 292 713 391 644 525 346 533 820 547 827 940 466 408 766 459 239 666 944 326 398 759 916 533 553 653 909 635 236
265 625 282 343 451 700 470 662 163 588 544 355 266 226 149 432 347 136 467 649 308 716 489 323 383 752 497 257 272 660 487 794 510 552 823 529 428 599 494 668 521 701 223 200 513 717 801 337 220 641 230 394 539 593 453 182 576 332 425 301 356 418 486 519 641 762 250 320 195 525 345 713 661 381 427 348 687 496 450 170 325 173 379 667 271 452 283 241 354 458 580 569 181 272 139 233 402 427 920 467 172 655 607 539 488 155 157 458 574 582 747 668 434 332 483 612 269 439 229 96 752 694 908 445 624 385 329 643 352 396 647 881 228 345 260 350 477 436 718 332 417 402 826 700 544 597 550 183 463 383 306 363 527 579 351 20 586 223 662 523 877 677 192 307 443 52 189 771 332 415 561 600 499 174 298 250 369 730 444 640 262 551 637 366 402 325 194 314 403 734 223 644 625 562 417 835 891 719 709 194 265 295 368 465 605 353 727 565 164 603 539 328 492 409 373 911 377 610 580 575 361 436 623 542 735 327 526 633 526 179 394 659 0 657 636 195 345 390 776 102 552 321 483 440 136 366 633 610 221 587 182 81 457 741 834 733 326 170 602 547 441 420 260 585 366 647 773 342 346 221 535 305 526 539 119 486 77 417 754 818 168 314 548 354 706 515 188 202 495 666 533 780 564 106 340 126 541 499 348 350 738
473 87 926 389 393 159 723 601 766 176 581 433 583 789 803 680 392 568 244 878 952 249 406 357 484 829 272 621 605 405 230 218 452 105 984 225 264 649 866 429 157 117 849 839 315 332 286 328 627 414 557 301 246 926 630 791 141 709 380 373 966 666 188 306 788 187 884 973 467 335 977 647 753 336 475 889 700 175 352 805 512 799 398 638 386 397 473 896 1010 509 128 687 597 648 610 517 1017 842 358 704 821 590 283 641 270 509 616 1115 866 262 610 223 898 987 267 664 590 421 774 677 842 605 334 291 110 1036 891 823 358 586 613 363 880 803 913 747 489 451 635 496 856 393 418 616 726 192 305 677 347 895 429 530 379 263 527 675 384 869 43 375 319 403 724 440 463 643 845 931 551 242 485 435 418 813 363 418 854 139 634 80 661 336 868 541 440 423 608 487 254 949 673 870 588 508 516 249 388 806 330 577 465 931 906 563 223 312 834 468 504 946 775 638 475 476 355 383 713 57 322 550 448 906 569 447 609 983 419 29 846 524 1044 622 657 0 50 658 538 292 416 758 308 431 224 625 523 955 932 535 612 70 738 617 350 470 296 360 340 605 571 291 786 505 879 574 963 97 929 524 999 876 126 413 175 336 774 834 585 242 945 258 797 828 325 676 203 232 845 547 413 46 495 936 891 690 995 602 119 191 629 911 849
438 37 910 391 410 122 677 551 754 208 604 439 546 781 780 636 354 556 203 830 936 207 358 350 494 779 291 621 606 356 188 196 403 96 934 247 228 600 823 379 121 88 836 814 338 287 254 317 592 364 554 301 197 880 584 779 93 669 393 345 935 621 155 258 739 162 857 955 451 360 949 597 703 340 430 853 649 177 368 779 472 773 357 588 365 414 437 877 990 527 80 638 564 648 581 484 986 801 339 658 803 540 232 593 288 493 607 1093 820 212 561 176 859 964 222 614 552 437 741 663 792 555 317 249 148 1012 857 774 359 598 563 335 862 764 895 707 508 405 585 502 815 350 377 566 678 142 255 645 301 858 393 539 404 295 485 655 416 852 26 400 297 354 716 440 417 626 825 881 509 223 435 384 440 797 339 392 816 115 589 32 660 286 820 550 452 385 602 491 236 901 669 822 538 535 471 232 358 756 284 571 431 903 870 580 259 301 785 418 489 900 728 598 427 489 359 358 671 82 272 577 407 866 518 474 559 962 444 29 801 514 1019 572 636 50 0 625 496 260 372 737 258 433 235 579 505 922 885 565 577 61 728 602 367 422 268 314 330 597 521 242 743 459 867 524 931 51 879 531 976 857 102 411 133 286 752 790 566 220 895 234 782 792 353 682 163 186 823 514 365 95 520 886 845 677 976 573 97 200 636 877 799
187 603 413 448 568 655 276 497 347 641 702 481 105 414 234 240 276 296 426 454 436 646 373 397 527 561 575 439 450 543 445 744 377 559 628 594 397 421 310 545 504 669 383 229 607 623 731 391 42 520 394 464 475 407 270 359 545 138 537 288 314 228 471 436 448 716 257 425 284 626 338 544 472 468 291 233 507 529 554 198 189 184 289 496 304 570 192 351 434 606 553 383 63 459 74 141 364 249 852 275 313 493 524 358 565 262 340 523 382 507 588 604 276 388 424 432 103 564 117 290 561 531 845 388 658 420 233 449 443 565 479 802 350 176 374 161 620 309 551 479 246 307 721 536 352 544 465 25 375 249 233 520 640 657 203 207 697 361 650 635 812 562 386 430 311 242 302 576 176 429 419 473 623 330 311 253 217 695 260 618 450 454 442 526 533 245 374 457 420 540 415 450 460 704 267 784 807 528 616 365 193 299 252 625 672 403 535 428 276 418 344 140 353 550 468 832 182 624 487 724 251 281 463 671 575 400 649 630 335 321 423 490 195 658 625 0 193 366 666 220 465 443 540 258 239 298 444 753 54 590 375 262 561 614 766 633 385 350 440 466 249 274 421 421 307 620 578 498 392 332 532 414 496 444 223 297 223 422 560 759 336 176 645 540 649 462 278 111 376 680 674 585 375 300 433 92 539 543 527 253 545
124 467 600 455 571 499 204 317 509 570 745 505 89 570 423 156 154 391 294 388 624 474 187 385 566 433 537 537 541 352 309 581 185 454 541 540 280 260 330 353 382 522 560 422 581 439 557 360 151 329 475 433 318 400 133 526 406 176 538 227 489 139 355 267 338 557 448 616 321 605 522 368 339 454 100 379 348 451 544 391 35 377 140 323 281 575 105 540 627 643 417 244 168 563 209 124 537 305 676 188 495 310 350 205 527 325 451 715 348 339 403 436 364 581 276 275 90 577 295 433 438 349 672 248 567 610 393 355 437 632 302 622 538 276 564 212 648 121 372 527 320 147 532 355 244 389 291 218 207 374 134 575 631 611 12 363 681 545 520 625 638 371 528 460 120 379 490 485 18 349 226 281 628 507 266 228 328 544 129 482 560 274 376 584 555 128 477 504 346 473 535 381 279 724 74 620 624 401 432 457 132 488 393 676 613 365 416 235 338 418 270 103 160 583 462 652 175 518 307 754 90 372 278 679 390 593 651 509 318 393 612 314 345 538 496 193 0 262 476 402 291 468 484 122 310 463 417 773 141 476 523 384 550 421 593 447 361 455 257 296 250 81 598 239 475 479 485 554 583 521 420 431 364 265 409 300 333 335 482 591 508 317 619 640 485 315 468 146 188 569 696 493 364 445 625 220 428 475 614 409 429
180 241 671 264 356 310 462 445 527 309 554 323 294 567 528 416 108 339 78 638 697 331 210 191 390 639 291 446 438 333 98 403 258 196 773 285 38 448 591 350 139 313 604 557 340 350 415 151 335 323 373 204 159 662 377 551 187 423 325 90 676 399 105 166 567 371 599 710 229 366 690 501 548 238 232 596 523 189 320 522 231 515 131 472 135 360 183 631 741 455 192 464 305 475 322 225 726 559 531 445 562 434 238 418 280 265 400 842 608 208 497 283 611 711 107 465 300 372 482 435 647 464 518 78 306 756 599 594 234 482 446 497 618 513 651 461 450 215 495 370 570 140 464 475 486 208 195 386 143 604 139 418 399 356 253 410 443 613 285 394 488 345 506 294 230 390 578 717 271 91 313 305 410 560 102 141 564 341 379 256 481 211 627 430 363 137 407 350 92 719 476 631 417 513 265 445 511 609 344 377 173 645 614 500 353 146 632 303 267 681 524 356 266 398 253 527 434 262 230 549 177 618 403 458 489 711 428 265 580 308 763 457 390 292 260 366 262 0 426 487 198 296 229 370 270 663 677 558 320 225 513 372 324 421 446 372 160 394 394 186 511 256 638 387 671 260 716 402 721 610 167 259 137 201 501 562 328 75 722 428 548 536 375 532 317 129 572 255 219 316 488 724 626 449 729 315 175 215 493 619 647
513 339 1054 676 740 260 558 294 931 575 943 735 562 979 886 537 431 757 354 636 1079 168 294 609 799 515 634 872 864 124 339 259 292 431 678 600 393 391 716 127 373 307 999 894 687 87 178 568 624 148 799 596 271 732 473 953 320 631 714 499 962 531 389 264 527 266 923 1080 650 712 998 313 472 637 376 844 392 503 697 861 477 849 398 332 559 744 497 1001 1097 852 332 453 627 901 663 551 1009 728 256 538 944 287 189 425 628 681 820 1189 666 221 248 196 798 1054 319 399 564 762 771 842 530 276 268 350 520 1086 862 569 643 898 318 187 995 731 1024 661 840 357 295 788 752 375 59 285 514 259 233 691 314 829 470 834 755 659 465 796 777 996 374 750 237 105 922 714 356 791 948 636 493 473 266 198 782 950 525 546 781 299 483 340 907 227 630 846 764 451 831 770 484 681 899 629 307 884 407 271 176 504 91 801 512 963 855 902 628 558 535 251 685 754 574 564 320 802 656 211 607 451 199 925 422 807 288 823 254 1063 792 400 670 732 1088 319 776 416 372 666 476 426 0 857 230 713 568 477 680 933 716 920 612 415 926 780 699 90 205 59 579 816 307 241 650 398 1036 323 946 321 632 820 1058 981 406 679 342 238 867 680 731 457 663 233 944 783 710 957 215 305 932 586 290 462 864 637 704 856 1092 666 409 535 916 876 548
345 724 198 441 543 797 488 715 145 690 617 447 316 213 48 457 433 227 562 652 223 807 565 424 468 777 596 318 336 737 583 890 579 653 829 631 524 641 478 743 621 799 163 109 610 802 894 440 257 716 309 496 630 578 490 149 674 342 520 397 270 446 586 606 662 858 158 225 298 621 250 763 690 481 494 295 728 598 547 88 389 99 461 715 373 544 360 146 254 538 678 602 235 325 196 306 313 407 1013 490 93 710 694 579 588 257 226 357 570 671 805 761 398 229 575 653 316 529 197 140 775 749 1002 537 727 282 268 657 452 464 698 971 138 325 167 350 560 507 770 416 391 483 908 754 567 691 637 199 547 336 390 440 620 678 410 87 678 142 763 617 971 755 210 401 512 133 92 779 387 516 627 673 589 111 398 347 335 828 480 739 310 634 641 442 491 408 261 401 505 734 267 649 678 643 477 931 980 744 795 272 347 200 312 538 706 456 748 633 265 584 552 360 558 494 472 1002 390 713 665 652 436 398 679 629 791 225 615 734 521 274 292 709 102 758 737 220 402 487 857 0 638 415 585 479 238 289 623 689 265 689 190 167 553 815 927 817 429 242 657 634 440 482 201 638 286 746 782 421 244 125 636 403 624 622 18 478 179 518 758 912 121 278 644 401 801 608 86 271 570 768 615 789 553 139 242 191 642 601 406 287 757
294 222 833 458 536 218 439 298 703 417 738 517 366 750 671 403 206 526 135 577 858 183 113 387 583 522 445 643 636 138 126 292 150 267 676 422 169 342 593 157 189 250 774 686 499 164 267 346 425 132 570 385 67 638 344 726 168 464 507 268 775 391 190 34 483 271 721 863 420 525 803 348 445 424 200 670 393 317 495 653 280 642 179 333 329 540 281 784 885 643 182 383 417 672 449 336 824 584 387 419 722 286 59 339 437 450 590 981 575 52 324 147 649 846 94 357 370 555 578 613 534 306 382 120 381 883 682 519 426 678 308 337 775 566 805 500 634 175 337 566 604 158 275 318 428 119 4 489 91 664 248 614 564 490 279 572 597 774 275 559 348 148 692 491 182 564 730 624 308 259 177 133 584 726 295 316 618 266 351 232 677 29 568 626 552 230 600 547 268 645 669 569 281 688 241 330 344 499 157 571 291 764 684 690 470 338 527 160 455 659 481 392 177 589 441 368 454 314 32 727 215 658 262 630 320 852 598 281 563 502 887 317 552 308 258 465 291 198 230 638 0 492 378 342 451 752 638 729 411 269 697 551 498 225 303 181 356 586 264 18 516 229 810 267 764 222 621 598 852 763 233 456 156 30 649 558 503 242 638 300 718 607 528 730 196 97 717 371 117 350 665 628 605 627 877 449 239 350 691 699 542
343 439 535 43 130 537 662 728 367 304 277 39 440 373 464 614 352 189 359 851 559 591 497 105 99 895 195 191 174 628 374 625 541 337 1009 239 322 710 745 646 355 517 452 520 197 632 665 146 438 618 133 132 442 835 601 391 417 563 104 257 677 597 329 461 805 590 570 592 160 206 665 784 801 95 490 654 793 257 132 491 433 494 391 750 192 132 363 524 641 175 412 709 388 217 369 358 723 690 766 650 445 718 524 666 188 183 210 745 797 492 789 543 718 635 397 726 447 122 527 292 901 751 747 374 359 692 641 822 75 187 724 750 503 618 536 595 182 482 781 75 689 410 745 761 712 467 488 447 435 681 343 122 206 270 465 331 265 485 454 202 724 640 308 14 496 282 481 953 466 241 598 600 182 428 217 241 656 546 597 451 230 507 839 134 91 358 190 59 230 937 247 845 696 263 508 663 768 863 626 163 336 615 674 211 305 155 882 592 169 850 732 520 541 115 77 777 595 375 523 288 415 722 685 229 780 621 208 417 757 142 704 736 321 431 433 443 468 296 713 415 492 0 211 590 207 685 865 312 429 373 326 248 139 716 688 656 135 195 672 478 674 504 475 662 686 465 953 107 652 507 341 38 379 496 433 726 247 256 948 659 407 608 229 251 562 408 494 359 506 421 234 961 801 301 619 352 343 241 207 662 895
378 250 731 170 177 350 687 662 566 106 377 210 495 580 632 639 332 372 248 866 757 421 429 160 261 866 68 402 385 511 253 431 479 144 1003 57 231 675 805 532 196 322 651 679 121 481 483 151 519 509 342 90 313 882 605 591 248 628 158 263 823 622 188 356 797 397 727 784 288 147 823 716 777 117 461 771 746 65 134 646 450 645 360 692 236 181 389 711 828 294 239 693 477 428 476 414 873 764 573 670 633 651 389 647 60 328 410 933 832 357 701 378 808 813 291 692 502 203 646 482 875 677 552 286 149 867 766 823 144 364 666 567 692 707 726 665 277 444 708 273 771 369 588 688 715 309 374 553 359 788 351 306 188 127 476 498 220 677 252 183 532 517 514 221 458 458 663 947 490 139 530 507 214 621 231 287 754 350 606 258 442 401 855 318 217 355 397 265 139 948 458 859 637 316 494 466 588 837 476 367 370 774 790 347 133 137 861 518 320 900 751 567 491 254 135 591 647 166 406 357 403 814 622 256 695 805 224 214 801 324 877 676 483 224 235 540 484 229 568 585 378 211 0 597 348 821 901 354 506 174 531 427 134 593 501 508 159 398 615 360 726 485 678 611 826 275 946 301 828 692 163 200 229 394 602 778 406 155 951 468 602 716 151 452 384 281 669 433 439 210 297 953 847 494 809 463 161 35 406 787 875
246 547 669 577 692 560 98 248 601 678 867 627 176 666 489 62 265 504 385 270 691 516 230 506 687 317 653 652 657 357 396 631 199 551 420 653 380 163 252 349 474 590 641 473 699 462 592 480 223 332 592 551 387 301 12 615 486 165 659 346 501 54 451 328 216 612 488 675 442 723 545 289 223 574 150 374 249 558 664 447 157 431 239 240 402 696 227 605 676 765 499 129 260 676 301 240 544 252 706 79 571 246 395 100 643 443 561 753 242 394 342 487 321 623 358 174 172 699 328 533 320 282 707 337 668 643 396 233 558 752 227 645 607 258 628 189 770 174 299 648 275 236 536 285 122 455 344 280 279 354 253 696 750 724 126 456 800 618 601 745 672 375 629 581 163 480 558 363 125 459 211 281 749 588 386 349 306 608 9 561 672 318 258 705 677 244 590 625 458 353 644 262 212 846 109 667 642 284 456 572 254 520 383 797 723 484 297 227 456 321 155 119 169 705 582 674 132 612 348 876 194 330 220 799 327 641 771 596 222 511 642 237 440 625 579 258 122 370 477 479 342 590 597 0 426 466 309 894 219 569 622 490 670 405 628 462 481 567 196 353 177 120 679 176 481 554 364 674 622 587 515 553 450 313 481 216 441 444 361 634 593 317 736 755 537 394 531 254 226 661 817 371 266 545 679 316 523 585 731 408 310
196 496 405 220 335 576 482 613 257 454 465 245 257 299 285 437 254 82 349 670 431 601 409 189 289 742 366 227 231 572 369 670 440 418 837 396 308 570 546 583 393 574 334 331 387 613 685 201 240 555 167 260 426 640 438 281 451 367 306 184 480 420 359 417 641 637 380 450 60 402 476 667 648 251 367 448 657 360 328 299 280 298 293 625 141 337 217 373 487 368 453 553 189 253 164 187 528 487 801 474 298 604 501 516 356 24 146 592 608 473 689 553 512 467 371 584 263 329 321 165 746 641 787 335 489 520 436 651 223 333 603 767 357 413 390 396 382 368 669 241 485 316 725 649 543 478 448 241 368 474 222 283 410 449 311 152 468 348 530 406 758 588 242 194 379 122 322 782 303 282 496 522 389 293 171 135 450 603 432 511 251 454 658 290 296 242 168 219 270 757 230 665 577 466 370 712 780 709 606 147 192 426 467 389 473 217 723 496 38 653 553 335 429 312 246 797 404 476 481 486 292 516 571 435 678 462 415 500 565 87 529 615 136 523 505 239 310 270 680 238 451 207 348 426 0 483 673 515 233 454 246 102 335 657 716 632 191 147 553 443 480 369 368 538 486 519 783 261 482 353 403 182 402 443 255 530 61 286 773 697 280 401 424 329 587 399 324 174 416 531 436 791 607 179 472 146 409 363 306 457 735
484 900 354 702 815 950 416 709 419 925 905 720 387 479 249 414 572 502 723 509 362 934 650 667 749 679 847 607 625 809 742 1037 641 854 673 873 695 610 313 806 801 966 390 184 870 902 1018 670 332 785 593 738 769 395 474 412 842 303 787 583 47 414 768 725 565 1010 141 318 541 885 108 741 613 734 561 94 679 818 811 202 472 195 582 693 587 816 488 291 284 823 850 551 358 614 348 439 79 253 1138 430 326 708 811 550 837 507 513 321 420 797 803 895 197 223 720 615 382 804 181 429 671 743 1134 684 949 209 71 543 706 753 685 1084 311 209 306 278 843 583 754 697 225 598 991 744 494 839 752 277 664 129 531 726 891 930 475 360 949 338 948 886 1100 828 494 671 581 412 283 636 445 721 670 734 865 356 601 542 169 991 462 916 599 737 501 729 768 541 549 680 712 572 555 509 676 927 526 1077 1086 650 895 556 491 124 91 826 951 684 643 683 519 391 450 368 612 775 729 1114 335 919 770 938 539 191 685 908 788 254 891 927 374 544 201 694 366 955 922 298 463 663 933 289 752 685 821 466 483 0 446 974 347 886 471 446 818 867 1054 908 662 528 661 755 328 536 414 641 17 917 640 706 209 287 828 665 793 727 273 335 437 716 604 1050 379 150 907 689 941 758 249 408 651 975 899 646 385 429 303 359 836 829 695 59 646
531 852 770 860 979 854 214 425 767 985 1136 904 425 835 609 262 570 738 694 90 784 797 529 795 957 275 954 883 893 614 704 916 488 860 227 958 689 325 146 599 783 888 776 561 996 728 863 774 433 591 836 848 690 51 303 772 792 308 946 642 493 278 760 630 196 901 548 749 707 1019 553 426 257 865 458 368 343 866 956 553 451 536 547 391 690 982 516 701 725 1037 805 265 484 902 515 508 513 217 967 232 702 431 685 303 943 695 783 766 69 690 500 776 251 664 666 318 418 982 426 728 262 450 973 646 977 655 402 155 846 1006 400 900 713 299 722 284 1046 481 444 912 238 545 773 445 211 756 640 451 585 323 551 956 1043 1028 425 642 1096 735 906 1038 939 630 820 854 469 684 670 196 412 765 475 545 1036 728 680 634 300 903 300 865 893 611 91 964 955 545 818 890 763 127 857 96 409 1127 418 947 891 259 723 808 540 556 361 1061 1029 780 237 494 709 60 157 345 461 978 871 926 270 921 637 1152 500 256 428 1086 487 692 1060 903 109 760 647 401 633 932 885 444 417 677 716 623 638 865 901 309 673 446 0 1176 440 877 805 705 962 629 898 720 773 794 411 651 195 429 809 397 463 857 201 934 653 689 824 831 758 608 616 147 666 751 161 911 742 353 1034 984 825 700 636 506 523 969 1098 205 70 735 740 533 832 891 971 398 235
650 589 752 318 203 687 971 1003 595 359 97 273 751 567 735 923 641 475 596 1160 771 767 767 388 227 1190 286 381 359 864 603 753 816 489 1313 321 571 1001 1057 885 550 650 669 798 233 833 818 418 750 861 381 354 667 1148 905 614 599 875 237 550 960 906 541 705 1107 722 847 816 472 208 937 1058 1097 324 780 955 1079 418 238 774 737 780 677 1029 492 200 668 764 872 152 589 1008 700 385 679 669 1002 1001 891 958 690 992 743 963 293 491 463 970 1109 711 1049 727 1026 883 639 1018 758 196 830 551 1198 1021 866 628 426 943 938 1127 337 237 1003 898 740 928 769 907 133 767 1052 279 999 692 936 1031 1016 662 726 756 699 986 642 249 166 272 768 614 151 715 574 171 853 871 517 324 782 562 734 1257 773 475 870 855 148 665 509 546 964 674 902 594 403 751 1148 248 222 654 429 298 469 1245 444 1153 975 49 805 782 922 1160 828 418 642 888 975 160 314 417 1180 860 477 1162 1041 831 822 203 313 918 907 484 758 45 710 1031 961 100 1043 862 131 538 1069 437 956 1015 610 535 565 753 773 558 920 689 729 312 354 894 515 974 1176 0 741 511 541 529 234 947 830 860 415 448 952 712 986 798 677 944 973 613 1257 268 903 752 514 346 583 743 707 1038 544 493 1255 793 640 913 212 340 726 633 756 671 777 500 79 1264 1113 555 846 661 511 385 308 959 1194
139 554 461 429 550 604 254 451 381 605 697 468 52 446 283 212 225 301 377 440 484 592 319 372 519 531 546 449 457 489 395 691 324 515 610 562 349 380 316 491 457 619 425 282 581 569 677 361 15 466 397 435 423 408 232 396 495 134 518 248 366 198 424 382 422 664 312 476 269 601 392 499 439 444 238 277 468 490 532 251 135 237 236 452 273 552 141 400 487 598 504 347 45 471 83 96 416 264 798 249 357 446 470 319 536 255 353 577 375 454 540 550 302 442 373 392 52 549 168 315 532 484 791 337 618 475 281 427 421 566 434 748 398 201 424 166 609 255 505 472 267 254 667 489 324 492 411 80 321 286 184 516 619 627 150 236 675 407 603 614 758 508 412 417 257 264 350 556 124 388 367 419 606 372 275 219 248 644 222 569 465 400 428 524 520 194 385 450 381 526 433 434 413 692 215 732 752 498 561 371 147 354 294 622 639 372 507 375 269 422 325 108 300 540 446 778 170 580 432 715 196 308 415 655 527 453 631 584 331 320 477 445 221 612 577 54 141 320 612 265 411 429 506 219 233 347 440 741 0 545 403 277 539 560 713 579 357 361 392 412 246 221 463 373 357 570 558 494 446 381 487 397 447 389 269 298 232 380 544 706 375 216 620 552 596 411 328 74 322 636 662 566 374 326 485 99 494 507 534 300 518
405 79 857 330 350 178 666 567 699 160 546 378 517 724 733 622 327 501 184 827 883 256 358 292 433 790 232 561 546 384 173 257 406 37 941 190 198 606 806 407 95 148 782 770 281 328 311 261 559 388 495 241 203 869 574 724 104 645 332 304 897 607 122 262 742 223 814 904 399 304 907 616 710 279 420 821 662 116 308 735 449 730 337 602 316 354 407 827 941 467 90 639 528 589 541 450 947 779 400 647 752 556 257 593 228 440 551 1045 811 231 586 219 834 917 213 621 524 377 705 609 802 574 378 232 113 967 823 774 298 537 577 394 811 737 844 683 449 397 605 441 792 334 427 586 674 166 266 609 294 829 363 478 348 244 466 605 364 801 82 344 358 385 659 380 410 574 776 887 488 173 444 401 382 745 293 349 788 176 578 85 600 298 817 489 391 358 544 430 184 901 610 819 550 479 460 293 416 765 325 513 398 861 839 520 213 245 793 428 436 889 721 575 427 428 298 417 651 45 289 521 387 841 532 417 583 914 387 47 788 458 974 586 587 70 61 590 476 225 415 689 269 373 174 569 454 886 877 511 545 0 672 549 307 457 328 356 274 540 532 252 726 449 813 533 894 103 885 470 930 807 58 351 121 295 705 774 516 173 898 294 729 761 298 621 215 183 775 478 365 93 463 892 833 623 926 532 50 139 575 843 807
428 725 215 364 436 812 651 838 56 629 457 345 447 54 223 613 498 175 591 826 237 844 650 381 341 934 521 162 185 816 611 906 677 635 1002 564 550 780 662 827 626 804 130 288 518 859 927 412 402 799 194 443 671 762 634 73 686 510 421 430 445 600 593 663 823 872 332 277 285 522 410 891 843 415 597 485 868 564 453 276 499 289 535 845 379 435 448 224 332 396 686 750 362 156 321 404 480 592 1040 649 154 831 746 720 514 248 122 432 749 718 921 795 587 343 616 793 450 414 384 90 934 869 1025 581 680 403 458 824 387 304 825 1010 199 509 228 525 422 603 894 294 578 558 971 876 725 719 695 360 613 526 462 301 509 594 527 168 563 174 752 507 997 832 24 314 612 144 199 950 511 508 731 763 469 126 411 381 523 834 625 739 139 700 815 298 376 483 136 288 495 910 97 822 801 500 592 947 1024 901 852 164 426 364 502 382 631 428 909 733 247 769 719 510 662 366 399 1039 556 685 727 499 527 588 798 499 908 321 494 719 700 214 417 837 182 738 728 375 523 513 926 190 697 326 531 622 246 471 805 541 403 672 0 147 459 901 956 878 399 133 778 689 616 594 149 761 465 750 952 287 364 213 628 331 639 688 203 659 198 516 932 935 101 466 546 221 827 642 228 377 657 736 475 960 735 77 306 306 632 556 237 475 919
283 594 309 275 376 677 531 696 155 531 463 280 315 199 216 490 351 59 451 714 335 703 503 268 304 806 433 179 192 670 471 771 531 512 887 469 410 643 568 680 493 673 234 273 444 714 787 290 279 652 148 337 528 667 502 179 552 399 352 286 433 475 459 518 698 738 323 358 151 454 417 750 713 318 453 430 732 449 380 246 358 251 388 705 241 377 303 284 401 377 553 619 233 197 195 262 478 503 903 526 206 689 602 585 424 110 79 506 644 575 777 655 513 389 473 657 319 362 309 63 808 726 889 437 573 445 411 704 289 315 684 869 266 422 299 422 397 458 752 252 494 412 826 734 600 580 549 254 467 464 316 282 453 513 387 86 511 252 627 449 860 686 146 234 467 34 237 833 373 379 586 616 423 196 272 236 449 702 495 609 189 554 703 285 325 336 114 235 366 800 155 709 660 482 450 812 882 773 707 113 280 367 449 384 543 306 783 587 113 677 601 385 517 330 308 899 443 567 581 494 381 516 655 464 765 378 449 595 597 107 456 696 81 617 602 262 384 372 780 167 551 248 427 490 102 446 705 529 277 549 147 0 387 754 818 733 278 90 636 544 511 452 267 620 445 618 835 261 406 265 500 238 503 542 185 558 52 384 820 798 180 395 477 278 689 501 247 238 510 621 453 843 636 77 382 178 505 447 269 431 795
431 384 671 115 44 484 752 769 503 191 244 114 540 502 602 704 411 327 364 938 695 555 533 168 141 959 79 310 289 634 372 562 582 278 1086 128 337 770 852 655 326 455 587 657 60 613 617 190 550 630 266 121 437 937 680 527 381 670 38 324 812 686 312 473 880 529 707 729 280 68 802 824 867 97 549 782 846 198 7 627 515 629 446 796 272 47 447 662 779 160 372 779 502 331 490 456 859 802 705 738 584 758 516 733 80 311 347 883 893 484 816 511 837 773 406 786 547 71 654 430 967 787 682 394 257 831 771 902 118 239 770 700 641 736 674 704 143 535 818 170 804 460 721 798 792 441 495 569 465 806 417 189 81 136 544 468 136 622 382 76 664 642 439 153 550 420 620 1030 552 241 636 622 86 566 284 328 777 482 678 392 347 519 926 199 95 427 323 172 235 1022 373 931 741 191 576 597 722 929 607 299 423 752 801 214 177 187 950 626 299 954 820 619 589 127 93 724 697 293 528 229 481 842 727 134 809 760 104 344 857 280 842 781 457 350 367 561 550 324 699 553 498 139 134 670 335 818 962 234 539 307 459 387 0 719 634 639 189 332 718 482 777 569 608 711 820 409 1029 190 791 646 296 153 357 511 571 829 382 259 1030 601 544 732 91 338 518 404 633 466 543 328 167 1037 902 439 756 473 294 169 291 792 964
477 387 1013 682 758 323 480 205 901 616 961 742 509 953 841 463 403 737 359 548 1038 234 252 611 808 425 661 862 856 88 348 339 237 467 588 632 394 305 636 74 398 370 964 842 714 143 263 571 572 102 789 609 282 647 399 921 355 564 730 483 900 459 407 255 439 340 868 1034 634 740 938 223 382 648 323 776 302 530 717 811 428 798 366 243 547 762 459 957 1047 867 368 368 581 891 619 510 945 653 346 461 905 198 205 343 654 661 801 1136 581 236 160 247 723 1001 319 312 511 778 712 814 441 186 357 343 567 1030 797 480 651 903 230 277 952 662 980 592 857 308 205 791 678 343 145 195 430 292 228 639 291 758 439 838 782 696 411 761 810 956 429 776 326 77 899 716 304 761 905 546 438 483 198 142 805 913 514 526 711 367 410 390 895 210 542 850 776 419 815 771 493 591 883 540 221 908 348 356 265 414 144 787 477 907 786 915 669 563 445 186 667 668 491 501 261 813 666 300 537 497 193 948 380 732 203 848 165 1013 817 450 588 717 1031 230 741 470 422 614 421 421 90 815 225 716 593 405 657 867 629 947 560 457 901 754 719 0 292 120 581 799 224 240 573 340 1002 241 882 373 542 823 1004 937 436 681 365 221 823 600 703 466 573 318 909 717 741 952 279 316 886 544 246 516 886 547 620 828 1045 625 441 563 914 810 458
589 252 1115 647 678 152 719 488 973 472 872 699 668 1010 963 690 497 781 368 823 1141 121 408 594 758 715 559 869 856 284 347 80 429 358 879 515 408 575 878 301 336 181 1049 984 606 170 36 556 727 307 798 558 296 908 627 997 273 764 659 534 1077 680 366 330 717 109 1020 1151 671 628 1104 514 665 598 498 972 589 440 635 949 582 939 477 527 578 682 578 1072 1178 795 276 633 716 898 744 633 1127 878 86 699 1005 479 243 597 556 709 839 1276 842 259 452 166 945 1142 352 585 673 704 880 881 731 475 80 389 405 1182 984 758 613 861 510 68 1061 866 1092 798 776 474 497 760 899 459 169 484 689 238 303 790 392 965 541 800 672 558 581 853 680 1057 256 668 45 269 947 693 479 836 1018 835 610 454 426 354 708 1005 546 585 918 157 636 243 907 318 816 812 717 525 841 747 467 875 910 815 494 802 537 72 93 703 175 810 585 1064 986 848 518 542 733 407 710 929 748 692 459 754 618 90 750 347 286 844 517 954 474 741 457 1146 712 293 839 746 1186 513 834 296 268 766 593 446 205 927 303 688 501 628 716 1054 898 830 713 328 956 818 634 292 0 180 569 832 488 300 805 525 1084 501 1066 226 831 791 1150 1051 348 661 318 327 939 842 774 443 859 40 994 909 620 939 129 319 1009 668 409 334 788 837 877 895 1168 742 347 466 894 1001 747
472 281 1012 619 681 206 549 308 885 516 884 677 530 931 848 524 386 707 299 644 1038 115 260 553 742 537 575 818 809 107 283 219 268 372 701 540 339 396 708 121 314 253 955 859 627 28 148 512 592 131 745 538 215 732 459 907 261 609 655 449 936 516 331 215 537 220 890 1041 599 652 968 336 485 579 347 821 410 443 638 826 444 814 356 348 506 685 457 962 1060 794 272 455 590 847 624 512 983 714 248 529 902 299 134 421 569 631 769 1154 666 165 279 138 783 1019 266 406 533 703 741 795 552 296 253 298 462 1053 837 578 586 841 330 183 954 710 984 641 781 326 320 731 737 334 93 306 513 199 183 658 270 809 427 777 695 599 435 752 717 954 317 690 220 90 873 658 327 745 908 655 464 416 253 182 723 906 472 497 762 248 469 282 854 183 637 789 706 409 779 714 427 695 848 636 314 824 382 239 180 523 32 749 470 932 833 844 569 501 554 236 635 754 573 540 298 744 598 212 589 393 153 865 385 792 294 764 282 1027 732 343 666 680 1056 333 733 360 314 633 447 372 59 817 181 656 508 462 632 908 720 860 579 356 878 733 639 120 180 0 524 765 310 189 638 372 992 323 921 264 652 763 1024 941 346 623 283 194 827 672 684 400 680 201 899 760 650 902 161 249 894 547 258 405 805 657 702 809 1054 626 349 475 860 852 568
242 328 586 105 211 420 563 598 426 265 399 164 353 451 475 514 227 227 225 749 612 465 364 31 230 776 190 300 289 493 241 512 410 237 899 211 187 588 666 510 233 407 509 521 225 500 543 13 369 483 230 78 309 750 491 451 296 485 178 136 664 497 203 326 693 477 569 635 131 247 664 654 683 93 366 615 668 171 183 488 326 485 265 622 85 215 257 560 676 298 293 593 324 330 319 270 713 619 650 549 483 588 390 548 180 173 278 781 705 359 655 417 658 658 262 604 361 221 489 337 783 620 633 238 298 711 608 714 79 322 596 628 543 557 576 521 297 355 650 210 623 281 614 630 603 339 353 397 301 634 228 258 270 272 355 342 323 530 354 265 607 504 386 135 370 306 511 842 363 114 467 465 268 474 95 140 601 437 489 341 338 371 737 270 206 240 274 191 102 834 342 742 567 367 390 552 645 745 493 243 234 615 634 341 289 29 766 459 166 766 631 431 413 240 102 655 510 289 388 400 295 664 555 318 647 651 290 320 669 184 720 608 326 340 330 385 361 160 579 429 356 135 159 481 191 662 773 415 357 274 399 278 189 581 569 524 0 268 544 342 590 384 539 535 667 353 842 242 672 541 230 100 253 361 446 642 250 127 842 543 457 561 264 378 440 275 514 283 374 343 340 850 714 350 659 305 234 173 337 629 779
343 595 339 232 313 686 615 760 172 496 377 219 394 184 288 572 397 65 471 800 364 723 553 249 228 884 390 89 102 712 490 778 586 504 971 432 430 715 658 725 498 675 256 350 391 744 804 281 364 697 69 309 553 756 579 196 560 487 295 318 512 556 466 552 779 744 400 398 166 397 490 815 790 282 514 518 803 431 325 327 426 334 437 773 259 313 364 332 448 296 559 696 316 110 281 331 554 593 915 609 254 752 632 660 383 139 16 551 731 602 836 674 604 446 500 730 398 295 399 104 887 789 899 467 547 505 497 787 254 226 750 888 310 513 342 510 319 515 816 177 585 460 858 797 681 597 583 344 508 553 368 199 389 465 457 171 446 290 621 386 872 727 118 182 526 119 293 917 446 380 643 666 354 234 293 273 539 705 572 609 105 593 788 200 256 388 24 165 367 886 84 795 724 402 517 819 903 851 737 33 339 441 537 298 500 297 863 642 132 767 685 468 576 254 267 917 529 552 617 410 439 606 718 390 825 430 379 587 685 86 517 762 170 605 597 350 455 394 816 242 586 195 398 567 147 528 794 448 361 540 133 90 332 799 832 765 268 0 700 576 599 516 280 685 526 621 918 180 465 316 498 198 514 581 259 647 129 389 904 809 212 485 421 191 703 523 311 313 561 603 374 926 725 110 425 263 501 423 178 517 875
357 485 853 649 750 463 258 60 766 672 943 706 341 826 674 248 321 635 369 335 875 394 186 574 771 258 681 777 777 204 370 513 136 526 414 666 385 87 413 188 445 503 816 663 732 319 454 538 400 183 709 598 329 425 188 783 432 361 718 415 697 247 436 271 230 502 681 864 550 758 741 115 184 630 187 568 132 562 714 635 279 620 281 78 482 754 336 790 868 842 446 146 424 804 466 374 740 434 556 240 750 53 295 120 671 564 698 948 359 310 149 381 504 817 329 98 341 763 522 688 271 92 563 329 643 838 592 270 622 852 52 490 790 452 814 383 840 191 116 741 460 263 365 98 207 381 267 464 256 545 337 790 793 737 251 620 834 799 537 788 529 220 782 667 178 634 741 362 271 481 88 143 804 763 455 441 498 512 199 495 804 235 328 801 750 319 721 719 485 391 783 327 24 907 186 541 481 235 314 697 362 715 576 883 723 536 264 104 574 447 267 309 131 784 643 516 326 577 251 942 264 513 24 853 135 833 822 545 364 629 837 64 602 571 521 440 257 394 307 657 264 672 615 196 553 661 411 952 392 532 778 636 718 224 488 310 544 700 0 281 353 185 854 20 676 482 360 771 816 771 490 634 414 237 662 377 584 463 380 504 765 512 766 877 428 351 717 401 177 614 881 366 397 701 870 477 497 593 846 602 278
291 206 828 443 520 208 450 315 697 400 722 502 368 742 669 413 202 517 120 591 854 180 123 373 568 539 428 631 624 153 109 285 163 250 692 404 155 358 603 173 171 238 768 685 481 170 265 332 426 148 558 369 50 650 355 719 151 470 491 259 777 400 172 30 498 263 721 859 410 507 804 365 461 408 208 674 410 299 479 651 283 641 178 350 318 524 279 780 882 627 166 398 417 660 447 335 827 592 386 430 718 304 60 353 420 441 580 979 587 43 342 140 657 845 80 373 373 539 580 606 551 324 379 109 364 883 685 533 411 664 325 338 771 571 802 506 618 183 355 552 611 159 283 335 441 105 14 490 91 670 245 600 547 472 284 567 580 769 260 542 346 163 683 478 191 557 727 640 312 244 194 151 567 720 284 308 624 255 361 217 666 45 581 611 536 227 590 534 253 660 659 583 298 672 250 324 346 515 163 560 288 764 689 675 452 323 543 177 446 671 494 398 190 574 426 369 462 297 47 710 217 665 280 613 337 850 581 264 574 491 887 334 547 291 242 466 296 186 241 634 18 478 360 353 443 755 651 712 412 252 689 544 482 240 300 189 342 576 281 0 525 238 804 283 766 207 637 584 851 759 215 442 138 44 646 568 496 226 654 296 712 612 511 718 189 79 715 370 128 334 649 644 616 620 875 446 221 332 678 703 558
350 713 605 671 791 733 95 393 581 817 943 713 237 650 433 115 403 544 542 212 622 692 404 609 765 357 775 688 699 532 556 807 376 703 388 783 530 288 80 523 631 761 599 395 815 639 769 592 239 507 641 666 556 162 179 589 651 113 759 464 370 125 605 500 240 787 392 594 515 837 424 419 286 681 318 235 353 698 771 379 280 362 389 372 505 794 338 536 581 844 663 226 290 708 320 321 405 81 883 112 525 394 571 234 764 501 589 641 133 568 485 662 152 522 521 291 229 792 248 536 351 426 884 495 817 527 265 225 659 811 367 821 544 129 558 91 855 344 433 719 109 393 709 425 167 626 518 259 446 202 377 762 858 852 260 451 912 563 766 852 849 550 630 663 334 491 498 340 240 595 385 456 848 548 500 450 159 780 169 727 700 494 201 770 764 375 623 697 591 294 664 209 363 937 276 843 818 327 633 613 358 412 237 868 858 600 323 402 516 177 124 160 346 786 685 849 80 767 524 961 339 161 376 898 470 546 873 757 86 565 523 375 441 786 743 249 250 511 650 440 516 674 726 177 480 328 195 986 246 726 616 511 777 573 805 638 590 599 353 525 0 288 634 333 345 722 343 740 515 521 670 641 611 487 436 52 471 583 318 810 561 194 853 790 712 559 466 315 401 819 907 350 128 545 591 338 678 720 776 270 329
174 427 680 485 595 445 218 245 583 561 779 539 169 643 504 177 158 452 265 384 704 409 118 411 603 393 545 595 596 274 276 521 105 431 519 540 262 207 367 273 354 473 638 503 592 366 489 380 232 250 528 448 269 421 126 602 366 239 562 249 565 164 332 211 313 500 528 697 370 617 600 299 299 475 30 450 292 443 564 472 96 458 125 256 312 598 152 621 708 677 379 210 247 622 287 190 612 355 607 199 574 237 286 165 534 381 514 795 362 280 327 376 421 661 238 223 171 604 373 504 400 275 605 217 549 690 466 338 462 678 233 550 618 341 644 273 679 55 301 568 375 118 455 282 231 338 230 299 159 440 161 617 648 612 72 438 694 624 482 642 571 293 597 497 47 450 570 463 98 347 146 201 651 585 290 265 393 492 130 441 621 208 373 627 587 145 537 546 347 463 599 376 208 751 12 558 551 362 360 514 179 567 462 714 608 382 382 154 392 441 273 169 79 618 486 580 225 492 240 783 89 429 204 701 315 673 672 476 342 448 691 246 420 505 459 274 81 256 398 482 229 504 485 120 369 536 429 798 221 449 594 452 569 340 525 372 384 516 185 238 288 0 676 169 550 435 462 597 664 601 396 466 330 201 489 333 400 330 466 527 585 388 628 695 425 274 549 218 117 540 723 470 386 517 706 296 404 470 666 481 396
525 861 78 512 584 944 688 914 113 777 588 494 513 111 201 658 606 312 716 846 94 968 749 524 487 977 669 306 329 921 737 1038 769 776 1022 712 676 842 664 928 760 940 38 250 667 975 1053 552 457 901 343 588 792 762 691 88 819 542 570 551 376 647 726 777 861 1005 276 143 417 671 327 963 891 562 685 455 928 708 602 256 581 273 639 915 508 583 543 124 202 537 820 803 430 295 389 492 398 592 1169 690 110 908 864 779 663 377 267 293 761 837 1002 920 569 231 736 853 515 562 386 204 975 946 1155 700 826 288 422 855 534 440 897 1135 103 512 113 546 565 695 969 442 572 662 1085 952 768 846 809 400 723 500 566 445 657 743 605 241 710 76 892 654 1126 938 170 462 702 248 139 974 583 645 820 860 616 91 539 500 511 969 681 875 276 810 835 441 524 586 285 436 632 925 240 843 876 639 672 1080 1146 944 967 312 525 291 469 518 780 568 948 824 378 765 750 561 750 511 547 1164 589 828 839 634 621 568 876 643 989 202 639 859 711 356 303 909 260 879 867 421 598 638 1036 201 810 475 678 679 368 414 809 677 463 813 149 267 608 1002 1084 992 539 280 854 804 634 676 0 836 403 885 977 433 253 127 765 478 770 798 201 669 310 651 951 1065 92 456 695 342 955 766 174 460 755 880 615 984 740 191 173 380 770 702 370 435 956
343 488 833 639 742 470 239 78 748 670 934 696 323 809 654 228 310 620 367 323 856 404 182 564 761 258 676 763 764 217 368 523 132 525 410 662 380 77 395 202 445 509 798 643 726 331 467 529 381 195 696 590 330 409 167 765 434 341 710 405 677 227 434 271 221 512 661 844 536 752 721 130 179 622 174 548 135 559 707 616 262 600 271 88 471 746 321 771 848 833 448 131 406 790 448 358 719 414 571 221 731 72 302 102 666 550 683 928 343 314 168 389 485 797 327 91 322 755 501 671 269 111 576 325 643 818 571 259 613 841 64 505 771 432 795 363 831 180 133 730 440 253 382 116 191 385 270 445 252 525 324 779 787 734 234 602 829 780 541 781 543 233 765 657 166 617 722 357 253 475 89 151 796 745 445 429 478 520 179 499 789 238 315 790 741 307 706 708 479 383 768 315 40 899 170 552 497 233 327 683 347 695 556 873 721 528 260 107 560 431 251 289 122 774 635 531 306 578 256 934 251 494 44 845 154 813 815 547 347 616 817 77 585 574 524 421 239 387 323 638 267 662 611 176 538 641 397 944 373 533 761 620 711 241 501 323 535 685 20 283 333 169 836 0 656 487 355 759 796 752 489 624 414 239 643 359 568 457 373 516 747 492 760 863 437 351 698 384 173 616 873 362 381 684 850 459 496 590 833 582 275
494 909 342 704 816 961 433 725 412 931 902 721 398 471 244 430 582 502 733 526 348 946 663 671 749 696 851 603 622 823 752 1048 655 862 690 878 703 626 331 820 810 976 380 179 873 915 1030 675 343 799 592 742 780 412 489 405 852 318 789 590 31 429 776 737 582 1021 134 303 544 888 92 758 630 737 574 110 696 824 813 199 484 194 593 709 593 817 498 280 268 821 859 567 366 610 354 448 63 270 1150 446 318 724 823 566 841 509 511 304 437 809 819 906 214 208 730 631 394 805 190 426 688 759 1145 695 955 192 85 560 709 750 701 1097 300 225 294 293 842 596 770 697 242 609 1004 760 511 849 764 286 675 146 540 724 892 934 487 359 950 328 956 888 1112 842 488 672 594 411 274 653 458 728 684 748 865 348 607 549 186 1001 477 925 594 749 518 727 768 551 547 680 719 589 551 526 691 926 540 1088 1099 668 908 555 500 112 108 824 956 689 660 697 521 408 467 382 626 774 732 1127 350 926 782 936 550 208 700 908 804 239 892 935 392 545 184 710 366 963 931 307 475 671 946 286 764 686 826 481 486 17 463 973 357 894 465 445 820 882 1066 921 667 526 676 766 345 550 403 656 0 926 657 705 193 276 836 667 803 739 269 352 438 723 622 1062 371 165 909 684 953 768 241 416 664 982 898 663 402 425 288 365 844 835 691 75 664
433 26 924 423 452 75 652 509 772 258 649 475 535 803 787 612 345 575 194 798 950 157 328 376 532 739 335 650 636 310 175 160 370 132 896 293 225 563 801 333 126 55 852 817 384 236 208 340 585 319 581 334 167 854 557 797 75 654 433 349 933 598 161 227 704 125 859 967 468 407 950 554 666 374 405 845 609 214 410 783 457 775 342 547 378 456 429 888 999 569 68 605 561 678 581 479 983 783 301 632 816 498 189 561 331 508 630 1102 792 173 514 126 843 971 203 577 541 479 737 681 752 511 282 234 199 1016 851 740 391 636 523 291 874 751 907 691 552 380 540 536 799 332 327 522 648 103 219 641 276 847 386 575 451 344 467 666 465 866 57 447 259 307 738 471 391 641 835 844 493 241 398 343 485 812 350 399 804 84 563 19 689 250 789 587 491 376 627 524 254 866 695 790 498 582 447 199 313 717 234 596 427 905 861 622 309 325 746 380 507 875 699 581 396 528 393 316 653 132 232 623 390 851 478 520 514 970 490 79 776 536 1023 530 647 97 51 620 479 260 321 746 222 465 275 554 519 917 857 613 570 103 750 618 409 373 226 264 353 621 482 207 722 435 885 487 926 0 842 566 981 868 125 440 124 251 760 768 580 234 860 195 798 783 401 716 113 164 831 511 334 143 566 848 819 694 986 575 123 240 670 870 761
610 843 946 940 1054 822 304 344 921 1016 1230 991 527 989 776 347 619 857 712 133 963 748 528 868 1051 120 1006 1006 1013 555 716 866 479 875 57 1000 718 279 328 535 794 862 942 736 1054 667 799 840 556 537 950 909 684 250 353 930 788 442 1020 707 687 363 780 624 150 858 729 932 804 1079 746 319 176 935 484 556 242 899 1024 722 520 705 587 305 765 1057 591 877 913 1128 802 252 603 1029 640 600 710 395 888 310 868 354 655 299 996 802 911 961 222 669 388 739 443 853 675 265 521 1061 591 868 103 356 899 666 993 849 590 132 920 1114 325 819 887 468 899 432 1133 502 337 1011 421 577 683 347 242 739 624 592 596 513 614 1058 1109 1072 489 784 1156 906 896 1103 868 567 964 945 488 819 841 6 487 807 444 502 1110 891 748 713 483 871 356 853 1022 593 143 1067 1040 603 942 988 808 80 990 135 347 1208 454 890 805 129 663 927 617 743 552 1160 1064 843 98 462 815 261 234 450 460 1069 944 841 396 930 610 1239 548 449 367 1161 380 879 1132 902 271 870 842 320 773 929 879 578 485 716 632 782 621 953 946 364 783 640 201 1257 558 885 952 835 1029 542 831 652 842 918 360 637 343 462 977 355 657 842 0 1037 843 863 839 916 765 593 778 313 790 790 45 852 902 530 1090 1109 785 703 808 609 520 970 1180 8 255 878 926 657 846 929 1089 588 84
430 540 502 145 157 639 739 828 337 379 205 92 514 323 468 692 450 208 466 928 524 696 599 211 55 986 265 127 104 735 481 725 642 436 1092 314 429 804 807 752 460 617 417 530 247 739 768 252 501 724 113 233 549 901 686 359 522 628 153 356 691 676 435 567 891 691 579 564 233 245 670 884 891 192 586 689 888 354 185 505 520 511 491 848 289 156 450 505 617 117 516 797 450 143 424 436 734 747 868 729 428 818 631 756 262 239 195 719 868 599 891 649 766 622 504 820 520 132 566 283 991 852 847 480 441 681 671 905 179 82 823 853 482 670 512 656 139 580 882 32 742 511 852 861 795 573 595 497 540 721 436 22 225 325 552 346 277 459 551 223 825 746 264 107 593 294 470 1036 550 348 700 704 183 406 318 332 702 646 681 551 161 613 916 31 96 453 162 52 336 1015 193 922 795 222 601 763 873 953 733 150 423 620 709 128 367 262 970 694 225 914 810 594 640 79 173 880 664 467 630 233 510 770 785 213 882 604 207 513 826 176 694 835 342 524 531 498 554 402 820 421 598 107 301 674 261 706 934 268 494 470 287 261 190 823 791 763 242 180 771 584 740 597 433 759 705 566 1037 0 641 491 443 142 485 602 439 791 281 363 1029 761 381 650 268 152 666 515 490 431 608 509 194 1044 868 288 593 405 444 334 105 692 983
561 960 178 681 777 1027 594 870 308 933 821 681 496 349 197 580 653 464 793 710 175 1029 765 668 692 872 838 523 544 935 813 1119 768 895 879 873 757 779 515 936 857 1034 245 166 849 1013 1115 683 433 912 534 739 854 602 632 291 908 459 756 632 162 576 822 822 755 1089 135 122 541 858 101 909 799 723 683 287 856 842 784 200 581 211 674 860 614 777 572 140 76 755 913 726 435 520 406 517 162 449 1236 603 213 867 911 716 830 500 449 132 621 891 963 985 402 22 800 786 494 760 295 362 866 904 1227 763 970 40 253 738 694 668 848 1189 165 387 141 445 780 701 920 642 422 694 1113 907 675 919 851 366 761 330 609 658 853 919 594 330 910 193 1001 850 1195 953 388 638 702 373 172 839 566 757 807 864 819 238 637 583 361 1062 620 976 502 843 702 657 721 625 480 630 746 778 460 710 834 860 655 1161 1196 842 1006 498 565 103 292 745 948 699 837 817 509 599 639 508 742 718 713 1220 501 955 876 862 640 397 840 854 949 54 844 975 574 513 53 858 346 999 976 392 583 721 1058 244 852 652 828 622 482 209 653 903 446 930 364 406 791 1004 1150 1024 672 465 816 851 515 664 253 796 193 981 843 641 0 151 875 643 858 832 227 532 422 757 809 1139 263 321 882 581 1027 836 159 482 768 1011 834 849 589 355 100 408 882 845 601 255 842
470 845 84 538 629 920 583 829 157 796 670 534 433 203 98 558 558 323 686 731 104 932 688 533 542 871 697 371 393 861 707 1013 701 771 906 735 648 749 544 866 742 922 104 128 704 927 1018 552 372 840 385 602 755 641 598 142 797 437 610 520 251 549 707 731 754 982 149 100 410 712 205 875 788 583 615 330 833 712 639 143 510 160 585 826 491 630 485 21 136 604 800 705 356 369 319 430 277 473 1137 587 63 824 819 686 689 368 301 241 645 796 920 886 445 131 699 759 432 611 274 215 868 863 1126 662 838 191 297 745 554 516 810 1096 25 395 43 437 629 629 882 493 451 608 1033 867 664 815 762 308 672 375 515 507 705 776 529 202 762 52 882 702 1095 879 237 494 633 235 33 860 505 635 747 795 669 87 518 470 389 950 587 860 351 758 720 506 573 533 330 481 623 807 309 728 792 709 595 1055 1105 839 920 349 472 166 343 594 808 569 840 754 375 643 640 467 679 568 572 1127 484 828 789 711 560 444 794 704 906 114 695 853 595 371 204 821 221 876 857 332 521 610 981 125 763 507 692 587 353 287 689 752 381 807 213 265 646 937 1051 941 541 316 771 759 521 601 127 752 276 868 863 491 151 0 755 501 746 747 114 552 291 637 835 1036 112 336 736 432 925 733 56 395 693 883 683 870 620 207 119 315 761 712 450 309 848
347 99 808 299 338 196 612 529 652 185 540 352 460 680 679 568 270 454 130 777 834 259 311 251 412 747 229 525 511 358 123 284 360 36 895 196 141 561 750 380 45 178 734 714 281 319 326 217 501 359 457 210 166 814 521 677 86 587 316 247 840 552 65 219 694 250 759 853 349 306 851 580 664 251 367 763 621 98 295 680 392 674 281 563 264 342 349 775 889 454 76 590 470 553 484 392 890 722 426 593 702 517 232 544 223 391 507 992 757 202 556 215 776 863 164 576 466 363 648 561 758 539 406 178 155 912 765 725 266 514 537 411 760 680 793 625 439 345 570 412 734 279 425 550 623 147 229 551 244 771 305 453 349 260 410 553 373 751 127 344 383 361 615 347 358 524 723 840 431 121 402 366 377 695 238 293 730 208 525 112 564 260 766 465 372 300 503 399 134 852 571 769 509 478 407 324 431 721 314 472 340 805 781 506 237 201 748 387 387 834 668 518 379 409 270 437 595 98 257 519 331 784 492 417 552 861 386 100 734 413 919 547 535 126 102 532 420 167 406 636 233 341 163 515 403 828 824 514 487 58 628 500 296 436 348 346 230 498 490 215 670 396 765 489 836 125 839 443 875 755 0 316 77 255 651 719 465 118 850 319 680 703 305 592 225 139 722 421 319 150 459 846 779 575 874 476 8 129 547 785 763
307 414 535 38 154 510 626 690 368 299 314 74 406 381 451 579 313 179 325 815 560 561 459 70 137 858 195 210 196 592 340 600 503 315 973 235 287 672 713 610 326 493 453 505 208 599 636 111 407 582 144 113 408 802 564 393 389 531 124 219 659 561 299 425 768 565 555 590 130 221 650 746 764 84 452 630 755 238 146 475 396 476 353 712 154 157 326 519 636 212 385 671 357 238 341 323 706 659 741 614 440 680 490 628 188 159 211 741 763 458 751 513 689 627 362 688 413 152 503 287 864 713 722 338 349 683 618 786 56 223 686 722 499 589 532 563 217 444 743 110 659 372 713 723 675 436 453 420 398 655 305 159 228 276 428 317 286 482 433 223 698 604 315 35 458 271 474 916 430 210 560 563 210 425 179 204 629 523 560 427 249 471 803 170 125 320 197 91 198 901 260 809 658 296 471 639 740 826 593 167 299 600 650 249 306 122 844 554 146 817 696 486 503 152 71 749 562 357 488 323 377 694 647 258 742 615 235 397 723 131 694 698 305 413 411 414 431 259 679 403 456 38 200 553 182 665 831 346 397 351 331 238 153 681 661 623 100 198 634 442 641 466 478 624 667 440 916 142 643 501 316 0 349 460 421 693 229 224 912 634 405 582 243 280 534 375 484 326 468 407 267 924 768 298 616 324 318 226 238 639 858
309 107 805 340 398 175 548 452 657 262 601 397 414 692 664 505 223 463 71 707 832 212 237 280 460 671 297 553 542 283 55 268 285 112 821 268 101 486 691 305 34 176 736 693 350 257 290 240 462 283 482 256 89 751 455 682 51 536 372 226 808 490 50 143 621 236 735 846 354 375 825 503 590 297 301 722 545 165 356 659 339 651 224 486 262 402 306 767 877 510 57 518 437 582 457 355 859 668 402 529 697 440 160 472 289 393 521 979 691 129 479 164 726 847 92 501 420 420 613 565 683 462 386 116 229 893 728 654 306 561 460 375 754 632 786 574 498 277 493 453 683 218 368 473 554 88 152 517 173 726 263 497 417 335 352 545 446 747 157 412 358 289 629 382 290 523 714 767 377 139 326 289 441 694 231 277 684 204 459 122 591 182 696 509 424 254 523 438 151 780 592 699 433 544 341 310 392 646 251 492 303 781 739 561 314 227 673 310 393 771 601 465 306 461 316 403 539 166 180 584 274 734 415 484 475 848 453 146 671 428 899 470 526 175 133 496 364 137 342 624 156 379 229 450 402 793 758 583 447 121 639 503 357 365 318 283 253 514 414 138 611 330 770 414 803 124 765 485 858 746 77 349 0 178 638 659 462 126 778 296 681 661 377 629 189 62 709 387 245 211 524 772 715 579 865 451 84 198 586 747 688
277 250 818 464 547 248 409 274 693 439 749 523 343 741 654 373 193 520 147 547 843 209 83 392 590 495 462 641 635 133 141 320 120 291 648 440 177 314 564 149 211 280 761 667 515 181 291 351 403 122 569 395 92 608 314 715 195 437 518 264 752 362 207 38 454 300 700 846 415 541 781 325 417 433 172 644 367 335 508 633 256 622 161 308 327 552 263 767 867 652 209 353 398 670 431 318 801 556 411 389 708 262 85 310 453 444 584 962 545 82 307 175 621 827 105 329 347 566 555 603 507 285 407 123 406 863 657 489 433 683 282 359 760 539 789 472 645 147 316 571 576 140 287 296 398 149 32 468 76 638 233 619 579 509 253 559 614 760 304 574 373 147 685 495 154 553 714 595 282 270 150 113 597 712 293 309 591 296 321 261 675 12 538 631 560 214 597 551 278 615 665 539 255 701 213 357 363 471 174 568 276 743 658 698 491 344 499 133 450 629 451 365 147 597 450 389 426 340 43 740 193 630 237 644 301 834 612 308 533 498 866 292 539 336 286 444 265 201 238 622 30 496 394 313 443 727 608 743 389 295 688 542 511 221 327 194 361 581 237 44 487 201 798 239 739 251 593 602 832 747 255 460 178 0 633 529 493 252 609 327 706 582 545 731 225 117 700 353 87 378 678 600 575 618 860 432 262 368 693 674 514
356 739 191 459 561 811 487 720 155 707 634 465 321 222 30 457 444 245 576 648 215 820 574 442 485 776 614 334 353 747 596 903 587 669 824 648 538 644 471 752 635 814 164 91 628 813 906 456 261 725 327 513 643 571 493 157 689 341 538 412 253 447 600 617 660 872 140 214 315 639 232 767 690 499 501 282 729 615 565 74 396 86 472 719 388 562 370 135 239 555 693 603 243 340 204 316 295 400 1026 489 91 715 706 581 605 274 244 341 565 683 810 774 387 213 587 655 321 547 190 157 774 753 1015 550 744 265 255 655 470 481 702 983 129 318 157 347 578 515 774 434 383 493 919 758 567 704 648 201 558 324 401 458 638 696 417 105 696 138 778 635 983 765 223 419 520 151 82 775 393 532 634 681 607 113 413 362 325 842 482 754 326 644 637 459 509 419 279 419 521 728 282 644 683 661 483 945 992 743 806 290 358 182 299 555 724 472 747 641 283 576 549 362 565 511 490 1014 388 729 675 669 445 388 684 647 796 210 633 750 515 292 275 713 119 774 752 223 409 501 867 18 649 433 602 481 255 273 616 707 269 705 203 185 571 823 939 827 446 259 662 646 436 489 201 643 269 760 778 439 227 114 651 421 638 633 0 473 196 533 754 926 126 268 662 416 814 622 71 281 579 785 633 785 546 155 229 201 657 618 422 273 755
402 759 634 724 844 776 123 411 621 869 994 765 289 690 467 156 453 593 591 180 650 731 446 661 816 344 827 736 747 565 604 848 415 753 354 835 579 305 37 554 679 805 634 424 867 674 806 644 290 540 691 718 601 110 216 628 698 164 811 516 380 169 654 543 231 829 416 619 566 889 437 431 284 733 363 246 359 749 823 412 331 395 438 386 558 846 390 565 601 896 710 240 341 755 369 373 410 83 918 143 560 414 612 257 817 552 637 654 93 610 500 703 144 541 568 305 282 844 283 581 336 443 920 543 867 541 279 207 712 861 385 855 576 157 587 137 907 388 446 770 111 441 739 441 177 670 560 304 491 207 428 813 910 904 310 495 964 596 813 905 886 583 673 715 378 537 531 309 290 646 418 490 900 585 552 502 171 824 208 773 746 535 170 820 816 426 671 748 643 256 710 178 384 988 321 883 850 316 668 662 410 431 244 919 909 652 307 436 567 125 122 212 385 838 737 883 132 816 564 1012 388 151 399 950 486 567 925 805 43 616 535 391 486 834 790 297 300 562 680 478 558 726 778 216 530 335 147 1038 298 774 659 558 829 600 842 672 642 647 377 568 52 333 669 359 352 768 313 791 532 552 719 693 659 529 473 0 520 634 284 849 598 217 905 837 753 605 497 366 442 867 959 320 78 588 613 388 727 772 825 280 311
231 557 344 267 377 636 486 644 201 511 485 283 266 250 226 443 301 73 406 671 371 658 452 246 317 757 420 218 227 619 427 730 479 480 842 452 366 593 532 629 454 634 275 276 437 666 743 262 235 601 173 317 482 629 453 224 511 359 351 241 430 428 419 469 651 697 326 388 119 450 421 698 664 304 401 411 681 421 375 246 306 247 337 654 202 379 251 311 426 394 514 570 187 239 152 210 477 469 860 480 237 637 555 535 410 78 121 531 603 528 725 610 486 408 426 607 271 367 286 111 759 675 846 390 549 461 395 658 276 343 632 824 295 391 329 383 411 406 700 266 463 361 778 682 553 536 501 219 417 441 265 302 454 502 336 92 512 286 592 449 817 636 198 234 415 62 261 788 322 344 534 565 428 232 231 190 422 663 446 572 233 505 659 307 331 285 153 246 331 758 203 666 608 496 399 772 836 724 659 142 228 372 430 407 528 278 735 536 87 641 557 339 465 342 297 854 400 537 532 512 329 489 604 472 713 401 454 562 557 108 471 644 77 585 566 223 333 328 731 179 503 247 406 441 61 437 666 544 232 516 198 52 382 703 774 684 250 129 584 496 471 400 310 568 438 580 790 281 422 291 465 229 462 493 196 520 0 347 775 756 220 370 472 320 646 456 264 188 459 592 467 797 598 125 410 134 470 423 305 416 747
243 210 691 219 295 297 537 511 538 235 497 278 359 569 561 490 182 341 106 713 717 338 276 154 343 711 219 427 416 379 119 389 326 139 847 210 78 520 662 398 110 289 618 597 269 375 417 114 395 373 356 144 187 735 452 562 171 491 266 134 725 473 77 215 642 356 642 735 234 295 735 566 621 182 306 655 592 115 256 563 303 557 206 540 146 299 249 657 771 401 170 538 359 456 370 285 776 627 526 519 584 500 268 491 209 274 397 874 682 236 557 290 677 745 148 537 366 314 536 446 720 528 510 135 238 794 655 669 186 441 513 501 642 578 676 529 393 288 559 331 637 214 489 539 561 212 238 440 207 666 207 377 331 282 326 435 372 633 245 326 483 389 506 259 303 407 605 791 343 18 379 363 346 579 120 176 627 318 453 225 465 261 702 389 310 208 398 314 27 793 466 705 485 450 340 430 518 682 369 366 235 688 673 449 279 102 705 368 272 754 599 426 337 348 200 529 505 203 273 488 251 684 470 393 550 743 362 217 654 303 802 525 417 242 220 422 335 75 457 518 242 256 155 444 286 716 751 493 380 173 516 384 259 466 443 400 127 389 463 226 583 330 651 457 723 234 790 363 757 637 118 224 126 252 533 634 347 0 796 420 564 596 303 504 314 152 604 311 286 259 426 798 699 460 756 360 124 140 462 675 720
605 860 918 937 1053 843 291 371 899 1025 1225 986 516 967 750 336 621 845 722 106 933 773 541 867 1045 157 1010 993 1001 580 728 891 493 887 71 1006 726 296 295 561 806 882 916 708 1057 693 827 840 541 561 939 911 699 211 350 907 803 423 1019 706 651 353 790 638 157 882 699 901 796 1081 711 351 196 934 490 523 271 907 1025 695 517 678 591 332 763 1056 587 848 880 1123 817 260 589 1015 625 593 673 364 919 300 842 381 675 307 1000 792 896 925 191 687 423 761 408 820 687 283 510 1059 565 850 141 386 929 675 1005 813 557 128 918 1104 350 850 859 440 870 409 1129 510 369 1004 389 583 716 378 238 757 641 573 607 479 614 1050 1110 1078 486 765 1159 879 913 1104 897 593 945 939 495 802 814 40 482 812 462 523 1110 866 747 709 451 893 352 871 1008 610 118 1059 1037 603 928 981 813 36 974 110 370 1206 457 917 837 159 689 914 613 710 517 1154 1072 844 129 480 806 220 219 438 472 1064 943 872 378 943 629 1235 550 413 390 1160 413 847 1132 917 241 859 806 346 754 945 895 560 482 722 663 758 638 948 951 361 773 604 161 1255 544 898 932 820 1030 573 859 680 842 904 380 654 318 466 951 373 622 860 45 1029 809 835 850 912 778 609 754 284 775 796 0 879 879 500 1094 1095 808 716 781 599 533 985 1178 47 220 859 894 642 858 936 1077 554 117
578 221 1099 618 644 123 727 508 953 434 837 669 663 988 950 696 487 759 351 839 1125 118 409 568 727 738 525 842 829 300 330 41 435 326 901 480 390 591 885 318 310 146 1031 973 571 186 55 530 721 321 773 528 285 919 633 977 249 764 627 517 1072 685 342 325 734 72 1011 1136 650 592 1096 537 684 568 499 970 610 408 602 939 578 929 470 548 558 648 569 1057 1165 761 250 646 707 871 733 624 1122 882 107 707 989 499 242 609 522 689 817 1264 854 253 478 156 948 1131 339 602 668 671 874 861 753 497 90 377 367 1172 981 774 585 830 529 107 1045 866 1077 799 742 474 520 731 902 453 204 507 701 221 300 783 386 964 531 770 636 521 579 837 643 1040 220 632 64 286 925 665 480 818 1004 856 607 429 437 366 673 988 526 568 918 120 642 211 881 319 831 782 685 516 817 718 442 893 885 831 511 766 539 38 133 724 190 785 574 1055 984 814 481 516 754 418 689 941 759 692 465 722 588 125 752 311 287 808 512 956 491 705 482 1134 676 258 848 723 1177 533 818 258 234 759 591 428 233 912 300 659 468 634 697 1050 911 793 706 294 935 798 601 318 40 201 543 809 504 296 810 527 1065 516 1062 195 852 761 1139 1036 319 634 296 327 926 849 756 420 879 0 976 907 583 910 112 304 996 658 411 295 752 858 887 875 1154 731 317 433 865 998 768
432 774 130 441 524 856 608 824 45 704 558 431 424 101 138 575 514 231 626 773 155 878 657 445 434 896 600 260 282 828 647 950 677 692 949 640 586 755 597 836 672 853 56 199 603 883 963 469 370 809 279 511 701 697 605 33 731 462 507 460 349 564 638 685 781 917 238 186 331 609 311 874 808 488 593 403 842 627 537 194 490 209 546 827 420 524 451 124 237 493 732 719 340 257 299 400 382 526 1080 609 54 818 772 693 592 290 197 339 691 746 911 830 512 242 645 767 426 505 316 120 894 857 1066 609 749 303 373 777 460 405 808 1044 100 444 131 471 519 603 879 385 508 570 992 862 686 756 717 316 630 446 473 397 600 677 515 149 655 78 807 597 1037 845 125 393 610 158 100 900 494 559 728 768 562 25 450 409 450 882 595 789 239 718 762 395 466 493 222 376 547 854 197 769 787 598 581 991 1055 863 875 245 433 267 419 482 711 486 868 732 293 702 672 476 659 459 475 1074 510 746 747 599 529 512 786 595 898 222 587 776 641 278 316 820 168 797 782 336 508 548 944 121 718 407 602 593 280 379 742 640 375 729 101 180 544 909 994 899 457 212 765 712 561 585 92 747 371 798 902 381 263 112 680 405 681 706 126 598 220 564 879 976 0 394 633 321 866 676 131 368 663 800 572 909 672 108 213 289 685 624 338 389 877
355 768 418 618 736 811 275 561 422 817 855 646 248 490 258 266 438 442 590 397 433 790 503 571 686 551 750 571 586 660 608 896 492 731 571 770 565 464 208 657 672 830 424 208 780 754 873 567 201 635 541 639 629 305 325 425 708 153 706 463 185 265 640 582 435 870 199 402 453 798 233 596 478 642 413 63 538 704 725 201 330 185 443 547 480 738 355 348 386 764 717 408 239 585 243 311 228 137 993 285 350 560 666 403 740 425 471 448 310 654 655 752 121 328 582 470 242 730 86 400 545 596 989 548 833 335 80 419 616 710 538 937 360 66 370 129 780 436 608 635 116 457 841 597 355 699 608 164 521 74 399 672 810 833 329 317 867 382 817 805 955 679 484 595 433 366 317 527 300 603 520 585 790 377 487 429 57 853 313 783 573 591 387 677 697 407 508 615 595 472 532 395 527 865 377 935 939 521 747 507 363 218 78 776 848 579 517 533 439 309 318 219 463 710 640 967 187 796 624 882 397 123 536 836 641 352 816 800 260 477 332 547 314 828 792 176 317 536 783 278 607 608 716 317 401 150 353 913 216 761 466 395 732 717 909 760 561 485 512 612 194 388 456 492 165 783 530 650 321 336 703 582 661 582 268 217 370 596 500 907 394 0 818 666 800 621 283 286 503 852 835 537 284 405 397 259 710 719 662 93 523
504 377 759 205 112 475 822 812 592 150 258 202 617 588 693 774 472 418 399 1006 783 555 579 248 214 1014 85 393 371 660 404 543 629 278 1147 110 380 823 929 681 343 439 675 748 38 623 607 261 631 659 354 187 463 1012 745 615 389 749 126 392 902 757 338 507 941 511 798 818 367 24 893 867 924 176 606 869 896 212 98 718 584 719 504 842 348 113 518 752 868 204 378 838 584 411 575 533 949 883 683 807 674 801 536 792 95 400 436 972 965 505 851 516 920 864 442 840 624 137 742 521 1023 828 659 437 219 922 859 966 202 301 816 687 731 818 763 784 177 590 859 253 886 515 724 839 856 452 524 654 509 891 484 262 57 67 612 559 69 711 363 55 644 665 525 243 605 511 711 1091 623 286 681 658 103 655 354 404 861 463 744 382 428 552 994 271 173 492 412 258 283 1088 457 998 787 183 637 574 711 985 618 388 496 843 888 255 113 254 1008 668 388 1029 888 694 640 194 178 708 773 273 555 225 544 925 772 123 846 850 96 327 931 371 933 827 548 325 353 645 619 375 710 644 528 229 151 736 424 907 1034 212 620 298 546 477 91 741 620 650 264 421 766 511 853 628 695 760 909 401 1090 268 882 736 305 243 377 545 662 905 472 303 1094 583 633 818 0 407 514 431 724 546 589 293 172 1098 977 529 846 559 301 179 362 880 1022
522 689 419 293 300 788 805 936 277 529 247 243 583 234 440 762 562 251 603 991 436 841 717 350 197 1072 415 103 99 864 619 875 755 586 1162 464 563 898 846 879 606 767 339 505 392 878 915 390 555 852 167 382 686 945 767 291 668 677 302 472 665 746 579 698 968 840 551 484 327 385 631 991 977 342 689 693 985 505 334 489 608 500 603 951 406 298 543 441 542 215 663 883 506 82 471 516 701 780 1017 799 375 927 768 845 413 315 200 635 922 737 1007 793 786 560 638 913 588 272 580 266 1075 962 997 610 592 620 668 977 325 110 927 1001 417 699 442 700 244 687 991 180 770 625 992 971 870 716 727 533 663 731 540 149 357 469 640 349 401 389 702 357 974 877 197 246 700 302 420 1107 632 490 813 826 311 347 439 437 721 796 760 701 92 742 979 139 243 559 167 192 478 1077 134 986 901 306 697 913 1019 1038 872 183 517 585 711 182 513 402 1051 810 303 955 876 658 749 214 323 1027 720 619 762 295 613 788 893 324 996 536 329 664 875 248 634 940 354 676 682 540 640 532 957 401 730 251 452 755 329 689 984 340 552 621 221 278 338 952 939 902 378 191 877 718 790 695 342 863 684 716 1109 152 581 432 592 280 629 731 416 837 320 504 1095 910 321 666 407 0 813 653 448 501 725 661 286 1116 915 263 514 453 593 485 47 687 1063
467 136 988 521 561 45 632 443 844 371 760 576 554 880 839 598 375 651 240 758 1014 47 308 466 636 676 446 741 729 232 219 96 340 240 837 405 279 514 789 255 208 92 921 861 496 136 102 428 611 249 670 434 174 829 538 868 145 659 540 406 962 587 237 218 657 76 900 1025 542 519 986 480 612 474 396 862 545 320 518 827 470 818 360 482 449 565 458 946 1053 677 150 563 596 770 622 512 1012 781 214 612 878 432 142 523 441 580 710 1153 765 146 431 50 845 1019 228 526 559 586 764 752 690 438 201 265 311 1061 873 696 488 739 460 188 934 760 966 695 661 371 465 635 800 344 215 449 614 110 195 672 278 859 419 677 563 457 473 726 578 929 161 559 171 224 818 567 379 707 892 788 501 326 351 285 596 877 417 457 813 89 545 132 779 218 750 689 596 405 712 621 339 819 781 750 439 694 437 136 207 658 135 681 463 944 877 730 422 414 688 332 581 850 670 587 369 634 494 215 650 245 190 736 403 854 419 632 433 1022 602 191 755 616 1066 466 706 203 163 649 485 317 215 801 196 562 384 537 587 941 825 726 596 215 827 689 518 279 129 161 440 703 428 189 712 425 955 437 953 113 785 666 1027 925 225 534 189 225 814 753 646 314 808 112 866 800 514 813 0 192 884 547 311 248 677 791 796 766 1043 619 225 349 769 890 702
277 154 796 371 442 193 492 390 656 323 646 430 373 696 646 450 186 468 52 646 822 202 175 304 495 609 349 571 562 231 34 284 223 175 758 325 93 424 638 252 94 209 731 670 402 225 287 263 426 228 499 294 34 694 398 679 93 490 414 216 776 436 93 81 559 254 709 833 358 428 797 442 527 334 244 683 482 220 401 636 294 627 178 424 264 446 271 753 861 551 105 457 407 600 431 323 826 619 405 472 686 379 116 411 341 394 529 960 634 84 421 154 679 827 39 439 379 463 579 564 620 401 393 74 292 869 691 592 339 593 398 369 742 588 774 527 542 219 432 483 635 168 339 412 494 83 93 485 115 684 230 529 468 393 303 534 500 738 208 463 362 239 635 409 231 518 700 704 329 169 264 228 489 686 231 267 640 233 403 168 607 122 636 541 462 217 535 465 179 719 604 638 370 593 285 325 381 584 219 504 272 754 699 600 375 253 611 248 396 715 543 417 245 500 352 398 489 228 125 632 227 687 353 534 416 830 503 204 615 437 875 408 515 232 186 462 315 129 305 608 97 408 281 394 399 758 700 633 411 183 642 501 404 316 319 249 275 523 351 79 559 274 766 351 768 164 703 515 836 733 139 375 62 117 622 605 456 152 716 304 676 621 431 653 192 0 692 357 183 270 571 710 659 578 850 427 146 253 612 709 625
423 809 140 522 620 881 527 775 173 774 678 524 380 231 46 502 513 306 646 676 160 889 639 509 539 815 679 377 398 811 667 974 650 740 851 714 609 694 491 816 706 885 145 75 691 881 976 525 318 790 380 580 712 588 543 164 759 381 598 482 218 493 671 685 699 943 107 148 383 701 183 820 732 564 564 281 778 684 626 87 459 104 539 771 459 621 437 73 169 605 763 649 306 378 270 382 252 419 1095 531 78 770 774 630 670 342 295 271 590 752 866 843 395 144 657 704 379 604 218 207 812 808 1085 620 812 199 249 689 535 524 756 1052 79 341 97 381 629 578 828 488 398 561 985 813 608 774 716 253 626 326 470 508 697 760 477 172 754 99 849 693 1053 830 251 480 582 214 36 805 452 602 695 745 664 108 484 432 337 913 532 825 362 711 665 508 566 487 328 475 591 753 318 673 738 711 543 1015 1061 783 873 343 426 137 295 600 789 541 784 702 350 591 585 412 627 565 554 1083 428 799 743 716 511 394 740 701 852 139 689 821 540 354 209 766 188 845 823 278 468 572 932 86 717 494 669 531 324 249 636 756 328 775 228 247 633 886 1009 894 514 311 717 715 466 549 174 698 241 831 808 490 159 56 722 484 709 700 71 497 264 604 781 996 131 283 724 448 884 692 0 347 643 854 684 815 567 201 160 268 728 686 461 263 792
80 493 469 358 478 550 309 461 365 532 631 398 83 425 301 263 172 250 318 498 494 548 293 299 452 571 473 398 404 466 338 641 310 448 664 488 287 405 387 472 393 562 421 315 508 534 634 287 87 445 341 361 373 476 266 384 436 205 445 177 422 247 360 340 467 612 352 494 201 528 440 513 477 371 225 344 493 418 459 281 123 271 193 468 199 481 91 415 514 531 444 382 50 423 77 35 472 337 754 300 361 454 430 347 462 193 308 609 439 409 545 503 376 475 320 419 89 478 227 287 573 492 746 283 547 514 345 477 348 506 447 708 409 275 438 239 541 236 517 407 341 214 638 499 369 440 371 131 280 357 128 453 546 553 150 220 601 412 540 541 713 484 382 349 242 233 363 608 135 318 360 402 534 370 202 145 321 588 259 509 419 365 486 461 450 143 336 385 310 584 391 492 424 622 215 682 715 537 527 318 85 397 362 557 566 298 550 365 207 491 380 163 291 473 373 739 236 512 396 647 165 382 422 584 533 481 559 519 398 260 519 459 202 547 514 111 146 255 586 271 371 359 433 254 174 408 506 671 74 478 377 238 466 544 668 547 283 313 401 370 315 218 460 384 416 511 609 431 482 395 421 326 387 353 281 366 188 311 599 658 368 286 546 501 547 357 347 0 298 568 593 617 442 300 507 81 428 434 480 365 562
231 330 768 479 575 335 322 226 655 498 772 537 272 708 597 287 164 497 194 465 793 293 9 404 603 430 504 630 627 168 197 407 41 355 576 490 208 242 477 173 274 366 717 604 555 251 373 366 335 147 559 423 168 522 227 675 272 356 544 254 678 275 262 107 376 387 634 791 400 581 710 282 346 457 90 565 308 386 539 571 187 559 124 254 321 579 212 713 807 672 285 274 338 658 374 264 726 471 490 302 659 215 170 228 494 422 562 899 459 169 283 262 537 764 155 258 275 590 483 569 441 246 488 152 473 796 580 410 451 690 228 434 708 457 736 390 668 68 277 577 491 101 345 256 314 233 118 401 79 556 195 627 617 561 177 514 657 711 385 611 454 186 656 503 70 516 661 522 206 304 94 106 629 667 291 289 509 383 234 342 660 93 455 638 579 174 579 556 308 537 645 457 199 732 128 443 436 403 244 552 232 674 578 715 548 363 429 86 430 543 366 285 62 614 471 464 341 411 124 768 134 545 184 677 274 773 646 385 446 483 799 239 495 413 365 376 188 219 290 570 117 506 439 226 416 651 523 777 322 365 657 510 543 246 409 258 374 561 177 128 401 117 755 173 664 334 520 608 768 693 319 468 245 87 579 442 459 286 533 411 663 503 589 725 311 183 643 298 0 453 707 527 488 583 803 379 326 417 691 596 444
497 132 929 379 371 204 758 645 768 144 551 419 610 786 814 715 420 569 277 917 955 294 446 356 466 872 249 612 595 451 265 254 492 121 1026 200 291 691 899 475 188 160 851 853 287 378 327 331 650 459 551 294 287 961 666 792 183 738 360 392 984 700 215 347 829 225 899 979 473 306 993 692 795 327 511 912 743 173 331 819 542 814 430 682 397 374 499 903 1018 485 168 727 618 638 629 540 1035 872 391 739 827 634 328 681 249 515 614 1123 902 306 656 269 927 998 303 706 616 399 795 680 885 650 366 324 75 1048 913 863 351 567 657 401 886 830 919 776 462 488 680 482 885 427 462 661 764 236 347 698 384 921 455 513 349 228 559 683 349 874 88 345 354 449 721 431 500 649 853 973 581 255 527 479 390 817 377 435 880 178 670 126 652 379 907 524 421 451 604 475 266 990 666 909 631 476 552 282 427 849 376 573 489 946 930 538 186 315 877 510 509 981 812 668 515 455 345 420 744 56 366 518 480 934 612 416 655 993 389 69 881 524 1057 666 666 46 95 680 569 316 462 768 350 421 210 661 531 975 969 500 636 93 736 621 328 516 334 405 343 603 614 334 819 540 880 616 982 143 970 509 1011 883 150 407 211 378 785 867 592 259 985 295 800 852 293 661 248 270 854 568 453 0 465 977 926 692 1002 619 142 181 614 933 892
573 541 688 240 131 641 893 933 528 321 86 194 673 505 662 845 567 398 531 1082 708 716 697 312 150 1116 232 313 290 802 540 713 745 438 1237 273 503 928 978 822 492 607 604 724 182 778 773 344 671 797 306 284 605 1069 828 548 545 796 163 475 885 828 479 640 1031 680 773 751 393 160 864 989 1023 251 706 878 1007 362 170 699 661 704 604 958 415 127 591 696 807 79 535 932 621 321 600 590 928 922 854 881 621 922 683 888 237 412 390 906 1030 651 983 674 948 814 573 944 680 119 752 478 1123 952 830 560 390 874 861 1051 261 178 932 855 673 849 702 828 56 694 983 202 921 620 884 962 940 606 662 677 630 908 566 176 117 239 692 539 131 648 532 120 814 809 451 245 709 486 663 1180 696 408 800 789 82 597 434 468 885 632 825 547 339 686 1070 177 143 579 356 220 401 1168 378 1075 904 30 730 745 878 1085 773 344 565 815 897 106 284 345 1105 791 398 1084 963 753 750 125 238 877 829 441 695 62 635 952 891 51 975 795 76 495 990 359 887 944 533 495 520 674 696 488 864 615 665 234 297 817 436 899 1098 79 662 463 475 453 167 886 788 805 340 374 881 649 907 723 615 873 898 566 1180 194 834 683 459 267 524 678 633 959 467 426 1178 752 572 835 172 286 677 571 684 593 707 465 0 1188 1035 482 781 582 457 330 249 882 1119
617 850 953 948 1061 828 311 350 928 1023 1238 999 534 996 783 355 627 865 719 140 969 754 536 876 1059 124 1014 1014 1021 561 724 871 487 882 49 1008 726 286 334 541 802 869 949 743 1062 672 805 848 563 543 958 917 691 255 360 937 795 450 1028 714 692 371 787 631 157 864 736 938 812 1087 752 324 183 942 492 562 248 907 1032 729 528 712 594 311 773 1065 598 884 919 1136 809 260 610 1036 648 608 716 402 893 318 875 360 662 306 1004 810 918 967 228 676 393 746 449 859 682 272 529 1069 598 876 107 362 904 674 1001 854 596 140 928 1121 331 824 894 475 906 439 1141 510 342 1019 427 584 688 352 250 746 631 600 603 519 622 1066 1117 1080 497 792 1164 913 903 1111 873 573 972 953 495 827 848 10 495 815 451 508 1118 898 755 721 489 877 364 860 1030 600 150 1075 1048 611 950 996 816 83 998 142 353 1216 462 896 809 134 669 935 625 749 557 1168 1072 850 104 469 823 265 242 458 468 1076 952 845 403 937 617 1247 556 455 373 1168 384 886 1140 909 277 877 847 326 780 936 886 585 493 724 637 789 628 961 953 371 791 646 205 1264 566 892 960 843 1037 547 837 657 850 926 366 644 350 470 984 362 663 848 8 1044 849 870 846 924 772 600 785 320 797 798 47 858 909 537 1098 1116 791 710 815 617 527 977 1188 0 261 885 932 665 854 936 1097 594 90
473 813 702 798 918 822 168 421 696 934 1071 840 363 765 539 211 518 670 649 126 716 771 493 735 893 309 898 814 825 595 661 889 457 813 290 904 641 316 76 582 738 854 706 493 939 707 841 716 367 571 769 790 652 36 262 702 752 241 885 586 432 227 714 593 209 872 480 683 642 961 491 431 269 806 416 303 352 815 896 483 397 467 499 391 630 921 459 633 660 972 765 252 418 833 447 447 455 148 950 187 632 425 655 281 887 629 715 706 43 657 504 747 188 600 624 312 356 919 356 658 298 450 954 601 929 594 337 175 785 939 395 885 644 228 654 215 983 440 448 847 170 499 762 446 190 720 606 382 545 259 496 890 983 973 373 572 1037 666 867 978 920 612 750 791 429 614 601 251 357 713 451 523 975 658 623 575 233 871 257 826 824 579 120 897 892 492 749 825 710 189 787 127 400 1064 374 922 878 286 702 740 481 491 297 996 977 723 271 470 644 55 130 284 428 914 811 911 206 876 607 1089 450 194 417 1025 490 627 999 862 46 693 586 398 564 891 845 375 364 626 704 553 605 801 847 266 607 385 70 1113 374 833 735 636 902 620 877 702 714 725 397 616 128 386 740 381 402 819 255 868 589 620 779 768 715 575 546 78 598 699 220 887 672 284 977 915 796 659 567 442 488 926 1035 261 0 665 675 465 787 839 902 334 271
353 670 238 334 423 754 576 761 78 596 479 328 370 126 182 537 426 123 528 753 263 780 576 337 338 858 493 179 198 744 548 848 601 586 928 533 487 702 594 754 569 749 159 247 498 791 864 362 325 726 180 404 605 694 557 102 628 437 403 363 408 524 535 594 747 814 295 292 226 506 382 813 766 381 521 429 790 520 433 227 422 237 462 768 318 423 373 223 339 404 629 673 285 186 244 327 448 525 980 573 144 754 679 643 485 186 94 444 677 652 844 732 525 336 550 715 373 405 320 14 858 792 966 514 642 395 405 749 352 326 747 947 202 442 235 453 428 528 817 288 513 485 902 799 649 657 625 287 542 468 389 306 499 571 450 94 556 184 701 496 937 761 86 288 536 67 183 876 433 454 655 689 464 128 349 313 461 778 548 685 172 629 742 307 367 409 126 275 441 838 129 749 724 510 515 889 959 824 784 143 351 334 448 401 604 379 833 658 188 702 644 434 586 364 368 976 482 639 657 516 451 527 721 500 832 321 489 669 629 170 407 759 106 690 677 300 445 449 856 139 627 301 494 545 179 429 735 555 326 623 77 77 439 828 895 809 350 110 701 620 545 517 191 684 425 694 878 288 355 207 575 298 579 618 155 588 125 460 859 875 108 405 529 263 766 578 201 300 583 692 482 885 665 0 318 229 580 516 267 424 843
584 964 96 652 737 1038 663 926 256 912 759 644 537 280 206 644 673 438 804 793 83 1049 799 650 646 947 811 469 491 971 824 1131 808 890 964 850 766 840 599 975 861 1040 177 207 816 1041 1135 670 474 949 492 719 872 690 690 234 915 521 720 639 257 637 826 845 830 1100 198 30 529 822 197 969 869 698 722 373 921 830 750 235 617 250 699 920 610 737 598 99 30 702 919 791 465 461 430 542 262 531 1254 670 176 922 935 777 803 487 410 126 704 912 1018 1003 490 81 816 849 535 718 354 328 942 960 1244 779 955 124 338 815 669 608 905 1212 117 461 83 514 729 737 978 598 506 721 1145 964 745 933 876 408 786 417 630 607 813 889 635 321 868 135 1001 810 1212 989 330 605 741 353 151 922 608 754 852 903 774 191 637 588 443 1069 679 979 443 872 784 605 679 647 435 589 741 864 403 791 889 806 699 1173 1221 916 1034 458 586 185 380 686 922 687 913 860 493 689 714 562 784 671 686 1243 566 947 903 803 671 486 893 806 1004 49 799 972 656 486 140 916 340 995 976 433 625 729 1092 242 877 619 809 679 472 303 740 846 485 926 306 382 756 1045 1168 1054 659 425 870 875 591 706 173 850 288 986 926 593 100 119 874 616 865 860 229 613 410 756 894 1154 213 397 846 514 1043 850 160 507 803 1002 781 932 675 318 0 428 880 829 539 343 920
155 555 389 359 478 619 353 536 289 567 610 390 140 352 222 312 246 205 385 538 414 622 374 313 435 630 493 351 361 546 405 711 390 499 709 516 350 473 401 552 453 627 342 243 521 613 709 312 102 526 303 382 446 497 328 306 501 225 448 229 366 297 419 417 521 681 284 414 194 539 376 587 537 383 305 310 561 459 466 208 201 200 271 541 228 480 169 335 436 514 507 444 56 373 18 115 416 341 829 348 280 530 506 413 483 170 254 534 469 485 623 577 366 400 392 486 144 474 184 217 631 568 819 354 590 442 303 526 357 474 521 785 329 267 358 251 528 317 592 386 338 293 718 575 423 510 448 96 358 332 202 427 551 576 226 143 609 332 599 546 787 564 314 339 323 165 282 655 206 364 440 483 533 290 242 184 305 654 319 571 366 443 526 434 441 219 287 365 354 624 333 532 499 612 292 752 792 596 605 275 158 330 330 533 594 326 606 445 184 510 423 207 370 458 381 815 266 563 475 632 245 371 498 580 610 404 559 575 424 229 448 533 126 602 573 92 220 315 666 191 449 352 463 316 146 359 533 661 99 532 306 178 473 625 742 626 305 263 477 446 338 296 380 459 365 575 657 405 408 315 476 324 451 432 201 388 134 360 642 731 289 259 559 453 619 427 268 81 379 619 582 665 465 229 428 0 483 470 438 324 617
355 96 813 301 337 195 620 535 657 178 538 353 467 684 685 576 278 459 138 784 839 260 318 255 412 754 226 528 514 363 130 282 367 29 903 192 149 568 758 385 52 175 739 721 278 322 326 221 509 364 460 212 172 822 529 682 88 595 315 254 847 560 73 226 701 248 765 858 354 303 858 587 672 252 375 771 628 96 294 687 400 681 289 569 269 341 357 781 895 453 78 598 478 556 491 399 898 730 424 601 707 524 237 552 220 396 511 998 765 208 561 217 784 870 171 584 474 362 655 566 766 545 404 186 147 918 773 733 268 515 544 410 766 687 799 633 437 353 576 414 742 288 427 557 631 151 235 559 252 779 313 454 346 255 418 559 369 756 122 341 381 366 619 349 366 530 729 848 439 126 409 372 375 700 245 300 738 205 533 109 567 266 774 466 371 308 507 401 139 860 574 777 516 476 415 321 431 729 317 476 348 812 788 505 231 205 755 394 392 842 676 526 386 409 271 436 603 90 262 517 339 792 499 415 558 867 384 93 742 417 926 553 541 119 97 539 428 175 409 642 239 343 161 523 409 836 832 511 494 50 632 505 294 441 347 349 234 501 497 221 678 404 770 496 844 123 846 444 882 761 8 318 84 262 657 727 470 124 858 317 685 710 301 593 225 146 728 428 326 142 457 854 787 580 880 483 0 127 548 793 770
375 215 754 199 212 315 677 638 590 98 411 242 492 606 648 630 321 393 224 853 779 386 408 179 295 846 99 432 415 481 226 395 458 109 986 73 211 656 800 503 165 287 674 693 152 448 448 162 521 480 370 114 285 874 593 615 215 625 194 260 833 613 160 330 781 361 740 805 303 178 836 691 758 147 446 776 724 33 169 659 442 657 346 669 242 216 384 731 847 329 205 677 480 459 483 413 883 761 538 660 653 627 358 630 93 345 435 952 822 327 674 344 808 830 266 672 499 238 653 504 856 652 517 265 126 883 772 808 171 398 643 531 713 707 746 662 312 427 683 305 770 353 554 663 701 276 346 558 338 791 344 340 220 144 466 515 248 699 218 215 497 487 541 251 441 476 682 930 482 126 507 480 248 642 232 290 755 315 594 223 472 374 842 352 252 347 424 297 129 933 486 846 614 349 480 432 553 818 443 393 366 787 795 382 138 147 842 494 337 893 739 562 472 289 165 556 642 134 377 390 391 814 598 288 669 823 257 180 793 347 893 653 499 191 200 543 475 215 535 601 350 241 35 585 363 829 891 385 507 139 556 447 169 563 466 475 173 423 593 332 720 470 702 590 835 240 929 334 845 712 129 226 198 368 618 772 423 140 936 433 624 719 179 485 349 253 686 434 417 181 330 936 839 516 829 470 127 0 439 793 857
494 644 444 248 254 743 787 904 293 482 220 197 562 259 448 742 528 233 562 974 463 798 682 308 151 1047 368 90 77 826 578 830 722 541 1143 417 523 871 836 842 562 722 362 513 345 837 871 348 539 814 140 337 645 934 743 310 624 663 255 437 674 726 536 659 947 795 560 509 297 340 644 960 953 297 659 693 958 459 287 494 582 503 569 921 370 252 515 461 566 174 619 858 489 82 456 492 712 771 972 779 390 895 727 819 366 289 191 662 907 696 973 750 781 580 598 886 568 226 576 267 1051 930 952 571 545 640 670 957 281 71 897 956 436 691 464 688 203 656 959 134 763 591 950 939 849 673 688 522 627 729 509 102 313 423 614 346 358 410 656 312 929 838 213 203 668 296 435 1088 608 447 780 790 267 363 402 405 717 750 738 655 99 704 962 92 196 527 155 148 435 1060 142 968 870 270 669 868 975 1014 830 163 488 597 712 148 467 360 1029 776 276 945 858 639 717 168 277 983 704 572 723 264 582 784 862 283 963 557 286 618 862 221 654 909 348 629 636 527 614 493 916 406 691 207 406 731 306 695 971 308 534 575 237 269 291 914 894 860 337 178 846 678 776 666 370 833 691 670 1089 105 601 450 547 238 586 693 422 825 305 462 1077 865 338 662 362 47 769 612 461 480 691 614 249 1097 902 267 539 438 548 439 0 690 1041
439 854 383 676 791 901 358 650 425 890 893 698 336 489 253 355 525 484 676 456 394 882 595 636 732 623 817 600 617 753 695 986 585 812 623 840 649 551 260 749 756 918 407 190 843 847 965 636 285 728 579 706 719 347 415 422 795 245 763 541 101 355 723 673 508 960 160 354 512 859 158 683 556 705 506 35 621 780 785 199 420 187 532 634 551 793 441 316 327 807 803 492 316 610 310 394 138 197 1085 371 339 649 758 491 806 481 503 374 367 745 744 843 147 267 670 556 331 783 140 423 615 684 1081 636 910 261 21 487 678 744 626 1030 333 150 335 219 826 529 695 680 169 547 934 685 436 789 699 236 612 75 484 712 867 899 421 347 925 359 902 862 1047 772 496 648 526 399 298 584 392 681 612 678 843 368 562 504 111 942 404 869 596 683 448 716 747 493 539 662 672 523 553 456 617 911 470 1026 1031 594 840 543 446 159 37 815 918 650 587 626 494 345 393 312 556 757 702 1060 276 877 716 924 487 143 626 888 729 295 869 883 320 524 255 635 350 911 877 253 409 619 876 287 699 662 787 408 457 59 398 959 300 843 475 431 792 810 1001 852 629 517 602 703 270 481 435 582 75 870 588 692 255 309 785 639 747 674 273 280 416 675 554 998 389 93 880 687 890 709 263 365 596 933 882 594 334 424 343 324 793 793 690 0 591
553 763 932 879 991 739 269 260 891 942 1172 932 481 959 756 306 554 812 637 147 950 665 453 806 994 42 937 961 966 471 641 782 403 799 135 929 646 202 335 451 718 780 919 722 986 583 715 776 518 453 901 844 605 277 298 903 709 415 958 644 692 320 705 546 96 775 721 923 751 1012 749 235 99 871 416 557 158 827 960 705 464 688 519 221 705 994 533 863 909 1070 723 187 562 985 601 549 721 395 804 270 846 270 573 231 927 752 868 966 231 588 306 657 452 850 599 186 476 1000 574 833 28 272 815 593 917 852 590 105 858 1061 242 735 871 458 886 411 1073 432 253 956 422 507 600 263 194 659 545 562 521 518 553 1004 1043 1001 431 751 1089 888 816 1037 784 483 929 888 417 782 823 88 434 737 364 419 1047 868 685 655 482 788 303 773 980 513 152 1013 981 540 898 933 739 143 950 144 264 1147 389 806 721 45 579 881 560 740 556 1104 991 778 15 382 765 293 207 410 386 1010 881 757 367 853 529 1178 484 459 284 1097 296 875 1068 822 272 820 846 236 738 849 799 545 429 647 548 757 542 895 875 310 735 646 235 1194 518 807 919 795 964 458 747 568 779 875 278 558 329 396 956 275 664 761 84 983 842 848 763 858 688 514 755 311 747 720 117 768 877 523 1022 1063 702 625 792 562 444 892 1119 90 271 843 920 617 770 857 1041 591 0
