200 15
0 379 196 500 371 467 584 421 564 512 413 454 503 350 164 139 543 614 539 145 102 235 639 303 369 549 211 323 224 460 357 707 363 429 459 276 594 400 311 517 438 139 360 160 122 342 205 427 560 184 326 224 476 220 509 130 278 221 278 381 250 413 308 14 248 473 409 631 307 313 346 525 625 382 535 540 364 555 152 387 674 284 211 217 483 201 409 392 203 125 95 352 411 638 645 460 175 357 355 592 297 292 161 266 248 129 254 626 403 486 396 259 173 211 534 422 437 412 213 354 602 401 214 384 281 360 610 665 322 673 613 163 437 402 396 254 38 297 324 315 116 205 259 607 585 344 495 268 332 261 570 359 159 303 512 174 418 551 629 435 603 540 431 211 422 494 384 547 285 388 640 144 524 419 613 373 400 605 344 188 192 590 598 211 537 503 104 461 558 392 543 559 647 543 402 537 176 375 326 368 144
379 0 380 878 51 158 959 79 943 888 791 132 879 514 409 424 172 991 916 510 333 407 1015 514 22 928 352 573 474 131 544 1085 66 64 109 113 968 75 397 892 812 451 68 482 414 170 307 793 937 377 699 398 854 341 130 414 449 471 101 47 441 52 74 365 456 851 111 1009 462 84 33 903 1000 758 233 169 56 182 233 765 1053 446 192 407 856 316 37 16 197 449 338 587 106 1016 1023 91 380 72 734 970 428 520 486 144 465 419 442 1001 50 863 99 535 381 318 912 51 65 111 340 404 228 42 276 760 117 42 984 1044 87 1050 991 313 175 264 50 378 347 101 173 423 414 303 323 984 964 84 863 477 48 457 949 731 404 454 153 511 41 923 1008 113 978 163 85 435 50 142 558 920 583 767 1018 486 901 93 991 41 65 984 52 395 419 967 973 326 916 874 397 85 932 80 920 935 1023 921 60 915 394 22 64 90 440
196 380 0 592 348 398 687 385 647 618 493 396 605 168 52 89 506 709 642 213 104 42 738 142 361 628 35 194 95 404 186 786 333 405 416 269 639 362 118 625 555 120 330 144 95 259 75 562 653 11 381 30 567 50 499 87 91 93 291 359 69 391 331 189 79 550 354 690 117 296 353 622 729 445 593 547 395 521 184 494 745 94 299 30 597 65 397 388 190 131 109 211 359 711 708 471 22 325 449 684 102 143 148 335 87 93 72 730 423 590 346 157 24 67 601 431 418 357 47 163 565 382 107 444 333 345 719 748 366 761 695 73 506 269 417 62 169 343 243 120 102 79 95 661 661 389 519 102 334 85 643 405 52 112 466 175 419 587 700 383 704 517 395 55 405 446 208 587 208 484 702 166 585 374 701 395 368 691 371 20 43 679 645 59 616 537 101 462 602 353 641 656 743 631 374 625 28 366 354 325 102
500 878 592 0 871 960 98 920 67 48 101 950 34 633 540 507 1043 117 56 386 568 604 146 569 869 60 627 519 525 956 608 208 862 929 957 776 166 899 690 57 93 474 859 449 507 827 651 149 61 585 217 602 25 641 1008 512 610 524 778 881 588 913 806 514 570 58 905 160 631 812 846 32 138 157 1009 1036 860 1055 651 115 181 620 699 587 72 643 910 892 698 466 561 544 907 144 164 957 576 856 147 93 650 548 444 755 561 505 591 139 900 37 893 484 574 650 80 920 937 908 637 733 1102 901 675 160 774 860 134 166 816 173 114 617 911 860 892 647 534 792 808 675 502 654 688 154 94 836 197 570 832 584 87 204 542 634 1011 417 917 169 140 932 113 1040 931 555 922 992 630 159 444 112 163 428 95 917 113 870 899 105 841 573 554 89 163 644 52 168 514 960 151 891 50 65 151 44 902 37 565 875 823 866 491
371 51 348 871 0 121 955 51 934 883 781 98 874 473 382 400 172 985 910 495 313 372 1010 477 30 918 317 539 442 100 504 1077 16 59 89 95 953 35 354 888 808 429 19 460 391 121 273 793 930 346 684 363 846 306 151 390 411 440 99 11 405 44 91 357 421 841 66 996 422 59 55 896 996 745 282 201 103 185 220 758 1042 407 206 373 853 282 50 48 176 428 319 550 62 1006 1011 130 350 24 725 963 387 485 464 168 431 396 406 997 101 857 52 505 351 283 900 94 71 67 305 358 231 34 241 746 140 16 981 1036 122 1043 983 285 226 213 101 339 337 127 126 380 392 269 283 970 954 127 844 441 52 420 938 715 377 414 142 490 79 906 997 77 974 174 62 403 58 125 517 904 554 759 1006 466 888 56 984 91 30 976 91 364 388 960 958 291 906 857 376 118 917 34 914 930 1018 913 32 907 364 29 94 39 417
467 158 398 960 121 0 1048 79 1021 976 866 27 966 488 441 467 125 1076 1003 576 392 411 1102 508 145 1004 363 574 491 32 523 1163 119 103 63 200 1029 87 367 982 904 499 121 528 462 139 325 894 1020 400 762 404 935 349 161 459 439 489 214 117 442 108 212 453 461 926 61 1076 443 166 175 987 1089 825 349 223 214 140 316 850 1126 434 325 417 948 334 128 144 264 502 399 579 61 1091 1092 188 407 121 813 1053 407 520 533 289 471 465 442 1091 194 950 75 553 408 331 983 173 114 58 351 355 176 116 295 826 261 137 1076 1123 241 1132 1070 349 321 174 198 370 430 248 156 393 465 321 313 1048 1039 242 913 476 173 455 1023 791 437 435 82 560 157 980 1081 45 1066 153 75 451 119 65 529 978 604 848 1087 540 969 66 1073 199 95 1064 208 417 440 1049 1035 339 992 929 450 167 992 88 1005 1021 1109 1002 98 996 420 141 215 103 484
584 959 687 98 955 1048 0 1005 78 72 199 1037 83 731 635 601 1126 40 46 479 658 700 56 667 952 97 721 617 622 1043 706 149 947 1012 1043 860 203 984 787 67 149 568 944 544 600 917 744 182 48 680 315 698 123 736 1089 605 708 621 860 965 685 997 887 598 667 153 992 164 728 897 927 66 42 255 1077 1113 938 1138 736 198 144 717 776 683 104 736 992 974 785 560 651 642 994 118 155 1035 670 941 238 43 748 646 539 832 658 599 688 43 978 99 979 582 668 743 140 1000 1019 995 731 830 1185 984 767 258 852 944 37 107 893 102 81 709 980 953 970 743 619 870 898 772 595 746 782 176 99 913 277 668 915 681 111 302 636 731 1096 513 998 229 125 1018 19 1122 1015 651 1004 1078 728 220 542 203 157 522 163 1002 64 948 984 68 920 668 650 52 197 738 104 246 606 1039 206 976 48 35 65 74 986 76 660 958 902 952 585
421 79 385 920 51 79 1005 0 983 933 829 53 923 499 422 443 124 1035 960 542 359 405 1060 509 68 967 353 572 480 52 532 1126 58 30 38 145 1000 22 378 938 859 473 61 503 435 138 310 844 980 385 731 397 895 340 119 434 441 478 150 43 438 29 139 407 456 889 46 1043 450 108 99 946 1046 792 283 177 134 138 269 808 1091 437 257 409 903 319 49 65 223 473 365 582 38 1055 1059 122 390 64 774 1012 414 518 507 216 465 440 439 1047 116 907 43 542 391 319 948 98 45 43 340 376 184 37 278 793 188 66 1031 1085 164 1093 1032 326 244 213 120 370 386 173 149 405 437 306 312 1017 1002 163 889 474 101 453 987 761 417 442 91 534 81 952 1045 35 1024 133 11 440 43 74 542 950 593 808 1054 511 936 18 1033 119 21 1025 130 402 426 1009 1005 327 955 902 421 103 963 32 963 979 1067 963 21 956 403 63 138 60 460
564 943 647 67 934 1021 78 983 0 87 156 1012 83 676 596 563 1106 72 68 446 629 656 102 614 933 22 682 560 576 1018 649 143 925 992 1020 839 127 961 740 91 156 531 922 504 564 887 708 208 34 641 268 655 89 697 1073 569 659 575 842 945 638 977 871 578 619 98 966 101 678 875 910 57 105 204 1076 1101 925 1118 714 181 114 669 765 640 124 700 974 957 761 524 622 583 969 77 100 1022 631 919 209 44 700 593 500 821 610 562 641 105 965 96 955 530 630 706 64 985 1001 970 693 783 1165 965 734 206 840 924 114 102 881 113 49 676 977 916 957 700 597 857 869 724 560 711 743 104 30 902 202 618 897 633 34 248 598 682 1073 472 982 151 74 994 82 1105 994 607 986 1055 670 142 487 176 100 486 87 979 54 935 962 43 907 628 608 36 122 701 33 170 573 1025 128 953 53 51 102 25 965 31 620 939 888 928 547
512 888 618 48 883 976 72 933 87 0 136 965 16 667 565 530 1054 105 29 408 586 631 127 603 880 92 651 556 555 971 644 210 874 940 970 788 205 912 719 9 78 498 872 474 529 845 673 122 60 610 250 629 64 666 1017 535 641 554 788 893 618 924 815 526 600 105 919 188 662 824 855 31 113 194 1008 1042 866 1066 664 126 193 650 704 614 38 665 920 902 713 489 579 582 922 159 187 964 600 869 168 89 681 582 470 760 591 528 621 115 907 28 907 517 598 672 123 928 947 923 661 763 1113 912 696 198 781 871 102 166 822 167 123 638 911 882 899 674 547 798 826 705 524 675 712 188 117 842 245 602 843 615 117 242 566 665 1024 444 926 215 159 946 91 1050 943 583 932 1006 667 205 479 133 187 452 141 930 114 877 912 111 849 598 581 91 202 667 89 216 534 968 196 904 38 51 136 64 914 60 590 886 830 880 515
413 791 493 101 781 866 199 829 156 136 0 857 121 532 441 408 953 217 155 290 474 503 246 469 781 138 527 420 424 864 508 297 771 839 866 686 194 807 589 145 113 375 768 349 409 731 553 164 160 486 116 502 76 542 921 414 509 423 690 791 487 824 720 426 469 60 812 220 530 722 759 132 239 58 934 952 776 965 561 69 262 519 618 487 132 545 821 805 607 368 467 446 815 226 232 872 476 765 62 191 549 448 345 674 460 407 490 240 815 109 800 383 475 551 122 835 848 815 538 632 1012 812 578 63 691 771 234 257 733 268 204 521 835 761 808 546 444 708 713 574 405 556 588 200 173 754 154 469 745 483 158 106 443 533 919 318 831 167 217 839 214 952 840 454 833 901 531 159 344 44 228 330 116 825 208 785 808 199 757 473 454 186 196 545 126 137 417 874 163 799 151 166 251 138 812 132 466 787 738 773 392
454 132 396 950 98 27 1037 53 1012 965 857 0 955 495 438 462 114 1066 992 568 384 412 1092 511 120 995 362 577 490 9 529 1154 98 76 38 183 1023 63 373 971 892 493 100 523 456 138 322 880 1010 397 755 405 925 349 140 453 443 489 194 93 444 82 189 440 462 917 46 1069 448 148 151 977 1078 818 324 202 188 130 302 840 1118 438 304 417 937 332 101 118 252 495 390 583 43 1082 1085 162 404 102 803 1043 413 522 527 266 472 460 444 1079 167 939 58 553 405 330 975 146 87 42 350 365 170 90 291 818 238 114 1064 1114 216 1123 1061 344 294 188 171 373 418 224 153 400 458 318 315 1042 1030 216 909 479 150 458 1014 784 434 441 72 555 130 974 1072 21 1056 137 48 450 92 52 537 972 604 838 1079 534 961 42 1063 172 70 1054 182 415 439 1039 1028 337 983 924 443 141 986 66 995 1010 1099 992 73 986 417 115 190 86 479
503 879 605 34 874 966 83 923 83 16 121 955 0 653 553 518 1045 112 37 396 575 618 137 589 871 84 639 541 542 961 629 214 865 931 961 779 196 902 705 25 75 486 862 462 517 834 661 124 62 598 236 616 49 653 1009 523 627 540 779 884 604 915 806 516 586 89 909 183 649 815 847 27 124 179 1003 1034 859 1057 654 115 193 637 697 601 41 653 911 894 703 477 568 567 912 158 184 956 587 859 156 93 667 568 457 753 577 516 607 125 899 16 897 503 586 660 112 920 939 913 649 749 1104 903 684 183 773 862 115 170 814 173 123 626 905 871 891 661 537 791 816 692 512 664 700 181 113 834 231 588 834 601 111 227 554 651 1014 431 917 202 157 936 101 1042 934 570 924 996 652 192 465 121 183 440 129 921 117 869 902 112 841 586 568 93 193 655 80 202 523 960 184 894 41 57 144 59 905 54 577 877 822 870 503
350 514 168 633 473 488 731 499 676 667 532 495 653 0 187 215 609 745 687 310 270 126 775 65 493 655 177 119 136 504 37 802 457 524 523 412 635 478 122 676 619 229 454 231 230 362 219 641 689 177 417 139 608 182 618 221 77 140 438 483 102 513 478 346 103 581 459 695 54 431 492 665 770 476 740 673 539 624 348 554 757 75 463 140 655 213 523 518 343 246 274 105 466 727 715 602 183 449 505 717 86 86 234 495 104 224 97 771 561 640 456 152 185 206 620 564 538 462 186 139 664 506 246 473 489 474 766 771 517 787 720 236 659 322 558 139 331 497 350 95 237 223 191 663 683 539 509 85 473 89 664 429 192 61 566 250 550 581 714 487 745 628 507 140 528 547 44 583 189 538 709 261 600 485 730 537 486 718 516 167 158 711 642 199 643 534 247 590 601 468 682 697 777 665 493 660 178 496 501 442 216
164 409 52 540 382 441 635 422 596 565 441 438 553 187 0 37 545 657 589 161 94 78 686 143 392 577 86 179 72 446 195 735 368 440 456 297 590 400 165 572 503 67 365 92 47 303 117 510 601 45 330 70 515 101 532 38 115 69 315 393 87 426 354 160 84 498 394 640 145 327 380 570 676 394 613 578 418 559 194 441 695 122 304 58 544 107 430 419 213 79 96 203 399 660 658 500 36 360 397 632 140 136 96 347 86 44 91 677 449 537 386 128 34 112 551 459 452 398 97 211 604 416 146 393 349 377 667 697 385 709 644 97 522 320 443 112 145 361 285 162 55 120 147 611 610 409 473 106 362 98 593 355 6 141 506 124 450 540 649 423 652 554 432 48 439 487 221 539 174 432 652 113 535 413 649 420 404 639 394 34 29 627 596 106 565 490 60 493 553 390 589 604 691 579 409 573 25 397 376 362 50
139 424 89 507 400 467 601 443 563 530 408 462 518 215 37 0 567 624 555 125 94 114 652 164 408 545 121 188 85 469 219 703 387 459 477 311 562 420 202 538 467 33 384 62 17 329 145 473 567 80 298 107 481 135 550 11 148 82 326 411 119 444 364 138 112 466 417 611 177 344 394 536 642 362 619 592 428 581 199 406 664 155 303 95 509 137 447 434 227 43 92 215 421 629 628 513 70 380 362 599 176 153 66 350 111 10 123 643 461 503 408 128 68 143 520 473 470 421 130 248 626 434 173 362 354 394 632 665 393 676 612 118 526 353 455 149 128 368 311 198 23 149 182 582 579 416 447 131 376 127 561 325 37 174 529 93 465 513 618 446 618 573 453 76 457 509 245 511 166 398 622 78 504 435 616 432 424 607 405 71 62 594 568 137 532 463 38 509 525 411 555 570 657 546 429 540 61 413 386 384 17
543 172 506 1043 172 125 1126 124 1106 1054 953 114 1045 609 545 567 0 1157 1082 666 483 524 1182 625 176 1090 473 690 601 106 644 1249 182 114 90 267 1124 147 488 1059 979 597 185 627 559 251 432 963 1102 507 855 517 1018 460 73 558 557 599 267 162 556 130 246 529 574 1013 153 1167 563 231 203 1068 1167 916 267 122 212 15 392 930 1214 552 365 529 1024 441 137 156 347 597 489 697 148 1178 1182 134 512 188 897 1135 527 635 631 315 584 564 557 1168 175 1029 160 663 513 440 1072 148 108 149 461 479 60 142 400 917 289 183 1152 1208 255 1215 1155 450 274 299 183 486 509 272 265 514 561 428 428 1141 1126 244 1013 592 213 571 1110 885 541 555 43 658 141 1076 1169 124 1145 37 114 561 123 63 651 1074 714 930 1178 636 1060 132 1156 197 144 1148 221 524 548 1132 1129 448 1078 1027 545 115 1087 156 1086 1101 1189 1085 141 1079 525 170 236 183 584
614 991 709 117 985 1076 40 1035 72 105 217 1066 112 745 657 624 1157 0 76 503 685 720 30 683 983 94 744 630 641 1072 718 109 976 1043 1072 890 183 1013 806 102 183 591 974 566 624 943 768 221 57 703 332 719 143 758 1120 629 726 640 891 995 704 1027 918 628 685 164 1020 135 745 926 958 89 36 270 1113 1146 970 1169 765 226 107 735 809 704 140 760 1023 1005 814 583 678 653 1023 85 122 1068 693 970 263 28 766 661 561 865 676 622 707 35 1010 128 1008 598 691 767 135 1032 1050 1023 754 849 1215 1015 792 272 885 974 54 68 926 63 51 734 1015 977 1003 763 648 902 925 791 619 771 805 153 81 946 273 685 945 699 97 316 659 748 1125 534 1029 217 94 1047 25 1153 1045 671 1035 1107 740 209 556 228 126 546 159 1032 31 981 1013 41 952 690 671 36 177 761 104 241 631 1071 193 1005 71 55 34 80 1016 85 682 988 934 981 608
539 916 642 56 910 1003 46 960 68 29 155 992 37 687 589 555 1082 76 0 433 613 655 100 624 908 79 676 574 577 998 663 182 902 968 998 815 193 939 741 27 107 523 899 498 554 871 698 149 36 634 271 653 79 690 1045 560 663 576 816 921 640 952 843 553 622 114 946 168 684 852 883 25 87 212 1037 1070 895 1094 691 153 167 672 733 638 65 690 948 930 740 514 605 600 949 134 165 992 624 896 193 61 703 602 494 789 613 553 643 88 935 53 934 537 623 697 117 956 975 950 685 785 1141 940 722 215 809 899 79 138 850 138 97 664 939 908 927 697 574 827 853 728 549 701 736 172 97 870 248 623 870 637 101 259 591 687 1051 467 954 209 136 973 64 1078 971 606 960 1033 685 200 499 157 165 477 138 958 86 905 939 84 877 622 605 64 189 692 80 217 560 996 188 931 16 24 108 50 942 49 614 913 859 907 540
145 510 213 386 495 576 479 542 446 408 290 568 396 310 161 125 666 503 433 0 184 234 531 247 498 428 245 236 175 575 301 587 484 554 578 401 459 520 324 414 342 94 481 79 122 441 265 349 447 205 189 229 361 259 640 128 258 172 409 506 230 539 443 155 216 350 522 501 285 436 478 415 520 250 679 676 503 679 277 282 550 266 354 216 385 257 538 523 319 82 178 269 526 515 517 596 194 478 240 479 292 229 76 409 211 121 234 521 540 380 511 171 192 265 407 557 564 526 254 370 726 527 289 251 421 486 509 548 462 558 494 231 581 475 533 273 166 437 423 316 116 268 306 475 463 485 354 228 463 233 446 220 161 284 631 62 551 413 505 550 496 668 553 189 549 612 329 410 174 276 512 50 394 537 498 510 522 489 481 195 182 475 464 260 416 364 127 595 422 511 433 449 537 427 526 421 185 503 462 485 111
102 333 104 568 313 392 658 359 629 586 474 384 575 270 94 94 483 685 613 184 0 146 712 235 319 612 111 273 166 391 285 771 302 373 395 222 641 337 212 593 517 118 299 149 82 259 102 513 629 94 372 134 543 118 461 84 194 163 234 324 169 357 271 92 173 533 338 685 221 255 302 596 700 434 525 501 334 497 105 460 734 198 211 131 560 98 358 345 138 116 8 297 342 699 701 422 87 295 422 661 205 230 153 256 177 88 173 701 368 559 327 219 86 109 591 382 383 342 112 254 543 346 115 435 260 306 687 731 298 741 678 61 431 305 362 157 69 274 240 220 81 103 157 659 647 322 531 196 285 183 631 402 88 216 448 178 374 593 689 366 676 487 369 138 369 429 309 591 261 457 696 153 578 353 681 339 339 672 311 104 118 657 646 109 600 544 64 418 604 328 614 630 718 610 343 604 94 324 293 301 109
235 407 42 604 372 411 700 405 656 631 503 412 618 126 78 114 524 720 655 234 146 0 749 107 388 636 56 167 84 420 146 792 357 427 435 299 639 384 89 639 572 141 354 158 125 274 101 583 663 52 388 13 578 66 522 116 49 83 323 383 33 414 363 229 50 558 371 693 75 323 382 634 741 452 626 573 426 539 223 509 750 52 338 19 613 93 422 414 224 155 151 179 377 717 711 498 60 349 463 694 63 113 163 372 60 121 35 742 452 603 365 143 62 90 607 458 441 375 67 135 582 406 132 451 369 370 733 756 400 769 703 111 541 268 447 44 210 378 259 84 132 105 98 663 668 423 517 69 363 49 650 410 80 70 483 188 446 587 705 400 716 538 415 49 429 463 167 587 195 498 705 185 590 394 710 426 390 699 402 47 53 688 645 81 624 537 135 488 603 373 653 668 754 641 396 635 59 392 386 346 124
639 1015 738 146 1010 1102 56 1060 102 127 246 1092 137 775 686 652 1182 30 100 531 712 749 0 712 1007 124 772 660 670 1098 749 102 1002 1067 1098 915 207 1039 835 123 205 619 999 594 652 970 796 237 86 731 362 748 171 787 1144 657 755 670 916 1020 733 1052 942 653 715 194 1046 154 775 952 983 116 23 300 1133 1169 994 1193 791 252 113 764 832 733 160 788 1047 1030 839 611 704 683 1048 100 138 1091 721 996 291 58 795 691 590 888 706 650 736 21 1034 153 1034 627 719 795 165 1055 1075 1049 782 878 1240 1040 820 302 908 999 48 67 949 53 73 762 1036 1005 1026 792 674 926 952 820 647 799 833 176 108 969 302 715 970 729 125 346 688 778 1151 563 1053 244 112 1073 37 1178 1070 700 1060 1133 770 236 586 255 143 574 188 1057 55 1004 1039 66 976 718 700 66 200 789 134 270 658 1095 220 1031 98 82 12 110 1042 115 711 1013 958 1006 636
303 514 142 569 477 508 667 509 614 603 469 511 589 65 143 164 625 683 624 247 235 107 712 0 494 593 163 68 79 520 56 743 462 532 537 407 578 487 148 612 554 172 459 170 180 375 208 575 627 148 353 118 545 173 626 172 69 83 430 488 74 519 470 301 63 518 472 637 71 430 489 601 707 413 733 678 533 640 325 489 698 74 439 112 591 200 528 520 330 190 237 73 478 667 657 604 151 454 441 655 103 21 173 477 57 174 72 708 559 576 468 87 152 197 559 565 546 476 174 180 682 511 239 410 474 476 703 710 506 726 659 214 647 352 554 139 288 484 361 124 187 212 197 605 622 529 453 40 470 58 603 366 149 77 583 187 552 525 654 501 682 641 518 97 534 563 83 526 127 473 650 200 539 496 668 533 494 657 509 133 117 649 585 188 581 477 199 594 543 477 619 634 715 602 501 597 141 498 493 450 162
369 22 361 869 30 145 952 68 933 880 781 120 871 493 392 408 176 983 908 498 319 388 1007 494 0 918 333 554 456 120 524 1076 44 62 103 97 957 59 376 885 804 436 46 467 399 148 288 788 929 359 687 378 845 322 142 398 428 453 92 28 421 47 73 356 437 841 93 998 441 65 31 894 992 747 255 186 74 187 221 756 1043 426 192 388 849 297 40 26 182 435 324 567 89 1006 1012 110 363 50 724 961 407 501 471 148 446 404 423 994 73 855 80 517 363 299 901 71 68 94 321 382 233 35 256 748 120 20 977 1035 97 1042 982 296 197 242 72 357 337 105 151 401 399 284 302 972 954 98 849 457 37 437 939 718 387 433 152 497 58 910 998 100 971 171 76 417 53 138 537 908 566 757 1008 472 890 79 983 61 50 975 63 377 401 959 961 307 906 861 382 101 920 61 912 927 1015 912 47 906 376 6 70 68 425
549 928 628 60 918 1004 97 967 22 92 138 995 84 655 577 545 1090 94 79 428 612 636 124 593 918 0 663 538 555 1002 627 159 909 977 1004 823 115 945 720 98 153 512 906 485 546 869 690 207 50 622 248 635 77 678 1058 551 639 555 827 929 618 961 856 562 599 79 949 100 657 859 895 61 126 184 1064 1087 911 1103 698 170 126 648 751 621 126 681 958 941 744 506 605 561 952 89 105 1008 612 902 194 66 679 572 481 808 590 544 621 126 951 94 938 509 611 688 43 971 985 953 674 762 1149 949 716 185 826 908 134 120 867 133 67 658 965 897 943 680 581 843 851 704 542 693 724 97 37 888 181 598 881 613 27 228 579 661 1057 453 967 133 82 977 103 1089 977 587 970 1038 648 123 466 162 103 467 66 963 75 921 946 64 892 608 589 58 111 682 12 149 555 1010 110 937 63 66 124 29 949 31 601 924 873 911 528
211 352 35 627 317 363 721 353 682 651 527 362 639 177 86 121 473 744 676 245 111 56 772 163 333 663 0 221 128 371 201 821 303 374 384 244 674 331 101 658 588 153 300 178 125 225 45 593 687 41 416 46 601 15 468 118 102 126 267 328 89 361 307 202 104 584 320 725 124 268 326 656 763 480 570 518 370 488 171 527 780 102 287 56 630 37 367 359 168 163 118 235 326 746 743 442 51 295 483 718 99 168 183 318 114 124 91 763 396 623 314 190 53 34 637 403 387 324 13 143 532 352 76 479 313 315 753 783 344 795 730 61 485 234 391 46 180 322 209 110 131 49 61 696 696 367 555 125 307 105 679 440 85 117 433 210 391 623 735 349 738 485 362 88 375 413 220 622 241 518 737 199 620 342 736 370 337 725 346 55 78 713 680 26 651 573 126 433 637 321 675 690 777 666 343 660 62 337 330 293 136
323 573 194 519 539 574 617 572 560 556 420 577 541 119 179 188 690 630 574 236 273 167 660 68 554 538 221 0 107 586 89 684 524 594 602 464 516 551 216 565 512 184 521 171 204 440 266 539 574 198 306 176 495 233 689 198 135 110 485 550 134 581 525 324 117 465 537 576 139 489 547 551 656 363 787 739 589 705 372 447 639 142 483 167 546 258 589 580 384 200 274 32 543 609 597 664 198 516 398 602 172 55 172 525 108 197 134 656 617 528 532 67 198 256 503 624 608 541 234 247 747 573 298 359 525 537 653 653 559 670 603 265 698 420 612 204 316 536 425 192 210 270 262 544 566 583 390 98 528 119 547 315 185 145 649 175 612 463 596 566 631 705 582 141 596 628 111 465 78 429 590 197 482 560 613 590 557 602 565 181 160 595 524 247 527 416 226 655 482 540 569 583 662 549 563 545 186 558 548 513 180
224 474 95 525 442 491 622 480 576 555 424 490 542 136 72 85 601 641 577 175 166 84 670 79 456 555 128 107 0 498 135 710 428 500 511 362 555 457 165 563 500 93 425 96 102 353 170 515 584 96 309 87 500 142 593 95 87 4 382 453 63 486 422 223 45 478 448 610 111 390 446 556 663 372 682 641 486 615 265 436 668 96 376 73 539 160 492 482 280 111 167 131 453 635 629 564 94 420 388 614 125 68 99 418 37 95 66 664 515 527 441 63 93 161 525 524 513 452 140 208 659 476 202 370 419 439 656 675 455 689 622 161 592 352 510 128 212 431 337 150 109 174 181 579 587 478 433 53 427 60 568 328 78 112 561 118 513 503 623 477 638 612 489 40 500 540 162 503 114 423 623 126 507 469 630 487 463 619 462 78 55 609 562 153 543 453 122 557 519 447 575 590 674 561 469 556 81 460 444 420 83
460 131 404 956 100 32 1043 52 1018 971 864 9 961 504 446 469 106 1072 998 575 391 420 1098 520 120 1002 371 586 498 0 538 1161 102 72 31 188 1030 65 382 977 898 500 104 531 463 146 330 886 1017 405 762 413 932 357 132 461 452 497 197 94 452 79 190 446 470 924 52 1076 457 152 151 983 1084 825 317 194 186 121 308 846 1125 447 306 426 942 340 98 116 258 502 397 592 49 1089 1091 156 412 105 810 1049 422 531 535 267 481 467 452 1085 164 945 64 561 413 338 982 142 82 49 358 374 162 89 299 825 239 116 1070 1120 216 1129 1067 352 290 197 168 382 424 225 162 409 466 326 324 1049 1037 215 916 487 152 466 1021 791 441 449 63 562 126 981 1079 25 1062 128 46 459 88 43 546 980 612 844 1086 541 968 44 1069 170 71 1061 182 423 447 1046 1036 346 989 931 450 135 993 70 1001 1017 1105 999 73 992 425 115 190 92 486
357 544 186 608 504 523 706 532 649 644 508 529 629 37 195 219 644 718 663 301 285 146 749 56 524 627 201 89 135 538 0 773 489 557 557 441 604 511 156 652 598 228 486 225 235 395 244 622 663 194 393 159 583 208 651 227 98 138 466 515 117 545 506 355 112 554 493 664 82 461 521 640 745 451 768 705 568 659 369 533 727 99 484 156 633 237 555 549 369 245 288 70 499 698 685 633 199 481 484 691 118 72 228 519 109 228 113 745 591 616 490 135 199 232 592 595 571 496 210 176 699 538 273 448 514 505 742 742 544 759 692 257 685 358 587 167 341 523 383 129 242 248 222 632 655 566 477 90 502 102 635 403 201 90 601 240 581 550 684 521 720 662 540 148 560 581 28 552 164 516 678 255 571 518 702 566 519 691 544 181 168 684 611 224 616 504 253 622 570 501 657 671 751 638 526 634 191 527 529 474 217
707 1085 786 208 1077 1163 149 1126 143 210 297 1154 214 802 735 703 1249 109 182 587 771 792 102 743 1076 159 821 684 710 1161 773 0 1067 1135 1163 982 180 1104 874 209 288 670 1065 643 705 1028 848 329 152 780 405 792 231 836 1216 709 792 710 985 1087 772 1120 1014 721 753 238 1109 115 809 1018 1053 187 125 341 1216 1243 1068 1261 857 323 48 801 907 777 247 840 1117 1100 903 664 764 705 1112 75 93 1165 770 1061 352 121 833 722 639 963 743 703 775 123 1108 229 1097 661 769 846 185 1128 1143 1112 832 916 1308 1108 875 342 982 1067 150 43 1024 49 94 817 1118 1055 1100 836 740 1000 1010 857 701 852 881 147 125 1044 301 750 1039 766 142 382 737 813 1216 611 1125 231 89 1136 131 1247 1136 743 1129 1197 792 226 615 319 100 626 203 1122 97 1078 1105 103 1049 766 746 121 172 840 171 272 714 1167 208 1096 172 158 90 164 1108 171 759 1082 1031 1070 687
363 66 333 862 16 119 947 58 925 874 771 98 865 457 368 387 182 976 902 484 302 357 1002 462 44 909 303 524 428 102 489 1067 0 72 96 87 942 38 338 880 800 417 3 447 379 105 259 787 921 332 673 348 837 291 165 378 395 426 96 26 390 58 95 349 406 831 60 986 406 51 64 888 988 734 298 217 115 195 211 750 1032 392 206 358 845 268 66 64 165 416 308 535 58 997 1001 146 337 8 716 954 371 470 451 171 416 384 391 989 116 849 45 490 337 269 890 110 85 62 290 342 241 49 227 735 143 25 973 1026 130 1034 974 272 240 199 115 324 328 132 110 364 380 255 267 959 944 137 832 426 56 405 929 703 363 398 149 478 95 895 987 77 965 186 69 389 72 131 501 893 540 749 996 455 878 58 975 104 37 966 101 350 374 951 947 277 896 845 364 133 906 32 905 921 1009 904 42 898 350 44 102 25 404
429 64 405 929 59 103 1012 30 992 940 839 76 931 524 440 459 114 1043 968 554 373 427 1067 532 62 977 374 594 500 72 557 1135 72 0 46 153 1013 46 404 945 865 488 75 519 450 164 330 849 988 404 743 419 904 361 95 450 464 498 153 48 460 16 134 415 477 899 75 1055 474 118 92 954 1053 804 253 150 116 126 279 816 1101 460 254 430 910 339 28 48 235 488 378 605 68 1065 1070 92 409 80 783 1021 439 540 523 208 487 455 461 1054 92 915 71 562 409 340 959 70 15 73 361 403 173 28 298 805 180 69 1037 1094 151 1101 1041 344 218 242 96 393 395 164 174 430 452 326 336 1029 1013 147 903 496 99 476 997 774 435 466 90 549 54 966 1056 62 1031 115 28 460 16 77 567 963 612 817 1065 526 947 48 1042 100 38 1034 116 422 446 1018 1018 348 965 916 435 73 976 56 972 987 1075 972 31 965 422 56 128 82 476
459 109 416 957 89 63 1043 38 1020 970 866 38 961 523 456 477 90 1072 998 578 395 435 1098 537 103 1004 384 602 511 31 557 1163 96 46 0 183 1036 59 402 976 896 508 99 538 470 163 342 882 1017 417 767 427 933 370 103 468 469 509 188 81 468 57 175 445 485 926 65 1080 476 146 134 983 1084 829 286 164 162 104 307 846 1128 464 294 439 941 351 74 93 260 509 401 609 59 1092 1095 125 422 102 811 1050 440 547 542 251 495 474 468 1085 136 945 70 574 423 350 985 113 53 61 371 396 149 68 310 830 223 103 1069 1122 196 1130 1069 360 260 224 141 398 424 208 176 429 472 338 340 1053 1040 192 924 503 138 482 1024 797 451 468 53 569 98 988 1082 37 1061 105 28 471 62 36 566 986 625 845 1090 547 972 42 1071 146 60 1062 161 435 458 1047 1041 358 992 938 456 103 999 67 1001 1017 1105 1000 58 994 436 97 172 94 494
276 113 269 776 95 200 860 145 839 788 686 183 779 412 297 311 267 890 815 401 222 299 915 407 97 823 244 464 362 188 441 982 87 153 183 0 860 125 301 793 713 339 85 370 301 119 198 699 835 266 590 289 751 234 240 301 343 360 31 105 333 138 67 262 347 746 140 902 359 37 83 801 901 651 328 281 127 279 125 663 948 341 132 297 758 207 137 123 85 337 227 479 140 911 916 203 269 82 630 868 327 411 374 116 356 307 334 902 153 762 126 423 269 210 806 163 163 143 232 316 326 126 168 652 95 85 886 941 109 948 888 201 249 219 148 274 242 94 110 325 302 194 223 876 859 129 752 368 65 349 844 621 292 351 236 399 153 813 902 163 879 267 156 324 148 219 456 811 471 664 912 375 794 144 889 126 124 881 103 284 307 865 865 218 811 764 285 197 823 118 819 835 923 818 127 812 282 103 89 97 328
594 968 639 166 953 1029 203 1000 127 205 194 1023 196 635 590 562 1124 183 193 459 641 639 207 578 957 115 674 516 555 1030 604 180 942 1013 1036 860 0 977 717 212 255 530 939 501 567 891 707 313 161 634 270 641 172 689 1098 570 633 556 867 964 616 997 900 606 596 143 978 65 647 895 936 175 219 211 1123 1133 958 1137 736 251 132 642 803 626 237 697 997 981 777 528 635 534 981 115 87 1053 626 936 256 162 673 558 496 859 586 564 618 218 996 202 968 501 624 702 86 1014 1022 981 686 756 1184 986 735 209 874 945 234 163 916 186 134 680 1024 906 989 683 622 891 873 697 564 710 733 34 104 938 126 590 921 608 93 239 593 652 1088 469 1009 54 100 1006 202 1127 1010 591 1008 1069 621 52 452 234 80 489 80 994 153 966 980 142 937 619 597 152 8 695 116 102 580 1053 37 969 178 178 201 143 984 146 613 962 919 942 545
400 75 362 899 35 87 984 22 961 912 807 63 902 478 400 420 147 1013 939 520 337 384 1039 487 59 945 331 551 457 65 511 1104 38 46 59 125 977 0 358 917 838 450 40 481 413 118 288 824 958 362 709 375 874 318 140 411 420 456 132 31 416 38 126 386 434 867 36 1021 429 88 89 925 1025 770 294 196 131 160 248 787 1069 416 241 386 882 297 56 65 201 451 343 560 30 1033 1037 135 367 43 752 991 394 496 485 203 443 417 417 1026 120 886 27 520 368 297 926 105 61 36 318 357 206 38 256 771 175 51 1010 1063 155 1071 1010 304 248 199 122 348 365 162 128 384 414 284 291 995 981 157 866 452 87 431 965 739 395 421 112 512 88 930 1023 42 1002 155 33 418 54 94 522 928 570 786 1032 489 914 21 1012 117 11 1003 122 380 404 988 983 305 933 880 398 117 941 10 942 958 1046 941 18 935 381 56 128 38 437
311 397 118 690 354 367 787 378 740 719 589 373 705 122 165 202 488 806 741 324 212 89 835 148 376 720 101 216 165 382 156 874 338 404 402 301 717 358 0 727 661 230 335 247 211 240 126 672 749 129 473 95 664 96 497 203 84 165 329 364 102 393 367 302 121 643 338 772 78 316 377 721 828 537 626 553 427 503 260 598 831 76 372 108 701 124 404 400 242 244 219 215 344 799 792 484 139 330 551 779 45 164 252 395 131 209 99 828 445 691 335 216 141 114 690 446 418 341 102 46 542 386 144 535 384 356 820 839 409 853 787 159 549 205 442 56 281 390 230 27 219 128 80 742 751 430 592 127 358 109 733 493 167 71 445 276 432 664 787 365 803 507 386 136 408 425 164 665 265 586 786 274 671 363 794 423 366 784 403 132 142 773 723 110 708 615 219 471 681 348 739 754 839 726 373 721 143 378 390 322 213
517 892 625 57 888 982 67 938 91 9 145 971 25 676 572 538 1059 102 27 414 593 639 123 612 885 98 658 565 563 977 652 209 880 945 976 793 212 917 727 0 82 505 877 482 536 851 680 122 62 617 259 637 74 673 1022 542 649 562 793 898 625 930 819 531 608 114 925 192 671 830 860 37 108 203 1011 1046 870 1071 669 132 194 658 709 622 38 672 925 907 718 496 585 591 927 161 190 968 607 874 176 89 689 591 478 764 599 535 629 109 911 36 913 525 605 679 131 932 952 928 668 771 1118 917 703 207 785 877 95 165 826 165 124 644 914 889 903 681 552 803 833 713 531 682 719 194 121 846 254 610 847 623 122 251 574 673 1029 451 930 223 162 952 86 1055 949 591 937 1011 676 213 488 141 191 459 149 936 114 881 917 111 853 606 589 91 209 674 96 225 541 972 203 909 40 51 132 70 920 66 597 890 835 885 523
438 812 555 93 808 904 149 859 156 78 113 892 75 619 503 467 979 183 107 342 517 572 205 554 804 153 588 512 500 898 598 288 800 865 896 713 255 838 661 82 0 435 798 414 464 774 606 59 136 547 208 569 84 602 941 470 586 498 713 818 561 850 739 452 544 120 847 253 609 750 779 102 188 166 930 964 789 991 590 65 268 595 627 555 45 599 844 826 640 425 509 541 849 233 256 887 536 795 114 167 625 533 409 683 536 464 565 190 830 60 834 467 535 607 169 851 872 850 597 706 1038 837 628 172 704 797 172 244 745 245 198 570 832 817 822 613 474 721 756 649 458 609 648 246 186 764 258 549 767 560 180 211 503 611 950 384 850 249 231 873 168 975 869 524 857 932 623 240 435 85 255 389 179 857 191 800 837 187 772 536 520 168 254 602 145 234 468 891 236 830 115 130 213 132 840 126 527 810 754 806 453
139 451 120 474 429 499 568 473 531 498 375 493 486 229 67 33 597 591 523 94 118 141 619 172 436 512 153 184 93 500 228 670 417 488 508 339 530 450 230 505 435 0 414 31 38 361 178 443 534 112 266 136 449 168 578 40 169 90 353 440 140 473 390 141 129 433 448 578 197 372 421 504 610 330 641 620 453 611 223 374 631 177 321 122 477 169 475 462 255 17 115 214 452 596 595 540 102 409 330 566 200 158 35 370 126 33 144 611 487 470 439 120 100 176 487 500 499 452 163 276 656 462 205 329 377 422 600 632 416 644 579 149 546 386 480 179 137 391 343 224 37 181 214 550 546 439 416 144 403 145 528 293 68 196 560 62 492 481 585 477 585 603 483 98 485 540 256 479 150 365 590 46 472 465 584 457 454 574 430 101 88 561 536 170 500 431 55 536 494 441 522 538 625 513 458 508 92 441 411 414 17
360 68 330 859 19 121 944 61 922 872 768 100 862 454 365 384 185 974 899 481 299 354 999 459 46 906 300 521 425 104 486 1065 3 75 99 85 939 40 335 877 798 414 0 444 376 102 256 784 919 329 670 345 834 288 169 375 392 423 94 29 387 61 94 346 403 828 61 983 403 48 65 885 985 732 300 220 117 198 208 747 1030 389 204 355 843 265 69 66 162 413 305 532 59 994 998 149 333 5 713 951 368 467 448 170 413 381 388 986 118 846 46 487 334 265 887 113 88 63 287 339 244 52 224 733 143 27 970 1024 130 1032 971 268 242 197 118 321 325 131 107 361 377 251 264 957 942 138 829 423 56 402 926 700 360 395 152 475 98 892 984 79 963 189 72 385 75 134 498 890 537 747 993 452 875 60 972 105 40 964 102 347 371 948 945 274 894 842 361 136 903 34 903 918 1006 902 45 895 347 46 102 24 401
160 482 144 449 460 528 544 503 504 474 349 523 462 231 92 62 627 566 498 79 149 158 594 170 467 485 178 171 96 531 225 643 447 519 538 370 501 481 247 482 414 31 444 0 69 390 206 425 509 137 238 155 423 193 609 70 179 93 383 471 151 504 420 164 137 406 478 550 205 403 451 479 585 302 671 650 483 641 253 351 603 188 350 141 455 197 506 493 285 37 145 202 483 569 567 571 127 440 306 540 214 154 4 399 132 64 155 586 517 447 469 104 126 203 459 531 530 482 189 293 687 493 234 301 407 453 576 605 446 617 552 179 575 412 511 199 163 421 373 238 68 210 239 521 519 470 386 148 434 153 501 264 94 205 590 32 523 451 558 507 561 634 514 111 516 571 253 450 126 341 561 30 444 496 557 488 484 547 460 124 107 535 507 197 473 401 86 567 464 472 497 513 599 487 489 482 116 472 442 444 45
122 414 95 507 391 462 600 435 564 529 409 456 517 230 47 17 559 624 554 122 82 125 652 180 399 546 125 204 102 463 235 705 379 450 470 301 567 413 211 536 464 38 376 69 0 325 144 468 567 85 301 117 481 138 541 9 161 99 315 402 132 436 353 121 127 467 411 614 191 334 383 536 641 365 606 582 416 573 187 404 666 169 288 106 506 136 438 424 217 40 79 232 415 631 631 503 74 372 361 599 188 170 72 336 127 7 137 642 450 502 401 144 72 143 522 463 462 414 133 257 619 425 170 365 341 385 631 666 380 677 613 113 512 353 443 157 111 355 307 209 8 147 185 587 580 403 454 147 366 142 563 329 45 188 522 99 454 518 621 440 617 565 445 91 448 503 262 516 181 397 626 79 508 428 617 420 416 608 393 80 75 595 573 138 534 468 21 499 530 403 554 570 657 547 420 541 68 404 374 376 28
342 170 259 827 121 139 917 138 887 845 731 138 834 362 303 329 251 943 871 441 259 274 970 375 148 869 225 440 353 146 395 1028 105 164 163 119 891 118 240 851 774 361 102 390 325 0 186 768 887 261 626 267 802 211 257 321 306 351 147 129 306 154 172 329 324 790 98 939 313 107 160 855 958 689 403 314 214 266 198 719 990 301 247 280 819 196 168 169 145 365 266 447 104 955 956 249 268 98 680 919 278 385 395 234 335 328 306 959 220 818 95 415 269 193 847 215 179 102 212 239 308 150 156 689 211 128 946 989 215 999 935 212 341 101 219 236 305 207 18 267 328 182 178 911 904 229 775 341 144 320 887 653 299 305 209 422 199 841 945 127 935 267 146 313 171 189 404 840 466 715 950 404 832 123 939 205 127 930 195 278 302 916 897 200 857 791 314 234 854 108 873 889 977 868 134 862 281 149 188 84 346
205 307 75 651 273 325 744 310 708 673 553 322 661 219 117 145 432 768 698 265 102 101 796 208 288 690 45 266 170 330 244 848 259 330 342 198 707 288 126 680 606 178 256 206 144 186 0 608 711 75 444 91 625 37 424 139 146 168 222 284 134 317 262 194 149 611 279 756 165 223 281 680 785 508 525 473 325 446 134 547 809 145 248 100 649 9 323 314 125 185 110 280 284 775 773 398 82 251 505 743 137 213 211 276 158 146 136 786 351 645 272 232 83 13 665 358 343 283 34 161 490 307 32 507 270 271 774 810 300 821 757 41 441 210 346 81 169 278 169 143 149 4 56 727 724 322 589 170 262 150 707 470 113 158 392 238 346 656 764 308 761 443 320 130 331 372 262 655 283 541 768 223 650 300 761 325 293 752 301 93 116 739 712 20 678 606 139 389 670 278 698 714 802 691 299 685 95 292 285 250 162
427 793 562 149 793 894 182 844 208 122 164 880 124 641 510 473 963 221 149 349 513 583 237 575 788 207 593 539 515 886 622 329 787 849 882 699 313 824 672 122 59 443 784 425 468 768 608 0 183 553 243 578 142 607 921 475 601 513 696 803 575 833 720 441 559 179 835 307 626 736 761 151 217 212 899 941 767 974 578 102 315 611 605 564 84 601 827 809 630 431 505 569 837 281 308 865 542 782 148 210 638 555 421 660 552 469 579 219 808 113 822 489 540 609 227 831 855 839 601 718 1021 821 627 218 682 781 197 286 722 284 245 570 802 817 800 622 464 700 750 663 462 610 653 302 238 741 314 566 750 575 234 252 510 627 935 398 830 308 281 861 201 956 855 536 840 918 648 298 462 128 308 398 237 844 235 779 823 233 751 544 530 213 312 605 201 292 469 871 294 817 161 173 247 183 825 178 534 793 734 794 460
560 937 653 61 930 1020 48 980 34 60 160 1010 62 689 601 567 1102 57 36 447 629 663 86 627 929 50 687 574 584 1017 663 152 921 988 1017 835 161 958 749 62 136 534 919 509 567 887 711 183 0 646 276 662 86 702 1067 572 669 584 837 941 647 973 865 573 629 109 965 132 689 872 905 35 82 214 1064 1093 918 1114 710 173 132 678 756 647 98 703 969 951 758 527 622 599 967 99 128 1015 636 916 207 33 709 605 505 813 620 566 650 82 958 77 953 541 634 710 93 979 996 968 697 792 1161 960 736 216 832 920 85 109 873 113 62 678 966 920 950 706 593 850 869 734 563 714 748 138 62 894 229 629 892 643 68 260 602 692 1071 477 976 183 100 992 57 1100 990 614 981 1052 685 174 500 172 129 489 115 977 55 928 959 51 900 633 614 31 156 704 56 198 574 1018 161 950 22 16 90 26 962 30 625 934 881 926 551
184 377 11 585 346 400 680 385 641 610 486 397 598 177 45 80 507 703 634 205 94 52 731 148 359 622 41 198 96 405 194 780 332 404 417 266 634 362 129 617 547 112 329 137 85 261 75 553 646 0 375 40 560 56 497 78 100 94 287 357 77 390 327 178 86 543 354 685 128 294 350 615 722 439 589 545 391 521 177 486 739 104 291 38 589 66 396 386 186 122 98 217 359 705 702 468 11 324 442 677 113 148 141 329 92 84 81 722 419 582 347 158 13 69 596 428 417 358 52 174 565 381 107 438 327 343 712 742 361 754 689 67 500 275 414 73 158 338 244 131 92 79 102 656 655 384 515 108 331 93 638 399 44 122 467 169 417 583 694 384 697 517 394 58 404 447 217 582 208 477 697 158 580 375 694 392 367 684 367 18 42 672 640 62 610 533 90 461 597 352 634 649 736 624 373 619 21 364 350 325 95
326 699 381 217 684 762 315 731 268 250 116 755 236 417 330 298 855 332 271 189 372 388 362 353 687 248 416 306 309 762 393 405 673 743 767 590 270 709 473 259 208 266 670 238 301 626 444 243 276 375 0 388 192 430 829 305 393 308 598 695 371 728 630 338 353 170 710 313 414 625 667 249 355 64 859 863 689 868 466 145 365 403 536 373 240 435 727 712 508 261 366 333 713 331 330 784 365 666 96 306 434 332 234 592 344 298 374 356 727 223 699 267 364 441 221 745 753 713 426 516 914 716 471 64 606 675 350 368 648 381 315 414 761 649 720 432 353 623 608 458 298 447 476 286 281 670 173 353 651 367 263 35 332 417 820 206 739 225 320 738 330 857 741 340 738 801 417 221 229 124 325 222 206 725 321 697 711 311 668 361 341 300 275 435 236 177 312 783 233 700 267 282 366 253 714 247 354 692 650 673 282
224 398 30 602 363 404 698 397 655 629 502 405 616 139 70 107 517 719 653 229 134 13 748 118 378 635 46 176 87 413 159 792 348 419 427 289 641 375 95 637 569 136 345 155 117 267 91 578 662 40 388 0 577 57 513 108 62 86 312 374 44 406 352 217 59 557 364 694 88 314 371 633 739 452 615 563 415 532 211 506 750 65 326 15 610 82 413 404 212 149 139 190 369 717 712 488 49 340 461 693 73 123 159 360 68 114 46 740 442 601 357 148 51 80 607 448 432 367 57 141 575 397 122 450 357 361 731 755 389 768 703 99 529 266 437 45 198 366 252 93 124 95 93 664 668 411 519 79 353 60 650 410 72 82 476 185 436 589 705 393 714 530 407 49 420 456 180 589 200 496 706 180 590 386 709 415 381 699 391 37 48 687 647 71 623 539 126 479 604 365 651 666 752 640 387 634 49 382 375 338 118
476 854 567 25 846 935 123 895 89 64 76 925 49 608 515 481 1018 143 79 361 543 578 171 545 845 77 601 495 500 932 583 231 837 904 933 751 172 874 664 74 84 449 834 423 481 802 625 142 86 560 192 577 0 616 984 486 585 499 754 857 563 889 782 489 544 43 880 175 606 788 822 57 163 132 987 1012 836 1030 626 93 202 594 676 562 76 617 885 868 674 441 536 521 882 165 182 933 550 831 122 118 625 524 419 732 535 480 566 164 876 42 868 459 548 624 85 897 912 883 611 708 1077 877 650 136 751 836 158 190 792 197 137 592 889 834 868 621 509 768 783 650 477 628 662 164 114 813 186 545 808 559 103 180 517 609 986 392 893 167 160 907 138 1016 906 529 898 968 606 157 419 88 179 403 95 892 138 846 874 129 818 547 529 114 171 619 67 158 488 936 152 866 75 90 176 67 878 61 539 851 799 841 466
220 341 50 641 306 349 736 340 697 666 542 349 653 182 101 135 460 758 690 259 118 66 787 173 322 678 15 233 142 357 208 836 291 361 370 234 689 318 96 673 602 168 288 193 138 211 37 607 702 56 430 57 616 0 456 132 109 140 258 317 100 348 298 210 116 599 307 740 129 257 316 671 777 495 561 506 361 475 169 541 795 109 284 69 644 31 356 348 161 177 126 245 312 761 758 432 66 283 497 733 101 179 197 313 126 138 101 778 386 638 300 204 68 24 652 392 375 310 6 136 518 340 66 494 307 304 767 798 336 810 745 63 477 219 382 45 188 315 195 109 144 41 46 711 711 359 569 136 297 115 693 455 99 121 419 225 380 638 750 336 753 473 349 102 363 399 226 637 255 533 752 213 635 329 750 360 324 740 337 70 93 728 695 17 666 588 139 422 652 308 689 705 792 680 330 674 77 326 321 280 150
509 130 499 1008 151 161 1089 119 1073 1017 921 140 1009 618 532 550 73 1120 1045 640 461 522 1144 626 142 1058 468 689 593 132 651 1216 165 95 103 240 1098 140 497 1022 941 578 169 609 541 257 424 921 1067 497 829 513 984 456 0 540 559 591 231 140 555 108 202 496 572 982 162 1139 569 206 163 1033 1129 889 198 62 156 72 363 895 1183 555 317 524 986 433 103 117 324 577 466 699 155 1147 1153 65 502 173 864 1100 533 635 613 263 581 546 556 1130 116 992 162 656 502 434 1042 91 81 159 456 495 109 117 392 890 239 156 1113 1174 201 1180 1122 436 201 326 124 488 478 222 268 524 541 420 430 1114 1094 186 992 591 177 570 1079 860 527 561 92 639 91 1053 1138 138 1108 42 112 554 94 100 661 1050 705 897 1149 614 1031 135 1121 143 132 1114 170 516 539 1097 1103 442 1046 1003 524 51 1062 150 1050 1065 1153 1052 126 1045 515 137 187 177 566
130 414 87 512 390 459 605 434 569 535 414 453 523 221 38 11 558 629 560 128 84 116 657 172 398 551 118 198 95 461 227 709 378 450 468 301 570 411 203 542 470 40 375 70 9 321 139 475 572 78 305 108 486 132 540 0 153 91 316 401 124 435 354 129 118 472 409 618 182 334 384 541 647 369 608 582 417 572 189 410 670 160 292 97 513 131 437 424 217 46 81 225 413 636 635 503 67 371 367 604 179 162 74 339 118 7 128 648 451 507 399 139 65 138 526 463 461 412 126 249 617 424 166 369 344 384 637 671 382 682 617 110 515 348 444 149 118 357 303 200 17 142 178 590 585 405 456 138 366 133 567 332 36 179 520 101 455 521 625 438 623 564 444 82 447 501 253 519 177 402 629 84 511 426 622 421 415 612 394 71 66 599 576 133 538 471 28 499 533 402 559 575 663 552 419 546 60 403 376 375 26
278 449 91 610 411 439 708 441 659 641 509 443 627 77 115 148 557 726 663 258 194 49 755 69 428 639 102 135 87 452 98 792 395 464 469 343 633 420 84 649 586 169 392 179 161 306 146 601 669 100 393 62 585 109 559 153 0 88 368 421 29 452 408 273 42 562 404 689 29 365 424 642 749 456 671 612 470 572 272 522 749 9 387 63 625 139 461 454 270 185 198 141 410 717 709 538 107 387 475 699 41 82 183 420 50 157 25 749 494 613 400 132 108 134 608 499 478 408 112 124 613 444 175 454 415 410 742 758 446 772 705 160 587 285 490 71 256 424 293 65 169 150 129 658 670 468 508 42 405 26 651 411 120 27 515 204 486 580 704 433 723 573 450 72 467 495 118 581 181 509 702 208 589 428 713 469 427 703 446 91 87 693 640 126 627 531 176 528 597 409 660 675 759 646 433 640 103 432 431 382 153
221 471 93 524 440 489 621 478 575 554 423 489 540 140 69 82 599 640 576 172 163 83 670 83 453 555 126 110 4 497 138 710 426 498 509 360 556 456 165 562 498 90 423 93 99 351 168 513 584 94 308 86 499 140 591 91 88 0 379 451 64 484 419 220 46 477 446 610 113 388 443 555 662 371 680 639 483 614 262 434 667 97 373 72 537 158 490 480 278 107 164 135 451 635 628 562 91 418 387 614 127 71 96 415 39 92 67 663 513 526 439 64 91 159 525 522 510 450 139 209 658 474 200 369 416 437 655 674 452 688 622 159 589 352 507 128 209 428 335 151 105 172 180 579 586 475 433 56 425 62 568 328 75 114 559 116 511 503 622 475 637 610 488 38 498 539 166 503 115 421 622 123 507 467 629 485 461 618 459 76 53 608 562 151 543 454 119 554 519 446 574 589 674 561 467 555 78 458 442 418 79
278 101 291 778 99 214 860 150 842 788 690 194 779 438 315 326 267 891 816 409 234 323 916 430 92 827 267 485 382 197 466 985 96 153 188 31 867 132 329 793 713 353 94 383 315 147 222 696 837 287 598 312 754 258 231 316 368 379 0 107 356 137 40 264 369 750 154 907 385 49 69 803 901 657 303 268 104 278 132 665 952 366 111 319 758 230 132 115 102 349 238 501 153 915 922 188 289 93 633 870 353 434 387 87 378 321 358 902 134 763 139 442 289 234 811 148 159 156 256 345 325 125 193 659 65 85 885 943 80 950 891 221 221 248 128 299 246 64 139 352 315 218 250 883 863 101 762 391 54 372 848 629 309 377 240 411 141 822 907 173 879 262 160 345 144 224 482 819 489 666 917 386 800 153 891 106 129 883 80 305 327 867 872 242 815 773 298 186 831 128 820 836 924 821 130 815 301 97 63 112 342
381 47 359 881 11 117 965 43 945 893 791 93 884 483 393 411 162 995 921 506 324 383 1020 488 28 929 328 550 453 94 515 1087 26 48 81 105 964 31 364 898 818 440 29 471 402 129 284 803 941 357 695 374 857 317 140 401 421 451 107 0 416 33 96 367 432 851 65 1007 433 69 58 907 1006 756 274 190 101 174 231 769 1053 418 213 384 863 293 40 40 187 439 330 561 60 1017 1022 121 362 34 735 973 398 496 475 173 442 407 417 1007 95 867 53 516 362 294 911 86 59 66 316 367 221 23 252 757 145 22 991 1046 124 1054 993 296 222 219 95 350 347 131 136 390 404 280 293 981 965 127 855 452 58 431 949 725 388 424 132 501 70 917 1008 72 984 163 53 414 46 116 527 915 565 769 1017 477 899 51 994 88 23 986 91 375 399 970 969 302 917 868 387 107 928 33 924 940 1028 924 22 918 375 25 97 46 428
250 441 69 588 405 442 685 438 638 618 487 444 604 102 87 119 556 704 640 230 169 33 733 74 421 618 89 134 63 452 117 772 390 460 468 333 616 416 102 625 561 140 387 151 132 306 134 575 647 77 371 44 563 100 555 124 29 64 356 416 0 448 396 246 20 541 403 671 58 357 415 619 726 435 659 606 459 571 253 497 730 37 368 40 601 126 455 447 256 156 173 146 409 697 690 531 82 382 450 677 64 80 155 404 30 127 4 726 485 590 398 116 84 123 588 492 474 407 101 145 614 439 165 433 401 404 719 737 433 751 685 141 573 295 481 72 229 410 291 88 140 138 129 641 649 455 493 36 396 16 631 391 91 56 515 178 479 563 685 432 701 571 448 42 462 495 140 564 168 485 684 180 569 426 692 459 423 682 435 65 58 671 623 115 606 514 147 522 580 406 637 652 737 624 429 618 76 425 419 379 124
413 52 391 913 44 108 997 29 977 924 824 82 915 513 426 444 130 1027 952 539 357 414 1052 519 47 961 361 581 486 79 545 1120 58 16 57 138 997 38 393 930 850 473 61 504 436 154 317 833 973 390 728 406 889 348 108 435 452 484 137 33 448 0 120 399 464 884 72 1039 463 102 77 938 1037 789 256 160 106 142 263 800 1085 448 239 416 894 326 20 37 220 473 363 592 65 1049 1054 97 394 66 767 1005 427 527 508 194 474 440 448 1039 87 899 65 548 395 326 944 69 27 70 348 394 188 13 285 790 167 53 1022 1078 139 1086 1026 329 215 237 90 381 380 151 163 419 437 313 324 1014 997 136 888 483 84 463 982 759 421 455 104 534 52 950 1040 64 1015 130 34 447 16 91 556 948 598 801 1050 511 932 47 1026 91 27 1018 104 408 432 1003 1002 335 949 901 420 80 961 47 956 972 1060 956 20 950 408 41 115 71 461
308 74 331 806 91 212 887 139 871 815 720 189 806 478 354 364 246 918 843 443 271 363 942 470 73 856 307 525 422 190 506 1014 95 134 175 67 900 126 367 819 739 390 94 420 353 172 262 720 865 327 630 352 782 298 202 354 408 419 40 96 396 120 0 295 409 780 155 938 425 65 43 830 927 689 263 233 64 256 167 692 981 406 119 359 783 270 109 90 141 386 275 541 152 945 952 153 328 96 662 897 393 474 424 77 418 359 398 928 97 790 140 481 328 274 842 115 137 156 296 382 302 107 233 691 49 75 910 972 44 978 920 260 182 273 91 339 278 37 167 391 352 258 289 914 892 62 796 431 39 412 878 663 348 417 224 448 111 855 937 168 905 237 148 384 123 210 522 852 528 695 948 421 831 147 919 68 119 912 40 344 367 895 904 282 844 806 334 154 863 124 847 863 950 849 118 843 341 78 23 117 380
14 365 189 514 357 453 598 407 578 526 426 440 516 346 160 138 529 628 553 155 92 229 653 301 356 562 202 324 223 446 355 721 349 415 445 262 606 386 302 531 452 141 346 164 121 329 194 441 573 178 338 217 489 210 496 129 273 220 264 367 246 399 295 0 244 486 395 644 302 299 333 539 639 395 524 527 352 541 138 401 687 279 200 211 497 190 396 379 189 128 85 352 397 651 658 447 168 343 368 606 291 291 165 255 245 128 250 640 390 500 382 261 167 201 547 409 423 398 204 345 588 387 202 397 268 346 624 679 310 686 627 153 427 389 383 246 25 285 311 308 115 194 249 620 599 332 507 265 319 257 583 371 155 298 498 180 405 563 642 421 616 527 418 207 408 480 381 559 289 402 653 150 537 405 627 360 386 619 332 182 188 603 610 201 550 515 101 448 570 379 557 572 660 557 389 550 171 361 313 354 144
248 456 79 570 421 461 667 456 619 600 469 462 586 103 84 112 574 685 622 216 173 50 715 63 437 599 104 117 45 470 112 753 406 477 485 347 596 434 121 608 544 129 403 137 127 324 149 559 629 86 353 59 544 116 572 118 42 46 369 432 20 464 409 244 0 522 421 652 68 372 430 601 708 416 672 622 473 589 262 480 710 51 377 50 583 140 471 463 269 146 176 132 427 678 671 547 88 398 433 659 81 64 141 414 11 121 22 708 500 572 415 96 89 138 569 507 491 425 116 163 632 455 181 414 412 419 701 718 445 732 666 152 585 315 495 91 229 422 309 106 134 153 148 621 630 468 473 23 411 16 612 372 89 68 533 162 495 544 665 450 683 588 465 37 479 513 137 544 148 467 665 167 550 444 674 473 440 663 449 71 57 653 603 130 587 494 144 538 560 424 619 634 719 605 446 600 79 441 432 396 115
473 851 550 58 841 926 153 889 98 105 60 917 89 581 498 466 1013 164 114 350 533 558 194 518 841 79 584 465 478 924 554 238 831 899 926 746 143 867 643 114 120 433 828 406 467 790 611 179 109 543 170 557 43 599 982 472 562 477 750 851 541 884 780 486 522 0 871 161 581 782 819 89 191 106 993 1012 836 1025 621 108 202 571 677 543 118 603 881 865 667 427 527 490 874 166 173 932 534 825 120 137 602 497 402 734 513 465 544 191 875 85 860 433 532 609 64 895 908 875 595 685 1072 872 637 108 751 831 190 199 793 211 146 579 894 818 868 602 504 768 772 627 463 614 645 144 114 814 143 521 805 536 98 152 500 584 979 374 891 129 156 899 166 1012 900 509 893 961 576 120 391 92 169 388 63 885 152 845 868 141 817 530 510 131 144 603 67 116 476 934 118 859 105 118 197 84 872 79 523 847 798 833 450
409 111 354 905 66 61 992 46 966 919 812 46 909 459 394 417 153 1020 946 522 338 371 1046 472 93 949 320 537 448 52 493 1109 60 75 65 140 978 36 338 925 847 448 61 478 411 98 279 835 965 354 710 364 880 307 162 409 404 446 154 65 403 72 155 395 421 871 0 1023 411 106 121 931 1033 772 328 222 167 168 257 794 1072 399 265 376 891 289 91 101 207 450 345 545 7 1037 1039 167 360 61 758 997 376 483 483 231 431 415 404 1034 156 893 15 511 361 287 929 140 90 4 308 333 211 74 248 773 204 82 1019 1068 188 1077 1015 300 284 167 158 333 373 192 112 365 413 275 276 996 985 192 864 439 116 418 969 739 390 403 113 510 123 929 1027 29 1010 169 50 408 87 93 502 927 562 792 1034 489 916 28 1017 153 47 1009 156 372 396 994 983 295 937 879 398 148 941 32 949 965 1053 947 54 940 374 91 160 42 434
631 1009 690 160 996 1076 164 1043 101 188 220 1069 183 695 640 611 1167 135 168 501 685 693 154 637 998 100 725 576 610 1076 664 115 986 1055 1080 902 65 1021 772 192 253 578 983 550 614 939 756 307 132 685 313 694 175 740 1139 618 689 610 907 1007 671 1039 938 644 652 161 1023 0 704 937 976 158 170 251 1154 1171 995 1180 777 265 67 698 837 679 224 747 1038 1022 821 574 679 595 1027 55 22 1091 676 979 281 120 730 616 545 894 642 611 674 168 1034 194 1013 557 674 752 98 1053 1064 1027 737 812 1227 1028 783 250 911 987 189 101 952 124 84 727 1055 959 1027 737 661 928 921 754 611 759 785 33 71 974 188 647 962 664 73 286 643 709 1133 517 1048 117 42 1051 157 1168 1054 645 1049 1114 682 113 510 253 15 535 108 1038 104 1004 1023 96 975 670 649 112 57 746 109 161 625 1092 95 1013 153 147 146 124 1027 129 664 1003 957 986 594
307 462 117 631 422 443 728 450 678 662 530 448 649 54 145 177 563 745 684 285 221 75 775 71 441 657 124 139 111 457 82 809 406 474 476 359 647 429 78 671 609 197 403 205 191 313 165 626 689 128 414 88 606 129 569 182 29 113 385 433 58 463 425 302 68 581 411 704 0 379 439 662 769 475 687 623 486 578 295 545 765 23 410 91 647 159 473 467 290 213 226 137 418 734 724 551 135 398 497 718 36 89 209 441 74 186 54 769 509 635 408 148 136 153 625 512 489 415 132 109 618 455 193 473 435 423 763 775 464 790 723 184 605 283 505 86 284 443 301 53 198 169 139 673 687 486 522 61 420 52 668 430 149 8 520 229 499 594 721 439 744 580 458 100 478 500 97 595 195 531 718 235 605 436 732 484 437 721 463 120 116 712 654 145 645 545 205 540 612 419 680 695 778 665 443 660 131 445 448 392 182
313 84 296 812 59 166 897 108 875 824 722 148 815 431 327 344 231 926 852 436 255 323 952 430 65 859 268 489 390 152 461 1018 51 118 146 37 895 88 316 830 750 372 48 403 334 107 223 736 872 294 625 314 788 257 206 334 365 388 49 69 357 102 65 299 372 782 106 937 379 0 61 838 937 686 311 251 113 243 161 700 984 362 160 323 795 232 103 92 118 371 261 503 105 948 952 175 297 46 666 904 345 436 407 133 381 339 358 939 130 799 91 452 298 234 842 135 128 108 256 326 290 91 192 687 108 50 922 977 108 985 924 230 239 208 127 294 278 101 103 341 335 219 240 912 895 123 786 393 42 373 880 656 322 371 199 433 123 848 938 127 915 232 119 351 113 182 475 846 500 700 947 409 830 108 925 107 87 917 91 312 335 901 900 242 847 799 318 167 858 82 855 871 959 855 90 848 311 70 82 64 360
346 33 353 846 55 175 927 99 910 855 759 151 847 492 380 394 203 958 883 478 302 382 983 489 31 895 326 547 446 151 521 1053 64 92 134 83 936 89 377 860 779 421 65 451 383 160 281 761 905 350 667 371 822 316 163 384 424 443 69 58 415 77 43 333 430 819 121 976 439 61 0 870 967 726 250 199 54 213 201 732 1020 422 162 380 824 289 67 47 167 418 307 561 117 984 990 120 352 68 701 937 406 494 455 117 439 389 417 969 70 830 107 507 353 292 880 80 95 122 314 387 260 65 250 728 89 40 951 1011 67 1018 959 285 181 259 66 354 315 74 160 402 383 277 301 951 931 72 831 451 19 431 916 698 375 431 182 480 72 891 975 130 946 195 107 407 80 168 536 888 554 734 986 454 869 109 959 47 80 951 36 368 391 935 941 300 883 842 366 117 900 89 887 903 991 889 78 882 365 36 39 90 410
525 903 622 32 896 987 66 946 57 31 132 977 27 665 570 536 1068 89 25 415 596 634 116 601 894 61 656 551 556 983 640 187 888 954 983 801 175 925 721 37 102 504 885 479 536 855 680 151 35 615 249 633 57 671 1033 541 642 555 803 907 619 938 830 539 601 89 931 158 662 838 870 0 107 189 1028 1059 883 1080 677 138 166 651 722 618 67 672 934 917 725 496 589 576 934 131 157 980 605 882 175 67 682 580 474 778 592 534 622 108 923 42 919 515 604 679 95 944 962 935 667 764 1127 926 704 192 797 885 102 144 839 148 96 646 931 889 915 677 560 815 836 706 531 683 717 158 87 859 223 602 857 615 86 236 572 665 1037 448 941 187 130 958 82 1065 956 585 947 1018 662 178 476 140 157 458 115 943 91 893 925 85 865 603 585 67 172 674 59 193 542 984 167 917 18 34 122 34 928 30 595 900 846 892 521
625 1000 729 138 996 1089 42 1046 105 113 239 1078 124 770 676 642 1167 36 87 520 700 741 23 707 992 126 763 656 663 1084 745 125 988 1053 1084 901 219 1025 828 108 188 610 985 585 641 958 785 217 82 722 355 739 163 777 1129 647 749 662 901 1006 726 1037 927 639 708 191 1033 170 769 937 967 107 0 294 1115 1153 977 1179 777 239 134 758 815 725 144 777 1032 1015 826 601 692 681 1035 117 156 1075 711 982 280 61 788 686 581 871 699 640 729 2 1018 140 1020 622 710 785 169 1040 1060 1036 773 871 1226 1025 809 297 892 984 25 89 933 76 86 751 1018 995 1010 784 660 910 940 813 636 788 824 189 117 952 307 709 955 722 133 341 678 772 1137 554 1038 253 128 1059 25 1163 1056 692 1045 1119 767 244 581 245 160 564 192 1043 67 988 1025 77 960 709 691 70 213 779 135 275 647 1080 229 1017 89 74 35 108 1027 112 701 998 942 993 627
382 758 445 157 745 825 255 792 204 194 58 818 179 476 394 362 916 270 212 250 434 452 300 413 747 184 480 363 372 825 451 341 734 804 829 651 211 770 537 203 166 330 732 302 365 689 508 212 214 439 64 452 132 495 889 369 456 371 657 756 435 789 689 395 416 106 772 251 475 686 726 189 294 0 912 922 747 929 526 109 301 465 591 437 190 499 787 772 570 325 428 388 776 267 267 842 429 728 73 243 496 392 298 647 407 362 438 295 785 168 762 328 428 505 158 804 813 776 491 579 976 777 534 6 663 736 291 304 705 317 251 477 814 714 778 496 411 680 671 521 361 511 540 225 217 727 133 415 711 430 199 48 396 479 882 270 798 171 256 801 269 918 803 403 799 863 474 166 287 84 262 286 144 787 258 755 772 247 727 425 405 237 216 499 172 128 375 842 176 762 206 221 303 190 776 184 418 753 708 735 346
535 233 593 1009 282 349 1077 283 1076 1008 934 324 1003 740 613 619 267 1113 1037 679 525 626 1133 733 255 1064 570 787 682 317 768 1216 298 253 286 328 1123 294 626 1011 930 641 300 671 606 403 525 899 1064 589 859 615 987 561 198 608 671 680 303 274 659 256 263 524 672 993 328 1154 687 311 250 1028 1115 912 0 147 201 261 420 894 1189 669 325 622 973 533 238 234 403 635 527 804 321 1152 1165 162 589 305 873 1095 654 736 674 272 680 612 661 1117 183 987 321 741 589 537 1056 189 239 326 559 636 279 257 496 915 265 275 1095 1172 228 1175 1123 522 99 493 185 602 515 252 406 651 604 521 550 1133 1100 205 1030 694 269 675 1088 893 607 679 289 695 206 1083 1146 314 1096 230 281 646 241 295 784 1078 785 902 1162 667 1049 301 1119 204 283 1113 225 606 628 1095 1127 545 1052 1036 586 183 1088 302 1044 1059 1143 1052 275 1046 602 254 240 320 634
540 169 547 1036 201 223 1113 177 1101 1042 952 202 1034 673 578 592 122 1146 1070 676 501 573 1169 678 186 1087 518 739 641 194 705 1243 217 150 164 281 1133 196 553 1046 964 620 220 650 582 314 473 941 1093 545 863 563 1012 506 62 582 612 639 268 190 606 160 233 527 622 1012 222 1171 623 251 199 1059 1153 922 147 0 176 115 399 921 1212 608 337 573 1009 482 151 159 366 617 506 751 214 1176 1184 80 548 225 893 1126 588 686 654 281 631 588 607 1154 136 1018 220 703 549 484 1073 119 135 219 506 553 134 168 441 924 261 203 1135 1201 220 1206 1149 481 177 388 144 540 511 244 323 580 582 469 484 1147 1123 200 1029 642 216 621 1109 896 572 615 151 679 128 1088 1168 199 1132 84 171 602 145 162 717 1085 751 925 1180 653 1063 194 1148 167 187 1141 195 563 586 1124 1137 492 1075 1039 565 84 1096 206 1075 1091 1177 1079 180 1073 562 181 214 231 609
364 56 395 860 103 214 938 134 925 866 776 188 859 539 418 428 212 970 895 503 334 426 994 533 74 911 370 589 486 186 568 1068 115 116 162 127 958 131 427 870 789 453 117 483 416 214 325 767 918 391 689 415 836 361 156 417 470 483 104 101 459 106 64 352 473 836 167 995 486 113 54 883 977 747 201 176 0 219 230 745 1036 469 162 423 834 333 88 70 205 448 338 605 161 1000 1008 98 392 120 717 950 454 537 486 108 481 422 461 979 41 842 154 545 392 337 898 66 112 167 359 438 263 98 295 749 86 90 960 1025 45 1031 974 324 128 312 33 401 337 68 214 451 415 321 349 972 947 31 857 494 71 475 933 722 412 479 201 510 71 914 992 169 957 195 140 448 101 192 584 911 591 749 1004 483 888 149 973 16 121 965 24 408 430 948 962 345 899 866 397 105 922 135 900 915 1002 903 116 897 405 76 41 141 443
555 182 521 1055 185 140 1138 138 1118 1066 965 130 1057 624 559 581 15 1169 1094 679 497 539 1193 640 187 1103 488 705 615 121 659 1261 195 126 104 279 1137 160 503 1071 991 611 198 641 573 266 446 974 1114 521 868 532 1030 475 72 572 572 614 278 174 571 142 256 541 589 1025 168 1180 578 243 213 1080 1179 929 261 115 219 0 405 942 1227 567 374 543 1036 456 147 166 360 611 503 712 162 1191 1195 136 527 202 909 1147 542 650 645 324 599 578 572 1180 181 1041 174 678 528 454 1085 154 119 164 475 494 47 154 415 930 298 195 1163 1220 262 1227 1167 464 274 315 189 501 521 281 280 530 575 442 443 1154 1138 250 1027 607 224 586 1123 898 555 570 59 672 149 1090 1182 139 1157 32 128 576 134 78 666 1088 729 943 1191 649 1073 146 1168 205 158 1160 229 539 563 1144 1142 462 1090 1040 559 119 1101 170 1098 1113 1201 1098 154 1091 540 181 245 197 598
152 233 184 651 220 316 736 269 714 664 561 302 654 348 194 199 392 765 691 277 105 223 791 325 221 698 171 372 265 308 369 857 211 279 307 125 736 248 260 669 590 223 208 253 187 198 134 578 710 177 466 211 626 169 363 189 272 262 132 231 253 263 167 138 262 621 257 777 295 161 201 677 777 526 420 399 230 405 0 539 822 273 116 214 635 138 261 246 53 218 108 392 259 786 791 320 175 205 505 743 269 324 257 153 269 193 256 778 265 638 244 322 175 147 681 280 287 260 164 291 451 251 119 527 155 210 762 816 193 823 763 112 328 274 258 214 117 169 181 277 186 132 184 751 734 217 630 285 185 269 718 498 188 288 360 280 273 690 777 283 754 392 280 232 273 342 390 687 365 539 787 254 669 267 764 235 248 756 207 192 212 740 741 153 686 641 168 318 699 240 694 710 798 693 251 687 186 226 188 216 214
387 765 494 115 758 850 198 808 181 126 69 840 115 554 441 406 930 226 153 282 460 509 252 489 756 170 527 447 436 846 533 323 750 816 846 663 251 787 598 132 65 374 747 351 404 719 547 102 173 486 145 506 93 541 895 410 522 434 665 769 497 800 692 401 480 108 794 265 545 700 732 138 239 109 894 921 745 942 539 0 295 531 584 492 103 540 796 779 587 364 453 476 796 258 274 843 475 744 49 205 561 468 347 641 472 403 501 240 785 99 782 402 474 547 170 806 824 797 536 642 989 788 570 116 660 747 227 280 701 286 229 512 796 757 778 551 422 677 701 585 399 550 588 251 206 722 222 484 719 496 195 150 442 547 899 321 803 231 252 821 216 927 819 461 809 881 558 223 370 26 271 328 171 805 227 755 787 220 727 475 458 203 252 542 159 205 409 846 224 779 155 171 259 158 790 152 466 762 709 754 391
674 1053 745 181 1042 1126 144 1091 114 193 262 1118 193 757 695 664 1214 107 167 550 734 750 113 698 1043 126 780 639 668 1125 727 48 1032 1101 1128 948 132 1069 831 194 268 631 1030 603 666 990 809 315 132 739 365 750 202 795 1183 670 749 667 952 1053 730 1085 981 687 710 202 1072 67 765 984 1020 166 134 301 1189 1212 1036 1227 822 295 0 758 877 736 231 800 1083 1066 868 626 728 659 1076 37 45 1133 730 1026 319 106 789 678 599 933 700 664 732 132 1076 208 1061 617 729 806 144 1096 1110 1076 791 872 1274 1073 836 302 951 1032 157 47 993 68 70 779 1091 1014 1068 794 706 969 972 814 663 812 840 99 89 1014 254 707 1006 723 104 340 697 769 1181 571 1092 183 46 1100 131 1214 1101 701 1095 1162 746 178 571 288 52 587 160 1086 82 1046 1070 82 1017 725 704 103 124 800 137 225 676 1135 160 1060 154 143 102 138 1073 144 719 1048 999 1035 647
284 446 94 620 407 434 717 437 669 650 519 438 637 75 122 155 552 735 672 266 198 52 764 74 426 648 102 142 96 447 99 801 392 460 464 341 642 416 76 658 595 177 389 188 169 301 145 611 678 104 403 65 594 109 555 160 9 97 366 418 37 448 406 279 51 571 399 698 23 362 422 651 758 465 669 608 469 567 273 531 758 0 389 68 634 139 458 451 270 193 202 146 406 726 717 535 112 384 484 708 32 89 191 421 59 164 33 758 492 622 395 141 113 133 617 496 475 403 112 115 608 441 174 463 415 407 751 767 445 781 715 162 586 278 488 68 261 423 288 56 176 149 125 667 679 467 517 51 403 36 660 420 126 19 509 213 483 589 713 428 733 568 446 79 464 489 117 589 190 518 711 216 598 424 723 467 423 712 445 96 94 702 648 125 636 540 182 525 606 405 669 684 768 655 429 650 108 429 429 378 161
211 192 299 699 206 325 776 257 765 704 618 304 697 463 304 303 365 809 733 354 211 338 832 439 192 751 287 483 376 306 484 907 206 254 294 132 803 241 372 709 627 321 204 350 288 247 248 605 756 291 536 326 676 284 317 292 387 373 111 213 368 239 119 200 377 677 265 837 410 160 162 722 815 591 325 337 162 374 116 584 877 389 0 329 672 253 228 208 134 313 211 505 263 840 850 260 289 204 558 789 384 438 352 56 383 295 371 817 203 681 250 430 288 261 740 226 256 267 279 399 420 226 228 594 77 191 798 864 117 869 813 227 227 343 195 329 190 95 235 390 285 245 293 815 788 137 706 400 156 384 774 570 298 404 343 372 226 761 833 283 795 353 266 345 242 329 506 757 469 589 846 343 731 262 811 174 236 804 147 306 325 787 807 267 739 713 267 266 767 237 738 754 840 742 236 736 299 197 130 223 316
217 407 30 587 373 417 683 409 640 614 487 417 601 140 58 95 529 704 638 216 131 19 733 112 388 621 56 167 73 426 156 777 358 430 439 297 626 386 108 622 555 122 355 141 106 280 100 564 647 38 373 15 562 69 524 97 63 72 319 384 40 416 359 211 50 543 376 679 91 323 380 618 725 437 622 573 423 543 214 492 736 68 329 0 595 91 423 414 219 136 135 182 381 702 697 497 44 350 446 678 82 114 145 365 59 102 43 725 450 587 369 135 45 90 593 458 443 379 68 154 587 407 132 436 362 371 716 741 395 754 688 102 535 280 445 59 193 372 264 104 113 104 107 649 653 418 505 72 361 55 635 395 61 87 488 171 446 574 690 405 700 541 418 35 430 468 179 574 187 481 691 166 575 397 694 423 392 684 399 29 34 673 632 82 609 524 116 489 590 376 636 652 738 625 398 619 40 392 382 349 105
483 856 597 72 853 948 104 903 124 38 132 937 41 655 544 509 1024 140 65 385 560 613 160 591 849 126 630 546 539 942 633 247 845 910 941 758 237 882 701 38 45 477 843 455 506 819 649 84 98 589 240 610 76 644 986 513 625 537 758 863 601 894 783 497 583 118 891 224 647 795 824 67 144 190 973 1009 834 1036 635 103 231 634 672 595 0 642 889 871 685 467 553 574 893 197 224 932 578 840 150 127 664 569 450 728 575 506 604 145 874 35 879 504 577 650 151 896 917 894 639 746 1082 882 672 195 748 841 128 204 789 203 161 614 876 859 867 654 518 766 800 689 501 652 690 222 154 809 261 587 812 599 152 237 545 650 994 425 894 240 197 917 124 1019 914 564 902 976 657 230 469 117 224 431 166 901 152 845 882 149 817 578 561 129 234 645 121 234 511 936 223 875 76 89 170 100 885 95 569 855 799 851 494
201 316 65 643 282 334 736 319 700 665 545 332 653 213 107 137 441 760 690 257 98 93 788 200 297 681 37 258 160 340 237 840 268 339 351 207 697 297 124 672 599 169 265 197 136 196 9 601 703 66 435 82 617 31 433 131 139 158 230 293 126 326 270 190 140 603 289 747 159 232 289 672 777 499 533 482 333 456 138 540 800 139 253 91 642 0 332 323 132 176 106 272 294 766 764 406 72 260 497 735 131 205 202 282 149 138 128 778 359 637 281 223 74 11 657 367 352 292 27 161 500 317 41 499 277 280 767 801 307 813 748 38 448 218 355 76 166 285 179 139 141 13 58 718 715 330 580 162 271 142 698 461 104 152 401 230 355 647 755 318 753 452 329 121 340 381 256 646 273 533 759 214 641 309 753 333 303 743 309 83 107 730 703 14 669 597 132 398 661 287 690 706 793 682 308 676 85 301 293 259 153
409 37 397 910 50 128 992 49 974 920 821 101 911 523 430 447 137 1023 948 538 358 422 1047 528 40 958 367 589 492 98 555 1117 66 28 74 137 997 56 404 925 844 475 69 506 438 168 323 827 969 396 727 413 885 356 103 437 461 490 132 40 455 20 109 396 471 881 91 1038 473 103 67 934 1032 787 238 151 88 147 261 796 1083 458 228 423 889 332 0 20 221 474 364 601 84 1047 1052 81 399 74 764 1001 438 535 510 181 481 443 456 1034 67 895 82 554 400 333 942 50 28 89 355 407 193 19 291 789 154 53 1017 1075 124 1082 1023 333 195 254 70 390 377 138 175 430 439 319 333 1013 994 119 889 491 77 471 979 758 425 464 116 536 33 950 1038 84 1011 131 53 453 14 105 567 948 603 798 1048 511 930 67 1023 72 44 1015 88 414 437 999 1002 342 946 901 422 67 960 64 952 967 1055 953 37 946 413 35 101 84 464
392 16 388 892 48 144 974 65 957 902 805 118 894 518 419 434 156 1005 930 523 345 414 1030 520 26 941 359 580 482 116 549 1100 64 48 93 123 981 65 400 907 826 462 66 493 424 169 314 809 951 386 712 404 868 348 117 424 454 480 115 40 447 37 90 379 463 865 101 1022 467 92 47 917 1015 772 234 159 70 166 246 779 1066 451 208 414 871 323 20 0 208 460 350 593 95 1030 1036 84 389 71 747 984 432 527 497 161 472 430 449 1016 55 877 91 544 390 325 925 47 48 101 347 405 212 29 282 773 134 44 999 1058 103 1065 1006 322 183 260 57 383 361 117 174 426 425 310 328 997 978 99 875 483 60 463 962 743 413 459 137 522 32 935 1021 100 993 148 70 443 34 125 562 932 592 781 1032 497 914 80 1006 54 54 998 68 404 427 982 986 333 929 886 408 75 945 71 934 950 1038 936 48 929 402 22 81 86 451
203 197 190 698 176 264 785 223 761 713 607 252 703 343 213 227 347 814 740 319 138 224 839 330 182 744 168 384 280 258 369 903 165 235 260 85 777 201 242 718 640 255 162 285 217 145 125 630 758 186 508 212 674 161 324 217 270 278 102 187 256 220 141 189 269 667 207 821 290 118 167 725 826 570 403 366 205 360 53 587 868 270 134 219 685 132 221 208 0 253 143 401 209 832 836 287 187 158 552 791 260 333 289 153 277 222 259 827 235 687 194 341 187 137 725 247 246 210 158 267 406 209 99 570 145 168 812 863 176 871 810 119 317 224 230 205 166 154 128 263 218 121 162 795 780 199 668 291 149 272 764 539 208 282 313 315 238 731 823 233 803 350 233 243 231 294 387 728 387 586 831 291 713 218 811 207 202 803 181 203 225 788 783 145 732 681 201 282 741 193 743 758 847 741 206 734 200 187 164 167 243
125 449 131 466 428 502 560 473 524 489 368 495 477 246 79 43 597 583 514 82 116 155 611 190 435 506 163 200 111 502 245 664 416 488 509 337 528 451 244 496 425 17 413 37 40 365 185 431 527 122 261 149 441 177 577 46 185 107 349 439 156 473 386 128 146 427 450 574 213 371 418 496 601 325 635 617 448 611 218 364 626 193 313 136 467 176 474 460 253 0 111 230 454 591 591 537 112 409 321 559 216 176 39 363 143 39 160 602 483 461 440 135 110 183 482 497 498 454 172 290 657 462 210 325 371 421 591 626 410 637 572 153 539 394 477 192 126 386 347 239 37 187 224 547 540 434 416 162 401 162 523 289 79 212 561 62 490 479 580 479 577 602 484 114 484 541 273 477 162 357 586 39 467 466 577 453 454 567 425 114 102 554 533 178 493 429 52 534 491 442 514 530 617 506 458 500 103 440 407 415 32
95 338 109 561 319 399 651 365 622 579 467 390 568 274 96 92 489 678 605 178 8 151 704 237 324 605 118 274 167 397 288 764 308 378 401 227 635 343 219 585 509 115 305 145 79 266 110 505 622 98 366 139 536 126 466 81 198 164 238 330 173 363 275 85 176 527 345 679 226 261 307 589 692 428 527 506 338 503 108 453 728 202 211 135 553 106 364 350 143 111 0 298 348 692 694 426 91 301 414 654 210 232 149 257 180 85 177 693 372 552 334 218 90 117 585 386 388 348 119 261 549 352 123 429 263 311 680 724 301 733 671 69 433 313 366 163 62 276 248 226 77 111 164 652 640 325 525 199 290 187 624 396 89 221 454 173 379 588 682 373 669 493 375 140 374 435 312 585 259 449 689 148 571 359 674 343 345 665 315 107 120 650 640 116 593 538 59 423 598 334 607 623 711 603 349 597 97 329 296 308 107
352 587 211 544 550 579 642 582 583 582 446 583 567 105 203 215 697 653 600 269 297 179 683 73 567 561 235 32 131 592 70 705 535 605 609 479 534 560 215 591 541 214 532 202 232 447 280 569 599 217 333 190 521 245 699 225 141 135 501 561 146 592 541 352 132 490 545 595 137 503 561 576 681 388 804 751 605 712 392 476 659 146 505 182 574 272 601 593 401 230 298 0 551 630 616 677 218 527 427 626 172 68 203 545 124 225 144 681 631 555 540 98 218 269 525 637 619 548 247 241 754 584 311 385 544 549 679 675 577 692 625 283 717 420 627 212 343 554 433 189 237 284 270 563 588 600 408 110 542 130 568 340 209 145 655 208 625 480 616 573 655 713 591 161 607 635 87 483 108 457 609 229 504 569 636 605 567 625 581 200 181 618 542 261 550 435 252 667 501 550 594 607 685 574 573 569 206 571 564 523 208
411 106 359 907 62 61 994 38 969 922 815 43 912 466 399 421 148 1023 949 526 342 377 1048 478 89 952 326 543 453 49 499 1112 58 68 59 140 981 30 344 927 849 452 59 483 415 104 284 837 967 359 713 369 882 312 155 413 410 451 153 60 409 65 152 397 427 874 7 1027 418 105 117 934 1035 776 321 214 161 162 259 796 1076 406 263 381 893 294 84 95 209 454 348 551 0 1040 1043 160 365 60 761 1000 382 488 487 229 437 419 409 1036 149 896 15 516 366 292 933 134 83 6 313 340 206 67 253 776 201 78 1021 1071 184 1080 1018 304 278 175 152 339 375 188 118 371 417 280 281 1000 988 187 868 445 113 424 972 743 394 410 108 514 116 933 1030 25 1012 163 43 413 80 88 508 931 567 795 1038 493 919 20 1020 147 41 1011 152 377 401 997 987 300 940 883 402 141 945 28 952 967 1056 949 47 943 378 85 156 43 438
638 1016 711 144 1006 1091 118 1055 77 159 226 1082 158 727 660 629 1178 85 134 515 699 717 100 667 1006 89 746 609 635 1089 698 75 997 1065 1092 911 115 1033 799 161 233 596 994 569 631 955 775 281 99 705 331 717 165 761 1147 636 717 635 915 1017 697 1049 945 651 678 166 1037 55 734 948 984 131 117 267 1152 1176 1000 1191 786 258 37 726 840 702 197 766 1047 1030 832 591 692 630 1040 0 38 1097 696 990 283 77 757 647 564 897 668 629 700 116 1040 172 1026 586 694 772 110 1059 1073 1040 757 840 1237 1037 801 267 915 996 138 49 956 71 38 744 1054 980 1032 761 670 932 937 782 628 778 806 82 52 977 229 675 970 691 68 307 663 738 1145 537 1056 161 15 1065 108 1178 1065 668 1059 1126 717 155 540 251 43 552 128 1050 55 1009 1034 51 981 691 671 71 107 766 101 199 641 1099 137 1025 121 111 91 102 1037 108 685 1012 962 999 613
645 1023 708 164 1011 1092 155 1059 100 187 232 1085 184 715 658 628 1182 122 165 517 701 711 138 657 1012 105 743 597 629 1091 685 93 1001 1070 1095 916 87 1037 792 190 256 595 998 567 631 956 773 308 128 702 330 712 182 758 1153 635 709 628 922 1022 690 1054 952 658 671 173 1039 22 724 952 990 157 156 267 1165 1184 1008 1195 791 274 45 717 850 697 224 764 1052 1036 836 591 694 616 1043 38 0 1105 694 994 293 112 749 636 562 906 661 628 693 154 1048 196 1028 577 692 770 111 1067 1079 1043 754 832 1242 1042 800 266 924 1001 176 81 965 104 74 744 1067 977 1040 756 675 941 938 773 628 776 803 54 71 987 210 666 976 683 79 303 661 729 1148 535 1062 138 29 1067 146 1183 1069 663 1064 1129 703 134 530 263 7 552 123 1054 92 1017 1038 86 989 688 667 105 79 763 115 182 642 1106 116 1028 150 143 129 125 1042 130 682 1018 970 1002 611
460 91 471 957 130 188 1035 122 1022 964 872 162 956 602 500 513 134 1068 992 596 422 498 1091 604 110 1008 442 664 564 156 633 1165 146 92 125 203 1053 135 484 968 887 540 149 571 503 249 398 865 1015 468 784 488 933 432 65 503 538 562 188 121 531 97 153 447 547 932 167 1091 551 175 120 980 1075 842 162 80 98 136 320 843 1133 535 260 497 932 406 81 84 287 537 426 677 160 1097 1105 0 471 154 814 1048 517 611 574 205 556 508 533 1077 57 940 161 626 472 408 994 40 78 165 431 488 174 100 366 844 183 128 1058 1123 143 1128 1071 404 142 334 65 467 431 165 256 510 503 393 412 1067 1044 125 949 567 138 547 1030 816 494 543 140 599 52 1008 1089 152 1054 107 119 526 81 140 646 1005 674 846 1100 573 984 140 1070 87 124 1062 116 486 509 1046 1057 417 996 959 485 22 1017 144 997 1013 1100 1000 117 994 484 106 134 165 530
175 380 22 576 350 407 670 390 631 600 476 404 587 183 36 70 512 693 624 194 87 60 721 151 363 612 51 198 94 412 199 770 337 409 422 269 626 367 139 607 536 102 333 127 74 268 82 542 636 11 365 49 550 66 502 67 107 91 289 362 82 394 328 168 88 534 360 676 135 297 352 605 711 429 589 548 392 527 175 475 730 112 289 44 578 72 399 389 187 112 91 218 365 696 694 471 0 329 432 667 122 149 132 328 94 73 86 712 422 572 352 155 2 76 587 431 421 364 61 185 571 385 112 429 327 346 702 733 362 744 680 68 500 284 416 84 150 338 251 141 81 85 112 647 646 385 508 111 334 97 628 390 34 130 473 160 420 575 685 389 687 522 400 57 408 453 222 574 204 467 688 148 571 380 685 394 372 675 368 18 38 663 632 70 600 525 79 464 589 357 624 639 726 615 378 609 13 367 351 330 85
357 72 325 856 24 121 941 64 919 869 765 102 859 449 360 380 188 970 896 478 295 349 996 454 50 902 295 516 420 105 481 1061 8 80 102 82 936 43 330 874 795 409 5 440 372 98 251 782 916 324 666 340 831 283 173 371 387 418 93 34 382 66 96 343 398 825 61 979 398 46 68 882 982 728 305 225 120 202 205 744 1026 384 204 350 840 260 74 71 158 409 301 527 60 990 994 154 329 0 709 948 363 462 444 171 408 376 383 983 123 843 46 483 330 261 884 118 92 63 282 334 248 57 219 729 144 31 967 1020 132 1028 968 264 246 193 122 316 322 133 102 356 373 247 259 953 938 141 825 418 58 397 922 697 356 390 155 471 103 888 981 81 960 194 75 381 80 137 493 886 532 744 989 448 871 62 969 109 44 960 105 342 366 945 941 269 890 838 357 141 899 36 899 915 1003 898 49 892 342 51 104 22 397
355 734 449 147 725 813 238 774 209 168 62 803 156 505 397 362 897 263 193 240 422 463 291 441 724 194 483 398 388 810 484 352 716 783 811 630 256 752 551 176 114 330 713 306 361 680 505 148 207 442 96 461 122 497 864 367 475 387 633 735 450 767 662 368 433 120 758 281 497 666 701 175 280 73 873 893 717 909 505 49 319 484 558 446 150 497 764 747 552 321 414 427 761 283 293 814 432 709 0 239 514 419 302 614 425 360 454 281 757 141 746 354 430 505 183 776 791 761 493 596 956 755 529 80 632 714 270 311 673 319 258 471 774 715 749 505 388 649 662 538 356 508 544 261 230 695 202 436 687 448 216 106 398 499 864 275 773 226 275 785 256 895 784 415 776 846 509 219 321 35 289 284 178 770 260 727 753 251 698 430 413 236 258 499 182 190 368 816 224 744 193 209 297 189 756 183 422 730 679 719 347
592 970 684 93 963 1053 43 1012 44 89 191 1043 93 717 632 599 1135 28 61 479 661 694 58 655 961 66 718 602 614 1049 691 121 954 1021 1050 868 162 991 779 89 167 566 951 540 599 919 743 210 33 677 306 693 118 733 1100 604 699 614 870 973 677 1005 897 606 659 137 997 120 718 904 937 67 61 243 1095 1126 950 1147 743 205 106 708 789 678 127 735 1001 984 791 559 654 626 1000 77 112 1048 667 948 239 0 739 634 536 845 649 597 680 60 990 109 985 570 666 742 108 1011 1029 1000 729 822 1194 993 768 245 865 952 73 77 906 81 39 710 998 952 983 737 626 882 901 764 594 746 779 134 58 926 246 658 924 673 72 289 634 721 1103 509 1008 192 82 1024 40 1132 1023 645 1014 1085 712 183 528 205 114 521 132 1009 25 960 991 25 932 664 645 9 156 736 76 214 606 1051 168 983 52 38 60 53 994 59 657 967 914 958 583
297 428 102 650 387 407 748 414 700 681 549 413 667 86 140 176 527 766 703 292 205 63 795 103 407 679 99 172 125 422 118 833 371 439 440 327 673 394 45 689 625 200 368 214 188 278 137 638 709 113 434 73 625 101 533 179 41 127 353 398 64 427 393 291 81 602 376 730 36 345 406 682 788 496 654 588 454 542 269 561 789 32 384 82 664 131 438 432 260 216 210 172 382 757 749 517 122 363 514 739 0 120 218 412 90 184 60 789 475 653 372 172 124 124 648 478 453 379 105 83 583 420 162 494 405 388 782 798 432 812 746 160 574 249 472 56 271 412 266 25 195 140 105 699 710 454 549 83 387 66 691 452 143 28 484 241 464 620 745 404 763 545 423 103 443 465 130 621 222 548 743 242 629 401 754 451 401 743 430 110 114 733 680 117 667 571 199 505 638 383 700 715 799 686 408 681 122 410 415 357 184
292 520 143 548 485 520 646 518 593 582 448 522 568 86 136 153 635 661 602 229 230 113 691 21 501 572 168 55 68 531 72 722 470 540 547 411 558 496 164 591 533 158 467 154 170 385 213 555 605 148 332 123 524 179 635 162 82 71 434 496 80 527 474 291 64 497 483 616 89 436 494 580 686 392 736 686 537 650 324 468 678 89 438 114 569 205 535 527 333 176 232 68 488 647 636 611 149 462 419 634 120 0 156 477 56 163 79 687 564 554 477 66 150 202 539 571 554 486 180 198 693 519 245 389 476 483 682 689 509 705 638 215 649 367 559 149 280 486 371 141 176 217 207 585 601 532 433 44 475 65 582 345 142 95 594 168 559 505 634 511 661 650 527 93 542 574 100 506 107 452 630 183 519 506 647 537 503 636 513 132 113 628 565 194 560 457 190 601 523 486 598 612 694 581 509 576 139 505 497 459 150
161 486 148 444 464 533 539 507 500 470 345 527 457 234 96 66 631 561 494 76 153 163 590 173 471 481 183 172 99 535 228 639 451 523 542 374 496 485 252 478 409 35 448 4 72 395 211 421 505 141 234 159 419 197 613 74 183 96 387 475 155 508 424 165 141 402 483 545 209 407 455 474 581 298 674 654 486 645 257 347 599 191 352 145 450 202 510 497 289 39 149 203 487 564 562 574 132 444 302 536 218 156 0 402 135 68 159 582 521 442 473 105 130 208 455 535 534 486 193 297 691 497 239 297 410 457 572 601 449 613 548 183 578 416 514 204 165 424 377 242 72 214 243 517 514 473 382 152 438 157 496 259 98 209 594 28 526 447 553 511 556 637 518 116 520 575 256 445 125 337 557 27 439 500 553 491 488 543 464 129 111 531 502 201 468 397 89 571 460 476 493 508 595 483 493 477 121 476 445 448 49
266 144 335 755 168 289 832 216 821 760 674 266 753 495 347 350 315 865 789 409 256 372 888 477 148 808 318 525 418 267 519 963 171 208 251 116 859 203 395 764 683 370 170 399 336 234 276 660 813 329 592 360 732 313 263 339 420 415 87 173 404 194 77 255 414 734 231 894 441 133 117 778 871 647 272 281 108 324 153 641 933 421 56 365 728 282 181 161 153 363 257 545 229 897 906 205 328 171 614 845 412 477 402 0 421 342 407 873 148 737 216 474 327 289 796 173 209 233 309 417 369 182 252 650 28 152 854 921 63 926 869 263 176 335 140 357 243 44 226 415 334 273 315 871 844 81 761 437 116 420 830 625 341 434 298 424 175 817 889 245 851 301 224 385 195 285 538 812 516 645 902 395 787 224 868 121 196 861 95 345 365 844 863 296 796 769 315 212 823 201 794 810 896 799 195 792 339 153 80 192 364
248 465 87 561 431 471 658 465 610 591 460 472 577 104 86 111 584 676 613 211 177 60 706 57 446 590 114 108 37 481 109 743 416 487 495 356 586 443 131 599 536 126 413 132 127 335 158 552 620 92 344 68 535 126 581 118 50 39 378 442 30 474 418 245 11 513 431 642 74 381 439 592 699 407 680 631 481 599 269 472 700 59 383 59 575 149 481 472 277 143 180 124 437 668 661 556 94 408 425 649 90 56 135 421 0 121 32 699 509 563 425 86 95 148 559 516 500 435 126 173 642 465 190 404 420 429 692 709 453 723 656 159 593 325 504 102 232 430 319 114 134 162 158 611 621 476 462 20 420 24 602 362 92 75 543 155 504 533 656 460 674 598 475 39 488 523 135 534 137 459 655 161 540 454 664 482 450 653 457 76 60 643 593 139 578 484 144 547 550 433 610 625 709 596 456 591 84 450 441 406 113
129 419 93 505 396 465 599 440 562 528 407 460 516 224 44 10 564 622 553 121 88 121 650 174 404 544 124 197 95 467 228 703 384 455 474 307 564 417 209 535 464 33 381 64 7 328 146 469 566 84 298 114 480 138 546 7 157 92 321 407 127 440 359 128 121 465 415 611 186 339 389 534 640 362 612 588 422 578 193 403 664 164 295 102 506 138 443 430 222 39 85 225 419 629 628 508 73 376 360 597 184 163 68 342 121 0 132 641 455 500 405 137 71 144 520 468 466 418 133 255 623 430 172 362 348 390 630 664 386 675 611 116 518 355 449 155 119 361 310 206 13 149 185 583 578 410 449 140 371 136 561 326 42 183 526 95 460 514 618 444 616 570 450 86 453 507 255 513 174 395 623 77 505 432 615 426 420 606 399 77 70 593 569 139 532 464 29 504 527 408 553 568 656 545 425 539 66 409 380 381 22
254 442 72 591 406 442 688 439 641 621 490 444 607 97 91 123 557 707 643 234 173 35 736 72 423 621 91 134 66 452 113 775 391 461 468 334 618 417 99 629 565 144 388 155 137 306 136 579 650 81 374 46 566 101 556 128 25 67 358 417 4 448 398 250 22 544 404 674 54 358 417 622 729 438 661 607 461 572 256 501 732 33 371 43 604 128 456 449 259 160 177 144 409 700 693 533 86 383 454 680 60 79 159 407 32 132 0 730 487 593 398 118 87 124 590 493 475 407 102 142 614 440 167 436 403 405 722 740 435 754 688 144 575 294 482 71 233 413 292 85 145 140 129 643 652 457 495 35 398 14 634 394 96 52 515 181 481 566 687 433 704 571 448 47 463 495 136 566 169 488 687 184 572 427 695 461 424 684 437 69 63 674 625 116 609 516 151 523 582 407 641 656 740 627 430 622 80 426 421 380 129
626 1001 730 139 997 1091 43 1047 105 115 240 1079 125 771 677 643 1168 35 88 521 701 742 21 708 994 126 763 656 664 1085 745 123 989 1054 1085 902 218 1026 828 109 190 611 986 586 642 959 786 219 82 722 356 740 164 778 1130 648 749 663 902 1007 726 1039 928 640 708 191 1034 168 769 939 969 108 2 295 1117 1154 979 1180 778 240 132 758 817 725 145 778 1034 1016 827 602 693 681 1036 116 154 1077 712 983 281 60 789 687 582 873 699 641 730 0 1019 141 1022 622 710 785 168 1041 1061 1037 773 872 1227 1026 810 298 893 986 27 88 934 74 85 752 1020 996 1011 785 661 911 941 814 637 789 824 188 116 954 306 709 956 723 132 342 679 772 1138 555 1039 252 127 1061 26 1164 1058 693 1046 1120 767 243 582 246 159 565 192 1045 65 990 1026 76 962 710 692 70 211 780 135 275 648 1081 228 1018 89 74 33 108 1029 112 702 999 943 994 628
403 50 423 900 101 194 978 116 965 907 815 167 899 561 449 461 175 1010 935 540 368 452 1034 559 73 951 396 617 515 164 591 1108 116 92 136 153 996 120 445 911 830 487 118 517 450 220 351 808 958 419 727 442 876 386 116 451 494 513 134 95 485 87 97 390 500 875 156 1034 509 130 70 923 1018 785 183 136 41 181 265 785 1076 492 203 450 874 359 67 55 235 483 372 631 149 1040 1048 57 422 123 757 990 475 564 521 148 509 455 487 1019 0 883 145 576 422 362 937 27 83 155 385 454 224 82 320 787 126 92 1001 1065 86 1071 1013 354 129 314 8 424 375 108 224 471 449 347 370 1010 987 70 894 521 89 501 973 760 443 501 169 545 39 952 1031 151 997 156 119 477 76 162 605 949 623 789 1043 519 927 133 1013 30 108 1005 59 437 460 988 1001 371 939 903 432 64 960 126 940 955 1042 943 102 937 435 72 78 140 477
486 863 590 37 857 950 99 907 96 28 109 939 16 640 537 503 1029 128 53 380 559 603 153 576 855 94 623 528 527 945 616 229 849 915 945 762 202 886 691 36 60 470 846 447 502 818 645 113 77 582 223 601 42 638 992 507 613 526 763 867 590 899 790 500 572 85 893 194 635 799 830 42 140 168 987 1018 842 1041 638 99 208 622 681 587 35 637 895 877 687 461 552 555 896 172 196 940 572 843 141 109 653 554 442 737 563 500 593 141 883 0 881 489 570 645 117 904 922 897 633 735 1088 887 669 172 757 846 130 186 798 189 138 611 889 855 875 646 521 774 800 677 496 648 684 190 125 818 228 574 818 587 121 215 539 637 998 416 901 205 170 920 117 1025 918 555 907 980 639 195 452 105 195 425 131 904 133 853 886 127 824 571 553 109 200 640 88 200 507 943 188 878 57 73 160 71 889 66 562 860 806 854 488
396 99 346 893 52 75 979 43 955 907 800 58 897 456 386 408 160 1008 934 511 327 365 1034 468 80 938 314 532 441 64 490 1097 45 71 70 126 968 27 335 913 834 439 46 469 401 95 272 822 953 347 699 357 868 300 162 399 400 439 139 53 398 65 140 382 415 860 15 1013 408 91 107 919 1020 762 321 220 154 174 244 782 1061 395 250 369 879 281 82 91 194 440 334 540 15 1026 1028 161 352 46 746 985 372 477 473 216 425 405 398 1022 145 881 0 504 353 280 918 132 86 17 301 333 219 64 240 762 189 67 1006 1057 174 1065 1004 290 274 172 147 329 360 177 107 362 403 268 271 986 974 178 855 433 101 412 957 729 381 400 121 500 115 919 1016 39 998 173 51 401 81 102 499 917 554 780 1023 479 905 28 1006 140 38 997 143 364 388 982 973 288 926 869 388 144 931 20 937 953 1041 935 45 929 366 78 146 28 425
259 535 157 484 505 553 582 542 530 517 383 553 503 152 128 128 663 598 537 171 219 143 627 87 517 509 190 67 63 561 135 661 490 562 574 423 501 520 216 525 467 120 487 104 144 415 232 489 541 158 267 148 459 204 656 139 132 64 442 516 116 548 481 261 96 433 511 557 148 452 507 515 622 328 741 703 545 678 322 402 617 141 430 135 504 223 554 544 341 135 218 98 516 586 577 626 155 483 354 570 172 66 105 474 86 137 118 622 576 489 504 0 154 224 477 586 575 514 203 255 722 539 264 325 477 501 617 627 513 642 575 222 649 411 570 187 255 489 399 196 148 236 241 527 539 537 377 89 488 107 520 282 134 152 623 110 575 448 573 540 596 675 552 102 562 603 161 449 52 386 571 131 458 532 584 548 525 573 522 140 117 564 508 216 497 399 165 619 465 510 533 548 630 517 531 512 141 522 504 482 117
173 381 24 574 351 408 668 391 630 598 475 405 586 185 34 68 513 691 623 192 86 62 719 152 363 611 53 198 93 413 199 769 337 409 423 269 624 368 141 605 535 100 334 126 72 269 83 540 634 13 364 51 548 68 502 65 108 91 289 362 84 395 328 167 89 532 361 674 136 298 353 604 710 428 589 549 392 528 175 474 729 113 288 45 577 74 400 390 187 110 90 218 366 694 692 472 2 330 430 666 124 150 130 327 95 71 87 710 422 570 353 154 0 78 585 431 422 365 63 187 572 385 113 427 327 347 700 731 362 743 678 68 500 286 417 86 148 338 252 143 79 87 114 646 644 385 506 112 334 98 627 389 32 132 474 158 421 574 683 391 685 523 401 57 409 454 223 573 203 465 686 146 569 381 683 394 373 673 368 18 38 661 630 71 599 524 77 465 588 358 622 637 724 613 378 607 13 368 351 331 83
211 318 67 650 283 331 743 319 706 672 551 330 660 206 112 143 440 767 697 265 109 90 795 197 299 688 34 256 161 338 232 846 269 340 350 210 702 297 114 679 607 176 265 203 143 193 13 609 710 69 441 80 624 24 434 138 134 159 234 294 123 326 274 201 138 609 287 752 153 234 292 679 785 505 537 484 337 454 147 547 806 133 261 90 650 11 333 325 137 183 117 269 292 772 770 408 76 261 505 742 124 202 208 289 148 144 124 785 362 645 280 224 78 0 662 369 353 291 22 150 498 317 42 505 283 281 774 808 312 819 755 49 453 210 358 68 177 291 176 130 149 16 48 724 721 335 584 159 273 139 704 467 109 145 400 235 357 652 761 316 760 452 329 121 341 380 250 651 274 540 764 221 647 308 759 336 303 750 313 86 109 737 708 8 675 602 140 399 666 287 697 713 800 689 308 683 89 303 297 259 159
534 912 601 80 900 983 140 948 64 123 122 975 112 620 551 520 1072 135 117 407 591 607 165 559 901 43 637 503 525 982 592 185 890 959 985 806 86 926 690 131 169 487 887 459 522 847 665 227 93 596 221 607 85 652 1042 526 608 525 811 911 588 944 842 547 569 64 929 98 625 842 880 95 169 158 1056 1073 898 1085 681 170 144 617 740 593 151 657 942 925 725 482 585 525 933 110 111 994 587 884 183 108 648 539 455 796 559 520 590 168 937 117 918 477 585 662 0 956 968 933 648 731 1132 932 692 158 813 891 176 151 855 167 100 635 957 871 930 651 565 830 829 673 519 668 697 81 63 876 138 566 865 582 44 197 553 629 1038 427 952 93 98 957 146 1072 959 559 953 1019 612 83 432 156 106 443 24 943 113 907 928 101 878 582 561 99 85 656 37 106 533 995 72 918 102 108 164 68 931 68 575 907 859 892 503
422 51 431 920 94 173 1000 98 985 928 835 146 920 564 459 473 148 1032 956 557 382 458 1055 565 71 971 403 624 524 142 595 1128 110 70 113 163 1014 105 446 932 851 500 113 531 463 215 358 831 979 428 745 448 897 392 91 463 499 522 148 86 492 69 115 409 507 895 140 1053 512 135 80 944 1040 804 189 119 66 154 280 806 1096 496 226 458 896 367 50 47 247 497 386 637 134 1059 1067 40 431 118 776 1011 478 571 535 173 516 468 493 1041 27 904 132 586 431 369 956 0 60 139 391 452 197 68 326 805 149 90 1023 1086 110 1092 1034 363 148 304 35 428 392 131 220 472 463 354 373 1029 1007 96 910 527 97 507 992 777 454 504 142 559 17 969 1051 132 1019 129 99 486 55 137 608 966 633 809 1062 534 946 116 1033 52 94 1026 80 446 469 1009 1019 377 959 920 445 40 978 113 961 977 1064 964 87 957 444 68 98 132 490
437 65 418 937 71 114 1019 45 1001 947 848 87 939 538 452 470 108 1050 975 564 383 441 1075 546 68 985 387 608 513 82 571 1143 85 15 53 163 1022 61 418 952 872 499 88 530 462 179 343 855 996 417 753 432 912 375 81 461 478 510 159 59 474 27 137 423 491 908 90 1064 489 128 95 962 1060 813 239 135 112 119 287 824 1110 475 256 443 917 352 28 48 246 498 388 619 83 1073 1079 78 421 92 791 1029 453 554 534 209 500 466 475 1061 83 922 86 575 422 353 968 60 0 88 375 418 166 37 311 815 182 78 1044 1102 150 1109 1049 356 207 257 89 407 404 165 189 445 463 339 350 1039 1021 143 914 510 105 489 1006 784 447 481 90 560 45 976 1064 75 1038 104 42 473 15 80 582 973 624 825 1074 536 957 63 1050 96 52 1042 115 435 458 1026 1027 361 973 926 446 58 986 71 979 995 1083 980 45 973 434 62 129 97 487
412 111 357 908 67 58 995 43 970 923 815 42 913 462 398 421 149 1023 950 526 342 375 1049 476 94 953 324 541 452 49 496 1112 62 73 61 143 981 36 341 928 850 452 63 482 414 102 283 839 968 358 713 367 883 310 159 412 408 450 156 66 407 70 156 398 425 875 4 1027 415 108 122 935 1036 776 326 219 167 164 260 797 1076 403 267 379 894 292 89 101 210 454 348 548 6 1040 1043 165 364 63 761 1000 379 486 486 233 435 418 407 1037 155 897 17 514 365 291 933 139 88 0 311 336 208 73 252 777 205 83 1022 1072 189 1080 1019 303 284 170 157 337 376 193 116 368 417 279 279 1000 988 192 868 442 118 421 972 743 393 407 109 513 122 933 1030 26 1013 166 48 412 85 89 505 931 565 796 1038 492 919 25 1021 153 47 1012 157 376 399 997 987 299 941 883 402 146 945 33 952 968 1056 950 53 944 377 91 161 45 438
213 340 47 637 305 351 731 340 693 661 538 350 649 186 97 130 461 754 685 254 112 67 782 174 321 674 13 234 140 358 210 832 290 361 371 232 686 318 102 668 597 163 287 189 133 212 34 601 697 52 426 57 611 6 456 126 112 139 256 316 101 348 296 204 116 595 308 737 132 256 314 667 773 491 559 506 359 475 164 536 791 112 279 68 639 27 355 347 158 172 119 247 313 757 754 431 61 282 493 729 105 180 193 309 126 133 102 773 385 633 301 203 63 22 648 391 375 311 0 142 519 339 65 490 304 303 763 794 334 806 741 57 475 223 380 50 181 312 196 114 139 38 52 708 707 356 566 136 296 117 689 451 95 125 420 221 379 635 746 337 748 473 350 100 363 400 229 634 254 528 749 209 631 329 746 358 324 736 335 67 90 724 692 14 662 585 133 421 649 308 685 700 788 676 330 670 73 325 319 281 146
354 404 163 733 358 355 830 376 783 763 632 365 749 139 211 248 479 849 785 370 254 135 878 180 382 762 143 247 208 374 176 916 342 403 396 316 756 357 46 771 706 276 339 293 257 239 161 718 792 174 516 141 708 136 495 249 124 209 345 367 145 394 382 345 163 685 333 812 109 326 387 764 871 579 636 553 438 494 291 642 872 115 399 154 746 161 407 405 267 290 261 241 340 840 832 488 185 334 596 822 83 198 297 417 173 255 142 872 454 735 333 255 187 150 731 452 418 336 142 0 531 388 173 577 404 362 864 881 425 895 829 198 564 185 451 101 323 408 232 59 264 163 108 781 793 445 630 165 368 149 774 535 213 104 436 321 437 702 828 359 846 501 383 182 410 416 176 703 303 630 826 320 712 360 837 433 366 826 416 178 188 816 762 147 750 654 264 473 720 347 783 798 882 769 374 763 189 384 404 323 259
602 228 565 1102 231 176 1185 184 1165 1113 1012 170 1104 664 604 626 60 1215 1141 726 543 582 1240 682 233 1149 532 747 659 162 699 1308 241 173 149 326 1184 206 542 1118 1038 656 244 687 619 308 490 1021 1161 565 914 575 1077 518 109 617 613 658 325 221 614 188 302 588 632 1072 211 1227 618 290 260 1127 1226 976 279 134 263 47 451 989 1274 608 420 587 1082 500 193 212 406 657 549 754 206 1237 1242 174 571 248 956 1194 583 693 691 369 642 623 614 1227 224 1088 219 722 572 498 1132 197 166 208 519 531 0 201 459 977 343 241 1210 1267 307 1274 1214 509 305 349 232 543 568 326 323 569 621 486 485 1201 1185 293 1072 649 271 628 1170 945 600 610 99 718 194 1136 1228 182 1204 68 174 619 181 119 705 1134 773 990 1237 695 1119 191 1215 249 204 1207 274 583 607 1191 1189 506 1137 1086 605 160 1147 215 1144 1160 1248 1144 200 1138 584 227 290 243 643
401 42 382 901 34 116 984 37 965 912 812 90 903 506 416 434 142 1015 940 527 346 406 1040 511 35 949 352 573 476 89 538 1108 49 28 68 126 986 38 386 917 837 462 52 493 425 150 307 821 960 381 716 397 877 340 117 424 444 474 125 23 439 13 107 387 455 872 74 1028 455 91 65 926 1025 777 257 168 98 154 251 788 1073 441 226 407 882 317 19 29 209 462 352 584 67 1037 1042 100 385 57 755 993 420 519 497 182 465 430 440 1026 82 887 64 539 385 317 932 68 37 73 339 388 201 0 275 778 155 41 1009 1066 128 1073 1014 319 211 236 85 373 368 139 157 412 426 303 316 1002 985 126 877 475 72 454 970 747 411 447 117 523 51 939 1028 71 1003 141 43 437 23 103 549 936 588 789 1038 499 920 52 1014 82 26 1006 93 399 422 990 991 326 937 889 409 85 949 45 944 959 1047 944 20 938 398 29 103 66 450
214 276 107 675 241 295 767 278 734 696 578 291 684 246 146 173 400 792 722 289 115 132 820 239 256 716 76 298 202 299 273 875 227 298 310 168 735 256 144 703 628 205 224 234 170 156 32 627 736 107 471 122 650 66 392 166 175 200 193 252 165 285 233 202 181 637 248 783 193 192 250 704 809 534 496 441 295 415 119 570 836 174 228 132 672 41 291 282 99 210 123 311 253 801 800 366 112 219 529 768 162 245 239 252 190 172 167 810 320 669 240 264 113 42 692 326 311 252 65 173 459 275 0 534 243 239 797 836 271 846 782 58 413 190 316 107 177 251 139 164 174 28 65 755 750 293 619 201 231 181 733 498 143 185 361 266 314 685 790 277 785 411 288 162 299 341 290 684 314 565 795 249 677 268 786 294 261 777 271 124 148 764 741 51 703 635 162 357 698 246 722 738 826 716 267 710 126 260 256 218 190
384 760 444 160 746 826 258 793 206 198 63 818 183 473 393 362 917 272 215 251 435 451 302 410 748 185 479 359 370 825 448 342 735 805 830 652 209 771 535 207 172 329 733 301 365 689 507 218 216 438 64 450 136 494 890 369 454 369 659 757 433 790 691 397 414 108 773 250 473 687 728 192 297 6 915 924 749 930 527 116 302 463 594 436 195 499 789 773 570 325 429 385 776 267 266 844 429 729 80 245 494 389 297 650 404 362 436 298 787 172 762 325 427 505 158 805 815 777 490 577 977 778 534 0 665 737 294 305 707 318 252 477 816 713 780 495 413 682 671 519 361 511 539 224 218 729 128 413 713 428 200 44 396 476 883 269 800 168 256 801 272 919 804 402 800 863 470 163 284 90 261 286 143 788 260 757 773 249 728 424 404 239 214 498 173 124 375 844 173 762 210 224 305 192 777 187 417 754 710 736 345
281 117 333 774 140 261 852 188 840 781 691 238 773 489 349 354 289 885 809 421 260 369 908 474 120 826 313 525 419 239 514 982 143 180 223 95 874 175 384 785 704 377 143 407 341 211 270 682 832 327 606 357 751 307 239 344 415 416 65 145 401 167 49 268 412 751 204 911 435 108 89 797 892 663 265 261 86 298 155 660 951 415 77 362 748 277 154 134 145 371 263 544 201 915 924 183 327 144 632 865 405 476 410 28 420 348 403 893 126 757 189 477 327 283 813 149 182 205 304 404 343 155 243 665 0 124 875 940 42 945 888 260 173 312 118 350 255 18 204 406 340 266 305 887 862 64 775 435 88 417 848 639 343 428 270 432 150 831 907 217 871 276 196 384 168 257 532 827 520 664 919 404 804 196 887 97 168 880 70 344 365 863 878 290 814 783 322 189 838 173 814 830 916 818 167 811 339 126 53 165 369
360 42 345 860 16 137 944 66 924 871 771 114 862 474 377 394 183 974 899 486 306 370 999 476 20 908 315 537 439 116 505 1067 25 69 103 85 945 51 356 877 797 422 27 453 385 128 271 781 920 343 675 361 836 304 156 384 410 437 85 22 404 53 75 346 419 831 82 987 423 50 40 885 984 736 275 203 90 195 210 747 1032 407 191 371 841 280 53 44 168 421 311 549 78 996 1001 128 346 31 714 952 388 483 457 152 429 390 405 986 92 846 67 501 347 281 891 90 78 83 303 362 241 41 239 737 124 0 969 1025 106 1033 973 280 215 224 91 339 327 111 131 382 386 267 283 961 944 112 836 439 36 419 928 706 372 415 155 483 76 898 987 93 962 182 76 400 63 139 518 895 550 748 997 459 879 72 973 78 45 965 76 361 384 949 950 289 896 849 369 118 908 50 903 919 1007 903 45 897 360 22 78 51 410
610 984 719 134 981 1076 37 1031 114 102 234 1064 115 766 667 632 1152 54 79 509 687 733 48 703 977 134 753 653 656 1070 742 150 973 1037 1069 886 234 1010 820 95 172 600 970 576 631 946 774 197 85 712 350 731 158 767 1113 637 742 655 885 991 719 1022 910 624 701 190 1019 189 763 922 951 102 25 291 1095 1135 960 1163 762 227 157 751 798 716 128 767 1017 999 812 591 680 679 1021 138 176 1058 702 967 270 73 782 682 572 854 692 630 722 27 1001 130 1006 617 700 774 176 1023 1044 1022 763 864 1210 1009 797 294 875 969 0 114 916 101 105 739 999 984 993 775 646 893 927 806 626 777 814 206 130 935 314 703 939 716 144 338 668 766 1122 546 1021 264 148 1045 33 1147 1042 684 1029 1104 764 255 578 235 180 554 200 1029 85 972 1010 93 944 700 683 82 228 769 141 282 636 1063 240 1003 85 73 60 111 1012 114 692 983 925 979 617
665 1044 748 166 1036 1123 107 1085 102 166 257 1114 170 771 697 665 1208 68 138 548 731 756 67 710 1035 120 783 653 675 1120 742 43 1026 1094 1122 941 163 1063 839 165 244 632 1024 605 666 989 810 286 109 742 368 755 190 798 1174 671 758 674 943 1046 737 1078 972 679 718 199 1068 101 775 977 1011 144 89 304 1172 1201 1025 1220 816 280 47 767 864 741 204 801 1075 1058 863 626 724 675 1071 49 81 1123 733 1020 311 77 798 689 601 921 709 664 740 88 1065 186 1057 627 731 808 151 1086 1102 1072 794 881 1267 1066 836 305 940 1025 114 0 981 23 53 778 1074 1017 1058 800 699 957 970 823 662 813 844 130 88 1002 276 716 998 732 107 346 699 779 1175 573 1083 210 64 1096 91 1206 1095 707 1087 1157 762 203 582 277 88 587 171 1081 53 1035 1064 60 1007 728 709 77 156 802 132 246 675 1125 185 1055 129 115 56 122 1067 129 721 1040 988 1030 649
322 87 366 816 122 241 893 164 881 822 733 216 814 517 385 393 255 926 850 462 298 400 949 506 97 867 344 559 455 216 544 1024 130 151 196 109 916 155 409 826 745 416 130 446 380 215 300 722 873 361 648 389 792 336 201 382 446 452 80 124 433 139 44 310 445 793 188 952 464 108 67 839 933 705 228 220 45 262 193 701 993 445 117 395 789 307 124 103 176 410 301 577 184 956 965 143 362 132 673 906 432 509 449 63 453 386 435 934 86 798 174 513 362 312 855 110 150 189 334 425 307 128 271 707 42 106 916 981 0 986 930 294 141 316 78 378 296 25 211 432 379 296 330 929 904 24 816 467 74 449 890 681 379 456 240 472 113 873 948 196 912 239 171 418 137 229 561 869 558 705 961 445 845 175 928 58 147 921 35 378 400 904 920 320 856 824 361 150 880 156 855 871 957 859 143 853 374 101 28 154 408
673 1050 761 173 1043 1132 102 1093 113 167 268 1123 173 787 709 676 1215 63 138 558 741 769 53 726 1042 133 795 670 689 1129 759 49 1034 1101 1130 948 186 1071 853 165 245 644 1032 617 677 999 821 284 113 754 381 768 197 810 1180 682 772 688 950 1054 751 1086 978 686 732 211 1077 124 790 985 1018 148 76 317 1175 1206 1031 1227 823 286 68 781 869 754 203 813 1082 1065 871 637 733 692 1080 71 104 1128 744 1028 319 81 812 705 613 926 723 675 754 74 1071 189 1065 642 743 819 167 1092 1109 1080 806 895 1274 1073 846 318 945 1033 101 23 986 0 67 789 1077 1029 1063 813 706 963 980 837 673 824 856 152 104 1007 296 731 1005 746 123 361 711 794 1183 585 1089 231 86 1104 84 1213 1103 720 1094 1165 779 224 598 285 110 598 189 1089 60 1041 1072 70 1013 741 721 83 178 814 145 265 685 1131 206 1063 131 116 41 131 1075 137 733 1047 994 1038 660
613 991 695 114 983 1070 81 1032 49 123 204 1061 123 720 644 612 1155 51 97 494 678 703 73 659 982 67 730 603 622 1067 692 94 974 1041 1069 888 134 1010 787 124 198 579 971 552 613 935 757 245 62 689 315 703 137 745 1122 617 705 622 891 993 685 1026 920 627 666 146 1015 84 723 924 959 96 86 251 1123 1149 974 1167 763 229 70 715 813 688 161 748 1023 1006 810 572 671 625 1018 38 74 1071 680 968 258 39 746 638 548 869 656 611 688 85 1013 138 1004 575 678 755 100 1034 1049 1019 741 829 1214 1014 782 252 888 973 105 53 930 67 0 725 1025 964 1006 747 646 906 917 770 609 760 791 103 38 950 233 664 945 679 57 294 646 727 1122 520 1031 172 44 1043 73 1153 1042 654 1035 1104 712 164 531 225 76 534 123 1028 20 984 1011 13 955 675 656 33 127 749 79 201 621 1073 147 1002 84 73 69 71 1014 77 668 988 936 977 595
163 313 73 617 285 349 709 326 676 638 521 344 626 236 97 118 450 734 664 231 61 111 762 214 296 658 61 265 161 352 257 817 272 344 360 201 680 304 159 644 570 149 268 179 113 212 41 570 678 67 414 99 592 63 436 110 160 159 221 296 141 329 260 153 152 579 300 727 184 230 285 646 751 477 522 481 324 464 112 512 779 162 227 102 614 38 333 322 119 153 69 283 304 744 744 404 68 264 471 710 160 215 183 263 159 116 144 752 354 611 290 222 68 49 635 363 356 303 57 198 509 319 58 477 260 280 739 778 294 789 725 0 433 247 348 107 129 271 194 171 116 42 96 699 693 317 565 175 266 157 676 442 92 177 412 211 353 630 733 328 727 458 336 124 342 392 278 629 270 506 738 192 620 318 729 326 308 719 300 84 106 706 685 50 646 580 104 397 643 294 664 680 768 658 313 652 81 300 283 267 135
437 175 506 911 226 321 980 244 977 911 835 294 905 659 522 526 274 1015 939 581 431 541 1036 647 197 965 485 698 592 290 685 1118 240 218 260 249 1024 248 549 914 832 546 242 575 512 341 441 802 966 500 761 529 889 477 201 515 587 589 221 222 573 215 182 427 585 894 284 1055 605 239 181 931 1018 814 99 177 128 274 328 796 1091 586 227 535 876 448 195 183 317 539 433 717 278 1054 1067 142 500 246 774 998 574 649 578 176 593 518 575 1020 129 889 274 649 500 453 957 148 207 284 475 564 305 211 413 816 173 215 999 1074 141 1077 1025 433 0 439 127 520 417 163 341 573 510 437 471 1034 1002 120 932 607 198 589 989 795 516 597 282 599 164 984 1048 279 999 242 246 557 203 280 702 980 692 804 1063 570 950 262 1021 137 237 1015 149 517 538 997 1028 461 954 937 491 163 989 254 946 961 1045 954 231 948 512 198 160 265 540
402 264 269 860 213 174 953 213 916 882 761 188 871 322 320 353 299 977 908 475 305 268 1005 352 242 897 234 420 352 197 358 1055 199 242 224 219 906 199 205 889 817 386 197 412 353 101 210 817 920 275 649 266 834 219 326 348 285 352 248 219 295 237 273 389 315 818 167 959 283 208 259 889 995 714 493 388 312 315 274 757 1014 278 343 280 859 218 254 260 224 394 313 420 175 980 977 334 284 193 715 952 249 367 416 335 325 355 294 996 314 855 172 411 286 210 871 304 257 170 223 185 349 236 190 713 312 224 984 1017 316 1029 964 247 439 0 314 224 364 308 109 230 359 208 174 929 930 329 785 326 244 306 912 674 318 276 256 444 287 855 969 188 971 325 217 315 253 238 361 854 462 750 971 431 854 195 969 302 210 959 294 289 310 947 913 216 885 805 349 315 870 191 907 923 1010 899 217 893 296 242 289 174 369
396 50 417 892 101 198 970 120 957 899 808 171 891 558 443 455 183 1003 927 533 362 447 1026 554 72 943 391 612 510 168 587 1100 115 96 141 148 989 122 442 903 822 480 118 511 443 219 346 800 950 414 720 437 868 382 124 444 490 507 128 95 481 90 91 383 495 868 158 1027 505 127 66 915 1010 778 185 144 33 189 258 778 1068 488 195 445 867 355 70 57 230 477 366 627 152 1032 1040 65 416 122 749 983 472 559 514 140 504 449 482 1011 8 875 147 570 417 358 930 35 89 157 380 451 232 85 316 780 118 91 993 1058 78 1063 1006 348 127 314 0 420 368 100 222 467 443 342 367 1003 979 62 887 516 85 497 965 753 438 497 175 539 45 945 1024 155 989 164 123 472 80 169 602 941 617 781 1036 512 920 136 1005 23 110 998 52 432 455 981 994 366 931 896 425 72 953 127 932 948 1034 935 104 929 429 72 70 140 471
254 378 62 647 339 370 743 370 700 674 546 373 661 139 112 149 486 763 697 273 157 44 792 139 357 680 46 204 128 382 167 836 324 393 398 274 683 348 56 681 613 179 321 199 157 236 81 622 706 73 432 45 621 45 488 149 71 128 299 350 72 381 339 246 91 602 333 737 86 294 354 677 784 496 602 540 401 501 214 551 794 68 329 59 654 76 390 383 205 192 163 212 339 761 756 467 84 316 505 737 56 149 204 357 102 155 71 785 424 646 329 187 86 68 651 428 407 337 50 101 543 373 107 495 350 339 775 800 378 813 747 107 520 224 420 0 225 358 222 64 164 85 58 707 712 400 561 106 335 85 694 454 113 78 444 230 415 631 749 362 759 502 379 93 396 424 183 631 239 540 750 224 634 357 753 399 355 743 377 78 93 732 690 62 668 581 163 457 647 338 695 711 797 684 362 678 89 361 362 311 162
38 347 169 534 337 430 619 386 597 547 444 418 537 331 145 128 509 648 574 166 69 210 674 288 337 581 180 316 212 424 341 740 328 395 424 242 622 365 281 552 474 137 325 163 111 305 169 464 593 158 353 198 509 188 478 118 256 209 246 347 229 380 278 25 229 504 373 661 284 278 315 560 660 411 515 511 337 521 117 422 706 261 190 193 518 166 377 361 166 126 62 343 375 670 675 431 150 322 388 626 271 280 165 243 232 119 233 661 375 521 360 255 148 177 565 392 404 376 181 323 568 368 177 413 255 327 646 699 296 706 646 129 417 364 368 225 0 271 286 288 106 170 225 636 617 319 520 251 300 242 602 385 140 280 477 183 387 577 661 399 638 508 397 193 389 459 366 574 287 422 671 154 554 383 647 345 365 639 316 165 173 623 626 177 569 529 90 431 586 357 577 593 681 576 368 570 153 342 297 333 137
297 101 343 792 127 248 870 173 857 798 708 224 791 497 361 368 272 902 827 437 274 378 926 484 105 843 322 536 431 225 523 1000 132 164 208 94 891 162 390 803 721 391 131 421 355 207 278 700 850 338 623 366 768 315 222 357 424 428 64 131 410 151 37 285 422 768 192 928 443 101 74 815 910 680 252 244 68 281 169 677 969 423 95 372 766 285 138 117 154 386 276 554 188 932 941 165 338 133 649 882 412 486 424 44 430 361 413 911 108 774 177 489 338 291 830 131 165 193 312 408 326 139 251 682 18 111 893 957 25 963 906 271 163 308 100 358 271 0 201 413 354 274 311 904 880 48 791 445 76 426 865 656 355 435 254 447 132 848 924 203 889 259 181 395 151 242 540 844 533 681 937 420 821 182 905 79 154 897 52 355 376 880 895 298 831 799 336 171 855 161 832 847 934 835 152 829 350 110 36 155 383
324 173 243 808 126 156 898 149 869 826 713 153 816 350 285 311 265 925 853 423 240 259 952 361 151 851 209 425 337 162 383 1010 110 174 176 110 873 128 230 833 756 343 107 373 307 18 169 750 869 244 608 252 783 195 268 303 293 335 139 136 291 163 167 311 309 772 112 921 301 103 160 836 940 671 406 323 214 280 181 701 972 288 235 264 800 179 175 174 128 347 248 433 118 937 938 256 251 102 662 901 266 371 377 226 319 310 292 941 224 800 107 399 252 176 829 220 189 116 196 232 323 157 139 671 204 131 927 970 211 980 917 194 341 109 222 222 286 201 0 256 310 165 164 893 886 226 758 327 143 306 869 636 281 293 224 404 205 824 927 141 916 280 157 297 179 204 393 822 450 697 932 386 814 135 920 206 136 911 193 262 285 897 879 184 839 774 296 242 837 118 854 870 958 850 143 844 264 153 185 92 328
315 423 120 675 380 393 772 405 724 705 574 400 692 95 162 198 514 791 728 316 220 84 820 124 401 704 110 192 150 409 129 857 364 430 429 325 697 384 27 713 649 224 361 238 209 267 143 663 734 131 458 93 650 109 524 200 65 151 352 390 88 419 391 308 106 627 365 754 53 341 402 706 813 521 651 580 451 530 277 585 814 56 390 104 689 139 430 426 263 239 226 189 371 782 773 510 141 356 538 764 25 141 242 415 114 206 85 814 471 677 362 196 143 130 673 472 445 368 114 59 569 412 164 519 406 382 806 823 432 837 770 171 573 230 467 64 288 413 256 0 217 145 102 723 735 453 572 107 383 91 716 476 164 47 472 265 458 644 769 392 788 534 413 127 435 452 137 645 245 573 767 266 654 390 778 448 393 768 427 130 136 758 704 124 692 595 219 497 662 374 725 740 824 711 399 705 142 404 414 348 207
116 414 102 502 392 465 595 437 560 524 405 458 512 237 55 23 561 619 549 116 81 132 647 187 399 542 131 210 109 466 242 701 380 452 472 302 564 414 219 531 458 37 377 68 8 328 149 462 563 92 298 124 477 144 541 17 169 105 315 404 140 437 352 115 134 463 413 611 198 335 383 531 636 361 604 582 415 575 186 399 663 176 285 113 501 141 439 425 218 37 77 237 417 628 628 503 81 373 356 594 195 176 72 334 134 13 145 637 449 496 403 148 79 149 519 463 463 417 139 264 621 426 174 361 340 386 626 662 379 673 609 116 510 359 443 164 106 354 310 217 0 152 191 584 576 402 452 154 366 149 559 326 52 195 524 97 455 516 617 442 612 566 447 98 449 505 269 514 184 392 622 76 504 430 613 420 417 603 392 87 82 590 570 144 530 466 18 499 528 405 549 565 653 542 422 536 75 404 374 378 31
205 303 79 654 269 321 746 306 711 675 556 318 664 223 120 149 428 771 701 268 103 105 799 212 284 693 49 270 174 326 248 852 255 326 338 194 710 284 128 682 609 181 251 210 147 182 4 610 714 79 447 95 628 41 420 142 150 172 218 280 138 313 258 194 153 614 275 759 169 219 277 683 788 511 521 469 321 442 132 550 812 149 245 104 652 13 319 310 121 187 111 284 280 778 776 393 85 247 508 746 140 217 214 273 162 149 140 789 347 648 268 236 87 16 668 354 339 279 38 163 486 303 28 511 266 267 777 813 296 824 760 42 437 208 342 85 170 274 165 145 152 0 57 731 727 318 593 174 258 154 710 473 117 162 388 242 342 660 767 304 764 439 316 134 327 368 266 659 287 543 771 226 653 296 764 321 289 755 297 97 120 742 716 24 681 610 141 385 673 274 701 717 804 694 295 688 99 288 281 246 165
259 323 95 688 283 313 782 312 743 712 588 315 700 191 147 182 428 805 736 306 157 98 833 197 302 724 61 262 181 324 222 881 267 336 340 223 733 291 80 719 648 214 264 239 185 178 56 653 748 102 476 93 662 46 430 178 129 180 250 293 129 324 289 249 148 645 276 785 139 240 301 717 824 540 550 484 349 443 184 588 840 125 293 107 690 58 333 328 162 224 164 270 281 806 803 412 112 259 544 779 105 207 243 315 158 185 129 824 370 684 271 241 114 48 697 373 350 279 52 108 485 316 65 539 305 283 814 844 330 856 791 96 471 174 367 58 225 311 164 102 191 57 0 755 757 351 612 164 282 143 739 500 146 131 387 271 360 681 795 304 799 444 321 142 339 366 235 681 293 579 797 260 680 299 796 346 298 786 326 115 136 774 739 49 711 631 184 400 696 281 736 751 838 726 305 720 123 305 312 254 197
607 984 661 154 970 1048 176 1017 104 188 200 1042 181 663 611 582 1141 153 172 475 659 663 176 605 972 97 696 544 579 1049 632 147 959 1029 1053 876 34 995 742 194 246 550 957 521 587 911 727 302 138 656 286 664 164 711 1114 590 658 579 883 981 641 1014 914 620 621 144 996 33 673 912 951 158 189 225 1133 1147 972 1154 751 251 99 667 815 649 222 718 1013 997 795 547 652 563 1000 82 54 1067 647 953 261 134 699 585 517 871 611 583 643 188 1010 190 986 527 646 724 81 1029 1039 1000 708 781 1201 1002 755 224 887 961 206 130 929 152 103 699 1034 929 1003 707 636 904 893 723 584 731 755 0 78 951 156 616 937 633 72 258 614 678 1106 489 1024 84 67 1025 173 1143 1028 615 1024 1087 650 80 479 236 47 508 84 1012 122 980 997 113 952 641 619 125 26 717 102 129 598 1067 62 986 157 154 169 124 1001 128 635 978 933 960 566
585 964 661 94 954 1039 99 1002 30 117 173 1030 113 683 610 579 1126 81 97 463 647 668 108 622 954 37 696 566 587 1037 655 125 944 1013 1040 859 104 981 751 121 186 546 942 519 580 904 724 238 62 655 281 668 114 711 1094 585 670 586 863 965 649 997 892 599 630 114 985 71 687 895 931 87 117 217 1100 1123 947 1138 734 206 89 679 788 653 154 715 994 978 780 540 640 588 988 52 71 1044 646 938 230 58 710 601 514 844 621 578 652 116 987 125 974 539 644 721 63 1007 1021 988 707 793 1185 985 750 218 862 944 130 88 904 104 38 693 1002 930 979 712 617 880 886 735 576 727 757 78 0 925 195 628 917 644 19 259 613 691 1093 486 1003 136 46 1013 98 1125 1013 619 1006 1074 675 128 495 199 70 501 85 998 53 957 982 41 928 641 621 48 98 715 48 164 590 1046 112 972 82 77 105 54 985 60 635 960 910 947 562
344 84 389 836 127 242 913 163 902 842 754 216 834 539 409 416 244 946 870 485 322 423 969 529 98 888 367 583 478 215 566 1044 137 147 192 129 938 157 430 846 764 439 138 470 403 229 322 741 894 384 670 411 813 359 186 405 468 475 101 127 455 136 62 332 468 814 192 974 486 123 72 859 952 727 205 200 31 250 217 722 1014 467 137 418 809 330 119 99 199 434 325 600 187 977 987 125 385 141 695 926 454 532 473 81 476 410 457 954 70 818 178 537 385 335 876 96 143 192 356 445 293 126 293 729 64 112 935 1002 24 1007 950 317 120 329 62 400 319 48 226 453 402 318 351 951 925 0 839 490 85 471 911 703 403 478 232 496 102 895 970 197 932 225 169 442 131 223 583 891 581 726 983 468 867 176 949 47 148 942 36 401 423 925 942 342 877 847 384 134 902 160 876 891 977 880 144 873 397 102 41 162 431
495 863 519 197 844 913 277 889 202 245 154 909 231 509 473 447 1013 273 248 354 531 517 302 453 849 181 555 390 433 916 477 301 832 903 924 752 126 866 592 254 258 416 829 386 454 775 589 314 229 515 173 519 186 569 992 456 508 433 762 855 493 888 796 507 473 143 864 188 522 786 831 223 307 133 1030 1029 857 1027 630 222 254 517 706 505 261 580 889 875 668 416 525 408 868 229 210 949 508 825 202 246 549 433 382 761 462 449 495 306 894 228 855 377 506 584 138 910 914 868 566 630 1072 877 619 128 775 836 314 276 816 296 233 565 932 785 887 561 520 791 758 572 452 593 612 156 195 839 0 466 815 484 177 138 476 527 976 355 903 73 214 893 284 1018 899 470 900 956 495 76 327 197 203 378 115 881 248 863 869 236 835 499 477 237 134 577 173 32 468 947 94 857 235 243 300 204 874 202 495 855 816 830 430
268 477 102 570 441 476 668 474 618 602 469 479 588 85 106 131 592 685 623 228 196 69 715 40 457 598 125 98 53 487 90 750 426 496 503 368 590 452 127 610 549 144 423 148 147 341 170 566 629 108 353 79 545 136 591 138 42 56 391 452 36 483 431 265 23 521 439 647 61 393 451 602 709 415 694 642 494 607 285 484 707 51 400 72 587 162 491 483 291 162 199 110 445 675 666 567 111 418 436 658 83 44 152 437 20 140 35 709 521 574 433 89 112 159 566 527 510 442 136 165 649 475 201 413 435 439 703 716 467 731 664 175 607 326 516 106 251 445 327 107 154 174 164 616 628 490 466 0 432 21 609 370 111 63 550 170 515 537 662 468 683 606 483 59 498 530 116 538 139 470 660 178 547 462 672 494 459 661 470 94 79 652 597 150 586 488 164 558 555 442 620 635 718 605 465 600 102 461 454 415 132
332 48 334 832 52 173 915 101 897 843 745 150 834 473 362 376 213 945 870 463 285 363 970 470 37 881 307 528 427 152 502 1039 56 99 138 65 921 87 358 847 767 403 56 434 366 144 262 750 892 331 651 353 808 297 177 366 405 425 54 58 396 84 39 319 411 805 116 962 420 42 19 857 955 711 269 216 71 224 185 719 1006 403 156 361 812 271 77 60 149 401 290 542 113 970 976 138 334 58 687 924 387 475 438 116 420 371 398 956 89 818 101 488 334 273 865 97 105 118 296 368 271 72 231 713 88 36 939 998 74 1005 945 266 198 244 85 335 300 76 143 383 366 258 282 937 917 85 815 432 0 412 902 683 357 412 188 463 89 875 961 129 933 208 111 389 90 173 517 872 536 721 971 438 854 108 946 65 81 938 50 349 372 922 926 281 869 826 349 133 885 85 874 890 978 875 80 869 347 43 46 80 393
261 457 85 584 420 455 681 453 633 615 483 458 601 89 98 127 571 699 637 233 183 49 729 58 437 613 105 119 60 466 102 766 405 476 482 349 608 431 109 623 560 145 402 153 142 320 150 575 643 93 367 60 559 115 570 133 26 62 372 431 16 463 412 257 16 536 418 664 52 373 431 615 722 430 675 621 475 586 269 496 723 36 384 55 599 142 471 463 272 162 187 130 424 691 683 547 97 397 448 673 66 65 157 420 24 136 14 723 501 587 412 107 98 139 582 507 489 421 117 149 628 454 181 428 417 419 716 732 449 746 679 157 589 306 497 85 242 426 306 91 149 154 143 633 644 471 484 21 412 0 625 385 103 52 529 178 495 555 678 447 697 585 462 51 478 509 125 556 158 482 677 183 563 441 687 475 438 677 451 80 69 667 615 131 601 506 158 537 572 421 634 649 733 620 444 614 90 441 435 394 131
570 949 643 87 938 1023 111 987 34 117 158 1014 111 664 593 561 1110 97 101 446 631 650 125 603 939 27 679 547 568 1021 635 142 929 997 1024 844 93 965 733 122 180 528 926 501 563 887 707 234 68 638 263 650 103 693 1079 567 651 568 848 949 631 982 878 583 612 98 969 73 668 880 916 86 133 199 1088 1109 933 1123 718 195 104 660 774 635 152 698 979 962 764 523 624 568 972 68 79 1030 628 922 216 72 691 582 496 830 602 561 634 132 973 121 957 520 627 704 44 992 1006 972 689 774 1170 970 733 200 848 928 144 107 890 123 57 676 989 912 965 694 602 865 869 716 559 710 739 72 19 911 177 609 902 625 0 240 595 672 1077 469 988 120 59 996 112 1110 997 601 991 1058 655 111 476 186 76 484 65 982 72 942 966 60 914 624 603 63 88 698 36 145 573 1031 96 957 85 84 123 53 969 57 617 944 895 931 545
359 731 405 204 715 791 302 761 248 242 106 784 227 429 355 325 885 316 259 220 402 410 346 366 718 228 440 315 328 791 403 382 703 774 797 621 239 739 493 251 211 293 700 264 329 653 470 252 260 399 35 410 180 455 860 332 411 328 629 725 391 759 663 371 372 152 739 286 430 656 698 236 341 48 893 896 722 898 498 150 340 420 570 395 237 461 758 743 539 289 396 340 743 307 303 816 390 697 106 289 452 345 259 625 362 326 394 342 760 215 729 282 389 467 197 777 784 743 451 535 945 747 498 44 639 706 338 346 681 361 294 442 795 674 753 454 385 656 636 476 326 473 500 258 259 703 138 370 683 385 240 0 357 433 850 232 771 192 295 768 316 888 771 361 769 830 426 189 240 126 298 250 180 755 302 729 741 291 701 385 364 282 244 460 216 144 341 815 202 730 254 268 349 236 745 231 379 724 682 703 308
159 404 52 542 377 437 636 417 598 566 443 434 554 192 6 37 541 659 591 161 88 80 688 149 387 579 85 185 78 441 201 737 363 435 451 292 593 395 167 574 503 68 360 94 45 299 113 510 602 44 332 72 517 99 527 36 120 75 309 388 91 421 348 155 89 500 390 643 149 322 375 572 678 396 607 572 412 555 188 442 697 126 298 61 545 104 425 413 208 79 89 209 394 663 661 494 34 356 398 634 143 142 98 341 92 42 96 679 443 539 381 134 32 109 553 454 447 393 95 213 600 411 143 396 343 372 668 699 379 711 646 92 516 318 438 113 140 355 281 164 52 117 146 614 613 403 476 111 357 103 595 357 0 145 502 126 444 543 652 419 653 549 428 53 434 482 226 542 180 433 655 114 537 409 651 415 399 641 388 35 33 629 599 103 567 493 56 488 557 385 590 606 693 581 404 575 24 392 371 358 51
303 454 112 634 414 435 731 442 682 665 533 441 651 61 141 174 555 748 687 284 216 70 778 77 433 661 117 145 112 449 90 813 398 466 468 351 652 421 71 673 611 196 395 205 188 305 158 627 692 122 417 82 609 121 561 179 27 114 377 424 56 455 417 298 68 584 403 709 8 371 431 665 772 479 679 615 479 570 288 547 769 19 404 87 650 152 464 459 282 212 221 145 410 738 729 543 130 390 499 721 28 95 209 434 75 183 52 772 501 637 400 152 132 145 629 504 481 407 125 104 610 447 185 476 428 415 766 779 456 794 727 177 597 276 497 78 280 435 293 47 195 162 131 678 691 478 527 63 412 52 672 433 145 0 512 230 491 598 725 431 747 572 450 98 470 492 105 600 199 533 722 234 610 428 736 477 429 725 455 115 113 715 659 138 649 550 201 532 616 411 683 698 782 668 435 663 127 437 440 384 180
512 153 466 1011 142 82 1096 91 1073 1024 919 72 1014 566 506 529 43 1125 1051 631 448 483 1151 583 152 1057 433 649 561 63 601 1216 149 90 53 236 1088 112 445 1029 950 560 152 590 522 209 392 935 1071 467 820 476 986 419 92 520 515 559 240 132 515 104 224 498 533 979 113 1133 520 199 182 1037 1137 882 289 151 201 59 360 899 1181 509 343 488 994 401 116 137 313 561 454 655 108 1145 1148 140 473 155 864 1103 484 594 594 298 543 526 515 1138 169 998 121 623 474 400 1038 142 90 109 420 436 99 117 361 883 270 155 1122 1175 240 1183 1122 412 282 256 175 444 477 254 224 472 524 388 387 1106 1093 232 976 550 188 529 1077 850 502 512 0 621 131 1040 1135 84 1114 72 80 521 103 20 608 1038 674 898 1143 600 1025 95 1124 185 112 1115 205 485 508 1100 1094 408 1045 990 509 118 1052 120 1054 1070 1158 1053 110 1047 486 146 218 146 546
174 511 175 417 490 560 513 534 472 444 318 555 431 250 124 93 658 534 467 62 178 188 563 187 497 453 210 175 118 562 240 611 478 549 569 399 469 512 276 451 384 62 475 32 99 422 238 398 477 169 206 185 392 225 639 101 204 116 411 501 178 534 448 180 162 374 510 517 229 433 480 448 554 270 695 679 510 672 280 321 571 213 372 171 425 230 536 522 315 62 173 208 514 537 535 599 160 471 275 509 241 168 28 424 155 95 181 555 545 416 500 110 158 235 427 559 560 513 221 321 718 523 266 269 432 483 546 573 472 585 520 211 599 444 539 230 183 447 404 265 97 242 271 489 486 496 355 170 463 178 469 232 126 230 621 0 552 420 525 539 529 664 544 140 546 602 268 418 118 311 529 30 411 527 526 515 515 515 488 156 137 504 475 229 441 369 114 596 432 502 466 481 568 456 519 450 148 502 469 475 77
418 41 419 917 79 157 998 81 982 926 831 130 917 550 450 465 141 1029 954 551 374 446 1053 552 58 967 391 612 513 126 581 1125 95 54 98 153 1009 88 432 930 850 492 98 523 454 199 346 830 976 417 739 436 893 380 91 455 486 511 141 70 479 52 111 405 495 891 123 1048 499 123 72 941 1038 798 206 128 71 149 273 803 1092 483 226 446 894 355 33 32 238 490 379 625 116 1056 1062 52 420 103 773 1008 464 559 526 175 504 460 481 1039 39 901 115 575 421 357 952 17 45 122 379 437 194 51 314 800 150 76 1021 1083 113 1089 1031 353 164 287 45 415 387 132 205 458 455 342 360 1024 1003 102 903 515 89 495 988 771 444 491 131 552 0 963 1047 115 1017 127 82 474 38 124 594 960 623 806 1058 526 941 98 1030 56 77 1023 80 435 458 1006 1013 365 955 914 437 44 972 96 958 974 1061 960 70 954 434 54 97 115 481
551 923 587 169 906 980 229 952 151 215 167 974 202 581 540 513 1076 217 209 413 593 587 244 525 910 133 623 463 503 981 550 231 895 966 988 813 54 930 664 223 249 481 892 451 518 841 656 308 183 583 225 589 167 638 1053 521 580 503 822 917 563 950 855 563 544 129 929 117 594 848 891 187 253 171 1083 1088 914 1090 690 231 183 589 761 574 240 647 950 935 731 479 588 480 933 161 138 1008 575 888 226 192 620 505 447 817 533 514 566 252 952 205 919 448 574 652 93 969 976 933 635 702 1136 939 685 168 831 898 264 210 873 231 172 630 984 855 945 631 577 848 824 644 516 660 681 84 136 895 73 537 875 555 120 192 543 598 1040 420 963 0 146 958 232 1080 963 540 961 1021 567 10 399 210 132 441 74 946 189 922 932 178 893 568 545 183 61 645 130 50 531 1007 25 921 195 199 240 160 937 161 563 916 875 894 496
629 1008 700 140 997 1081 125 1045 74 159 217 1072 157 714 649 618 1169 94 136 505 689 705 112 654 998 82 735 596 623 1079 684 89 987 1056 1082 902 100 1023 787 162 231 585 984 558 621 945 764 281 100 694 320 705 160 750 1138 625 704 622 907 1008 685 1040 937 642 665 156 1027 42 721 938 975 130 128 256 1146 1168 992 1182 777 252 46 713 833 690 197 755 1038 1021 823 580 682 616 1030 15 29 1089 685 981 275 82 745 634 553 889 656 618 687 127 1031 170 1016 573 683 761 98 1051 1064 1030 746 828 1228 1028 790 256 907 987 148 64 948 86 44 733 1048 969 1024 749 661 924 927 769 617 767 795 67 46 970 214 662 961 678 59 295 652 725 1135 525 1047 146 0 1055 117 1169 1056 656 1050 1116 703 140 527 244 32 541 115 1041 63 1001 1025 57 973 680 659 75 92 754 93 184 630 1090 122 1015 122 114 104 99 1028 105 673 1003 954 989 602
435 113 383 932 77 45 1018 35 994 946 839 21 936 487 423 446 124 1047 973 550 366 400 1073 501 100 977 349 566 477 25 521 1136 77 62 37 163 1006 42 365 952 873 477 79 507 440 127 308 861 992 384 738 393 907 336 138 438 433 475 173 72 432 64 168 421 450 899 29 1051 439 127 130 958 1059 801 314 199 169 139 283 821 1100 428 283 405 917 318 84 100 233 479 373 573 25 1065 1067 152 389 81 785 1024 404 511 511 245 460 444 433 1061 151 920 39 540 391 316 957 132 75 26 337 359 182 71 277 801 217 93 1045 1096 196 1104 1043 328 279 188 155 362 399 203 141 392 442 304 304 1025 1013 197 893 468 129 447 996 768 419 431 84 539 115 958 1055 0 1037 142 33 437 76 64 529 956 591 819 1062 517 944 21 1045 154 50 1036 163 401 425 1021 1012 324 965 908 427 132 969 45 976 992 1080 974 53 968 403 95 169 67 463
603 978 704 113 974 1066 19 1024 82 91 214 1056 101 745 652 618 1145 25 64 496 676 716 37 682 971 103 738 631 638 1062 720 131 965 1031 1061 879 202 1002 803 86 168 585 963 561 617 935 761 201 57 697 330 714 138 753 1108 623 723 637 879 984 701 1015 905 616 683 166 1010 157 744 915 946 82 25 269 1096 1132 957 1157 754 216 131 733 795 700 124 753 1011 993 803 577 669 655 1012 108 146 1054 687 960 256 40 763 661 556 851 674 616 704 26 997 117 998 596 685 760 146 1019 1038 1013 748 846 1204 1003 785 272 871 962 33 91 912 84 73 727 999 971 989 759 638 889 916 788 612 764 799 173 98 932 284 683 933 697 112 316 653 747 1114 529 1017 232 117 1037 0 1141 1034 667 1023 1096 741 223 556 220 149 540 169 1021 54 968 1002 61 939 685 667 50 196 755 111 252 623 1058 208 995 64 49 46 83 1005 87 677 976 921 970 602
540 163 517 1040 174 153 1122 133 1105 1050 952 137 1042 628 554 573 37 1153 1078 668 487 538 1178 641 171 1089 485 705 612 128 662 1247 186 115 105 267 1127 155 507 1055 975 603 189 634 565 267 443 956 1100 517 857 530 1016 473 42 564 573 610 262 163 571 130 237 527 588 1012 169 1168 580 232 195 1065 1163 918 230 84 195 32 392 927 1214 568 353 541 1019 452 131 148 350 602 493 713 163 1178 1183 107 522 194 895 1132 545 650 637 301 598 570 571 1164 156 1025 173 675 523 452 1072 129 104 166 473 501 68 141 411 919 276 182 1147 1206 239 1213 1153 458 242 325 164 502 508 259 280 534 566 439 444 1143 1125 225 1018 606 208 585 1110 888 549 572 72 664 127 1080 1169 142 1141 0 123 573 119 88 671 1077 725 929 1178 640 1061 145 1154 181 150 1146 207 535 559 1130 1132 460 1077 1030 550 92 1090 165 1082 1098 1186 1083 145 1077 535 165 224 193 590
431 85 395 931 62 75 1015 11 994 943 840 48 934 507 432 453 114 1045 971 553 369 415 1070 518 76 977 362 582 489 46 540 1136 69 28 28 156 1010 33 386 949 869 483 72 514 445 146 320 855 990 394 741 407 906 349 112 444 450 488 160 53 448 34 148 418 465 900 50 1054 458 119 107 956 1056 803 281 171 140 128 280 819 1101 446 266 418 914 329 53 70 233 484 375 591 43 1065 1069 119 400 75 784 1023 423 527 518 224 475 450 448 1058 119 918 51 552 401 329 959 99 42 48 350 383 174 43 288 804 196 76 1042 1095 171 1103 1042 336 246 217 123 379 397 181 157 413 447 316 321 1028 1013 169 899 483 111 462 997 771 428 450 80 544 82 963 1056 33 1034 123 0 450 44 64 550 960 602 818 1064 522 946 23 1044 124 32 1035 137 412 436 1020 1015 337 965 913 431 99 973 42 974 990 1078 973 31 967 413 71 146 70 470
211 435 55 555 403 451 651 440 607 583 454 450 570 140 48 76 561 671 606 189 138 49 700 97 417 587 88 141 40 459 148 743 389 460 471 324 591 418 136 591 524 98 385 111 91 313 130 536 614 58 340 49 529 102 554 82 72 38 345 414 42 447 384 207 37 509 408 645 100 351 407 585 692 403 646 602 448 576 232 461 701 79 345 35 564 121 453 443 243 114 140 161 413 668 663 526 57 381 415 645 103 93 116 385 39 86 47 693 477 555 401 102 57 121 559 486 473 412 100 182 619 437 162 402 384 400 684 707 418 720 654 124 557 315 472 93 193 395 297 127 98 134 142 615 619 442 470 59 389 51 601 361 53 98 521 140 474 540 656 437 667 573 450 0 461 501 174 539 153 450 657 139 541 429 661 449 423 651 424 40 21 640 598 113 575 490 107 518 555 408 604 619 705 592 429 586 46 421 407 380 82
422 50 405 922 58 119 1004 43 986 932 833 92 924 528 439 457 123 1035 960 549 369 429 1060 534 53 970 375 596 500 88 560 1129 72 16 62 148 1008 54 408 937 857 485 75 516 448 171 331 840 981 404 738 420 898 363 94 447 467 498 144 46 462 16 123 408 479 893 87 1049 478 113 80 947 1045 799 241 145 101 134 273 809 1095 464 242 430 902 340 14 34 231 484 374 607 80 1059 1064 81 408 80 776 1014 443 542 520 195 488 453 463 1046 76 907 81 562 409 341 953 55 15 85 363 410 181 23 299 800 168 63 1029 1087 137 1094 1035 342 203 253 80 396 389 151 179 435 449 327 339 1024 1006 131 900 498 90 478 991 769 434 470 103 546 38 961 1050 76 1023 119 44 461 0 92 572 959 612 810 1059 522 942 61 1035 85 44 1027 102 422 445 1011 1013 349 958 912 432 64 971 63 964 980 1068 965 36 958 421 47 115 87 473
494 142 446 992 125 65 1078 74 1055 1006 901 52 996 547 487 509 63 1107 1033 612 429 463 1133 563 138 1038 413 628 540 43 581 1197 131 77 36 219 1069 94 425 1011 932 540 134 571 503 189 372 918 1052 447 801 456 968 399 100 501 495 539 224 116 495 91 210 480 513 961 93 1114 500 182 168 1018 1119 863 295 162 192 78 342 881 1162 489 329 468 976 381 105 125 294 541 435 635 88 1126 1129 140 453 137 846 1085 465 574 575 285 523 507 495 1120 162 980 102 603 454 380 1019 137 80 89 400 416 119 103 341 863 257 139 1104 1157 229 1165 1104 392 280 238 169 424 459 242 204 452 505 368 366 1087 1074 223 956 530 173 509 1058 830 482 492 20 602 124 1021 1116 64 1096 88 64 501 92 0 588 1019 654 880 1124 580 1006 76 1105 176 95 1097 194 465 488 1082 1074 387 1026 971 489 118 1032 102 1036 1052 1140 1035 94 1028 466 132 205 127 526
384 558 208 630 517 529 728 542 670 667 531 537 652 44 221 245 651 740 685 329 309 167 770 83 537 648 220 111 162 546 28 792 501 567 566 456 621 522 164 676 623 256 498 253 262 404 262 648 685 217 417 180 606 226 661 253 118 166 482 527 140 556 522 381 137 576 502 682 97 475 536 662 767 474 784 717 584 666 390 558 746 117 506 179 657 256 567 562 387 273 312 87 508 717 703 646 222 493 509 712 130 100 256 538 135 255 136 767 605 639 499 161 223 250 612 608 582 505 229 176 705 549 290 470 532 518 764 762 561 779 712 278 702 361 602 183 366 540 393 137 269 266 235 650 675 583 495 116 517 125 655 426 226 105 608 268 594 567 703 529 741 671 550 174 572 588 0 570 188 540 696 283 591 527 723 581 530 712 560 205 194 705 628 242 637 521 280 634 588 511 680 693 772 660 537 655 215 540 545 485 245
547 920 587 159 904 978 220 950 142 205 159 972 192 583 539 511 1074 209 200 410 591 587 236 526 908 123 622 465 503 980 552 226 893 963 986 811 52 928 665 213 240 479 890 450 516 840 655 298 174 582 221 589 157 637 1050 519 581 503 819 915 564 948 852 559 544 120 927 113 595 846 888 178 244 166 1078 1085 911 1088 687 223 178 589 757 574 230 646 948 932 728 477 585 483 931 155 134 1005 574 886 219 183 621 506 445 812 534 513 566 243 949 195 917 449 573 651 83 966 973 931 634 703 1134 936 684 163 827 895 255 203 869 224 164 629 980 854 941 631 574 844 822 645 514 659 681 80 128 891 76 538 872 556 111 189 542 600 1038 418 960 10 140 956 223 1077 960 539 959 1019 570 0 400 202 127 439 64 943 181 918 930 169 890 567 545 174 59 644 120 50 529 1004 18 919 185 189 232 151 934 151 562 913 871 892 494
285 583 208 444 554 604 542 593 487 479 344 604 465 189 174 166 714 556 499 174 261 195 586 127 566 466 241 78 114 612 164 615 540 612 625 471 452 570 265 488 435 150 537 126 181 466 283 462 500 208 229 200 419 255 705 177 181 115 489 565 168 598 528 289 148 391 562 510 195 500 554 476 581 287 785 751 591 729 365 370 571 190 469 187 469 273 603 592 387 162 259 108 567 540 530 674 204 532 321 528 222 107 125 516 137 174 169 582 623 452 554 52 203 274 432 633 624 565 254 303 773 588 314 284 520 550 578 582 558 598 531 270 692 462 617 239 287 533 450 245 184 287 293 479 495 581 327 139 536 158 476 240 180 199 674 118 623 399 527 591 556 725 602 153 612 654 188 400 0 352 523 145 412 582 541 594 575 530 568 190 166 522 459 267 454 350 202 667 417 560 494 508 588 476 581 471 190 570 550 533 153
388 767 484 112 759 848 203 808 176 133 44 838 121 538 432 398 930 228 157 276 457 498 255 473 757 162 518 429 423 844 516 319 749 817 845 664 234 786 586 141 85 365 747 341 397 715 541 128 172 477 124 496 88 533 897 402 509 421 666 769 485 801 695 402 467 92 792 253 531 700 734 140 245 84 902 925 749 943 539 26 288 518 589 481 117 533 798 781 586 357 449 457 795 251 263 846 467 744 35 205 548 452 337 645 459 395 488 246 789 105 780 386 465 540 156 809 825 796 528 630 990 789 565 90 664 748 235 277 705 285 225 506 804 750 781 540 422 681 697 573 392 543 579 236 199 726 197 470 721 482 186 126 433 533 898 311 806 210 244 819 220 929 818 450 810 880 540 202 352 0 260 319 154 804 225 759 787 217 730 465 448 202 235 535 151 181 403 848 205 778 158 174 262 155 790 149 457 763 712 753 382
640 1018 702 163 1006 1087 157 1054 100 187 228 1079 183 709 652 622 1178 126 165 512 696 705 143 650 1008 103 737 590 623 1086 678 100 996 1065 1090 912 80 1032 786 191 255 590 993 561 626 950 768 308 129 697 325 706 179 752 1149 629 702 622 917 1017 684 1050 948 653 665 169 1034 15 718 947 986 157 160 262 1162 1180 1004 1191 787 271 52 711 846 691 224 759 1048 1032 831 586 689 609 1038 43 7 1100 688 989 289 114 743 630 557 902 655 623 687 159 1043 195 1023 571 686 764 106 1062 1074 1038 749 826 1237 1038 795 261 919 997 180 88 961 110 76 738 1063 971 1036 750 671 937 932 767 622 771 797 47 70 983 203 660 971 677 76 298 655 722 1143 529 1058 132 32 1062 149 1178 1064 657 1059 1124 696 127 523 260 0 547 118 1049 96 1013 1033 89 985 682 661 107 72 758 112 175 637 1101 109 1023 151 144 135 124 1037 130 676 1013 966 997 606
144 486 166 428 466 540 522 511 486 452 330 534 440 261 113 78 636 546 477 50 153 185 574 200 472 467 199 197 126 541 255 626 455 526 547 375 489 489 274 459 389 46 452 30 79 404 223 398 489 158 222 180 403 213 614 84 208 123 386 477 180 511 421 150 167 388 489 535 235 409 454 458 564 286 667 653 483 649 254 328 587 216 343 166 431 214 511 497 291 39 148 229 493 552 552 573 148 448 284 521 242 183 27 395 161 77 184 565 519 425 479 131 146 221 443 534 536 492 209 320 695 499 249 286 404 459 554 587 445 598 534 192 570 431 512 224 154 420 386 266 76 226 260 508 501 468 378 178 438 183 484 250 114 234 600 30 526 441 541 517 540 640 522 139 522 580 283 439 145 319 547 0 429 505 539 489 492 529 461 147 132 516 494 216 455 391 91 571 452 480 476 492 579 468 496 462 138 477 442 453 63
524 901 585 95 888 969 163 936 87 141 116 961 129 600 535 504 1060 159 138 394 578 590 188 539 890 66 620 482 507 968 571 203 878 947 972 794 80 914 671 149 179 472 875 444 508 832 650 237 115 580 206 590 95 635 1031 511 589 507 800 899 569 932 831 537 550 63 916 108 605 830 869 115 192 144 1049 1063 888 1073 669 171 160 598 731 575 166 641 930 914 713 467 571 504 919 128 123 984 571 871 178 132 629 519 439 787 540 505 572 192 927 131 905 458 569 647 24 946 957 919 631 712 1119 920 677 143 804 879 200 171 845 189 123 620 950 854 920 634 554 821 814 654 504 653 680 84 85 867 115 547 854 563 65 180 537 610 1025 411 941 74 115 944 169 1061 946 541 942 1006 591 64 412 154 118 429 0 931 136 897 915 124 868 565 544 123 81 640 59 83 518 985 57 905 124 130 187 90 919 90 559 896 849 879 488
419 93 374 917 56 66 1002 18 979 930 825 42 921 485 413 435 132 1032 958 537 353 394 1057 496 79 963 342 560 469 44 518 1122 58 48 42 144 994 21 363 936 857 465 60 496 428 123 300 844 977 375 725 386 892 329 135 426 428 467 153 51 426 47 147 405 444 885 28 1038 436 108 109 943 1043 787 301 194 149 146 267 805 1086 424 262 397 901 309 67 80 218 466 359 569 20 1050 1054 140 380 62 770 1009 401 506 500 224 454 432 427 1045 133 904 28 532 381 308 943 116 63 25 329 360 191 52 268 788 196 72 1029 1081 175 1089 1028 318 262 195 136 357 383 182 135 390 430 296 299 1012 998 176 881 462 108 441 982 755 409 428 95 527 98 946 1041 21 1021 145 23 429 61 76 527 943 582 804 1049 505 931 0 1030 134 29 1021 142 392 416 1006 999 316 950 896 414 121 957 26 961 976 1064 959 33 953 393 74 148 52 452
613 991 701 113 984 1073 64 1033 54 114 208 1063 117 730 649 616 1156 31 86 498 681 710 55 668 983 75 736 613 630 1069 702 97 975 1042 1071 889 153 1012 794 114 191 584 972 557 617 939 761 235 55 694 321 709 138 750 1121 622 713 629 891 994 692 1026 919 627 674 152 1017 104 732 925 959 91 67 258 1119 1148 973 1168 764 227 82 723 811 694 152 753 1023 1006 811 577 674 636 1020 55 92 1070 685 969 260 25 754 647 553 868 664 615 695 65 1013 133 1006 584 683 759 113 1033 1050 1021 746 837 1215 1014 786 260 887 973 85 53 928 60 20 729 1021 969 1005 753 647 905 920 778 613 764 796 122 53 949 248 672 946 687 72 302 651 736 1124 526 1030 189 63 1045 54 1154 1044 661 1035 1105 723 181 541 225 96 539 136 1030 0 983 1012 12 954 681 662 24 146 754 87 217 625 1073 165 1004 76 63 52 71 1015 77 674 988 936 978 600
373 41 395 870 91 199 948 119 935 877 785 172 869 537 420 432 197 981 905 510 339 426 1004 533 61 921 370 590 487 170 566 1078 104 100 146 126 966 117 423 881 800 457 105 488 420 205 325 779 928 392 697 415 846 360 143 421 469 485 106 88 459 91 68 360 473 845 153 1004 484 107 47 893 988 755 204 167 16 205 235 755 1046 467 174 423 845 333 72 54 207 453 343 605 147 1009 1017 87 394 109 727 960 451 537 491 121 482 426 461 990 30 853 140 548 394 336 907 52 96 153 358 433 249 82 294 757 97 78 972 1035 58 1041 984 326 137 302 23 399 345 79 206 448 420 321 346 980 957 47 863 494 65 475 942 729 415 477 185 515 56 922 1001 154 968 181 124 449 85 176 581 918 594 759 1013 489 897 134 983 0 106 975 29 410 432 959 971 344 909 873 402 92 930 121 910 926 1013 913 101 907 407 62 47 129 448
400 65 368 899 30 95 984 21 962 912 808 70 902 486 404 424 144 1013 939 522 339 390 1039 494 50 946 337 557 463 71 519 1105 37 38 60 124 980 11 366 917 837 454 40 484 416 127 293 823 959 367 711 381 874 324 132 415 427 461 129 23 423 27 119 386 440 868 47 1023 437 87 80 925 1025 772 283 187 121 158 248 787 1070 423 236 392 882 303 44 54 202 454 345 567 41 1034 1038 124 372 44 753 991 401 503 488 196 450 420 424 1026 108 886 38 525 373 303 928 94 52 47 324 366 204 26 261 773 168 45 1010 1064 147 1072 1011 308 237 210 110 355 365 154 136 393 417 289 298 997 982 148 869 459 81 438 966 741 399 429 112 515 77 932 1025 50 1002 150 32 423 44 95 530 930 575 787 1033 492 915 29 1012 106 0 1004 113 385 409 988 985 311 934 883 401 107 943 20 942 958 1046 942 7 935 386 46 120 45 441
605 984 691 105 976 1064 68 1025 43 111 199 1054 112 718 639 607 1148 41 84 489 672 699 66 657 975 64 725 602 619 1061 691 103 966 1034 1062 881 142 1003 784 111 187 574 964 547 608 930 752 233 51 684 311 699 129 740 1114 612 703 618 883 986 682 1018 912 619 663 141 1009 96 721 917 951 85 77 247 1113 1141 965 1160 756 220 82 712 804 684 149 743 1015 998 803 567 665 625 1011 51 86 1062 675 960 251 25 743 636 543 861 653 606 684 76 1005 127 997 573 673 750 101 1026 1042 1012 736 826 1207 1006 777 249 880 965 93 60 921 70 13 719 1015 959 998 743 639 897 911 768 603 755 786 113 41 942 236 661 938 677 60 291 641 725 1115 515 1023 178 57 1036 61 1146 1035 651 1027 1097 712 169 530 217 89 529 124 1021 12 975 1004 0 947 671 652 20 136 744 76 205 616 1065 153 995 72 61 64 62 1007 69 664 980 928 970 591
344 52 371 841 91 208 920 130 907 849 757 182 841 516 394 405 221 952 877 481 311 402 976 509 63 892 346 565 462 182 544 1049 101 116 161 103 937 122 403 853 772 430 102 460 393 195 301 751 900 367 668 391 818 337 170 394 446 459 80 91 435 104 40 332 449 817 156 975 463 91 36 865 960 727 225 195 24 229 207 727 1017 445 147 399 817 309 88 68 181 425 315 581 152 981 989 116 368 105 698 932 430 513 464 95 457 399 437 962 59 824 143 522 368 313 878 80 115 157 335 416 274 93 271 728 70 76 944 1007 35 1013 955 300 149 294 52 377 316 52 193 427 392 297 326 952 928 36 835 470 50 451 914 701 388 455 205 488 80 893 973 163 939 207 137 424 102 194 560 890 568 730 985 461 868 142 954 29 113 947 0 384 407 930 942 321 880 845 374 119 901 124 882 897 984 885 109 878 381 67 19 126 420
188 395 20 573 364 417 668 402 628 598 473 415 586 167 34 71 524 690 622 195 104 47 718 133 377 608 55 181 78 423 181 766 350 422 435 284 619 380 132 606 536 101 347 124 80 278 93 544 633 18 361 37 547 70 516 71 91 76 305 375 65 408 344 182 71 530 372 670 120 312 368 603 709 425 606 563 408 539 192 475 725 96 306 29 578 83 414 404 203 114 107 200 377 691 688 486 18 342 430 664 110 132 129 345 76 77 69 710 437 571 364 140 18 86 582 446 435 376 67 178 583 399 124 424 344 361 700 728 378 741 675 84 517 289 432 78 165 355 262 130 87 97 115 641 641 401 499 94 349 80 624 385 35 115 485 156 435 568 680 401 685 535 412 40 422 465 205 567 190 465 682 147 565 392 681 410 385 671 384 0 24 659 625 78 596 517 89 479 582 370 621 637 723 611 391 606 12 382 367 343 84
192 419 43 554 388 440 650 426 608 581 454 439 568 158 29 62 548 671 605 182 118 53 700 117 401 589 78 160 55 447 168 746 374 446 458 307 597 404 142 589 520 88 371 107 75 302 116 530 614 42 341 48 529 93 539 66 87 53 327 399 58 432 367 188 57 510 396 649 116 335 391 585 691 405 628 586 430 563 212 458 704 94 325 34 561 107 437 427 225 102 120 181 401 671 667 509 38 366 413 645 114 113 111 365 60 70 63 692 460 553 388 117 38 109 561 469 458 399 90 188 607 422 148 404 365 384 683 709 400 721 656 106 538 310 455 93 173 376 285 136 82 120 136 619 621 423 477 79 372 69 603 364 33 113 508 137 458 545 659 425 667 559 436 21 445 488 194 545 166 448 661 132 544 416 662 432 409 652 407 24 0 640 603 101 577 495 89 502 560 394 603 619 705 592 415 587 26 405 389 366 71
590 967 679 89 960 1049 52 1009 36 91 186 1039 93 711 627 594 1132 36 64 475 657 688 66 649 959 58 713 595 609 1046 684 121 951 1018 1047 865 152 988 773 91 168 561 948 535 595 916 739 213 31 672 300 687 114 728 1097 599 693 608 867 970 671 1003 895 603 653 131 994 112 712 901 935 67 70 237 1095 1124 948 1144 740 203 103 702 787 673 129 730 999 982 788 554 650 618 997 71 105 1046 663 945 236 9 733 628 531 844 643 593 674 70 988 109 982 564 661 737 99 1009 1026 997 724 816 1191 990 764 239 863 949 82 77 904 83 33 706 997 947 981 732 623 880 897 758 590 742 774 125 48 925 237 652 922 667 63 282 629 715 1100 504 1006 183 75 1021 50 1130 1020 640 1011 1082 705 174 522 202 107 516 123 1006 24 959 988 20 930 659 640 0 146 731 68 205 602 1049 159 980 53 40 67 48 992 54 652 964 912 955 578
598 973 645 163 958 1035 197 1005 122 202 196 1028 193 642 596 568 1129 177 189 464 646 645 200 585 961 111 680 524 562 1036 611 172 947 1018 1041 865 8 983 723 209 254 536 945 507 573 897 712 312 156 640 275 647 171 695 1103 576 640 562 872 969 623 1002 904 610 603 144 983 57 654 900 941 172 213 216 1127 1137 962 1142 741 252 124 648 807 632 234 703 1002 986 783 533 640 542 987 107 79 1057 632 941 258 156 680 565 502 863 593 569 625 211 1001 200 973 508 630 708 85 1019 1027 987 692 762 1189 991 741 214 878 950 228 156 920 178 127 685 1028 913 994 690 626 895 879 704 570 716 739 26 98 942 134 597 926 615 88 244 599 659 1094 475 1013 61 92 1012 196 1132 1015 598 1013 1074 628 59 459 235 72 494 81 999 146 971 985 136 942 625 603 146 0 702 114 109 585 1057 43 974 173 173 194 140 989 142 619 967 923 947 551
211 326 59 644 291 339 738 327 701 667 545 337 655 199 106 137 448 761 692 260 109 81 789 188 307 682 26 247 153 346 224 840 277 348 358 218 695 305 110 674 602 170 274 197 138 200 20 605 704 62 435 71 619 17 442 133 126 151 242 302 115 335 282 201 130 603 295 746 145 242 300 674 779 499 545 492 345 462 153 542 800 125 267 82 645 14 342 333 145 178 116 261 300 766 763 417 70 269 499 736 117 194 201 296 139 139 116 780 371 640 288 216 71 8 656 377 361 299 14 147 506 326 51 498 290 289 769 802 320 814 749 50 461 216 366 62 177 298 184 124 144 24 49 717 715 342 577 150 281 131 698 460 103 138 408 229 365 645 754 324 755 460 337 113 349 387 242 644 267 535 758 216 640 316 754 344 311 744 321 78 101 731 702 0 670 595 136 408 659 295 692 707 795 683 317 678 82 311 305 267 153
537 916 616 52 906 992 104 955 33 89 126 983 80 643 565 532 1078 104 80 416 600 624 134 581 906 12 651 527 543 989 616 171 896 965 992 811 116 933 708 96 145 500 894 473 534 857 678 201 56 610 236 623 67 666 1046 538 627 543 815 917 606 949 844 550 587 67 937 109 645 847 883 59 135 172 1052 1075 899 1090 686 159 137 636 739 609 121 669 946 929 732 493 593 550 940 101 115 996 600 890 182 76 667 560 468 796 578 532 609 135 939 88 926 497 599 675 37 959 973 941 662 750 1137 937 703 173 814 896 141 132 856 145 79 646 954 885 931 668 569 831 839 692 530 681 711 102 48 877 173 586 869 601 36 216 567 649 1045 441 955 130 93 965 111 1077 965 575 958 1026 637 120 454 151 112 455 59 950 87 909 934 76 880 596 577 68 114 670 0 142 543 998 108 925 65 71 135 31 937 31 589 912 862 899 516
503 874 537 168 857 929 246 902 170 216 137 924 202 534 490 463 1027 241 217 364 544 537 270 477 861 149 573 416 453 931 504 272 845 916 938 764 102 880 615 225 234 431 842 401 468 791 606 292 198 533 177 539 158 588 1003 471 531 454 773 868 514 901 806 515 494 116 879 161 545 799 842 193 275 128 1036 1039 866 1040 641 205 225 540 713 524 234 597 901 886 681 429 538 435 883 199 182 959 525 838 190 214 571 457 397 769 484 464 516 275 903 200 869 399 524 602 106 920 926 883 585 654 1086 889 635 124 783 849 282 246 824 265 201 580 937 805 896 581 529 799 774 595 466 610 631 129 164 847 32 488 826 506 145 144 493 550 990 369 914 50 184 908 252 1030 913 490 912 971 521 50 350 181 175 391 83 896 217 873 883 205 845 517 495 205 109 595 142 0 482 958 67 871 204 212 268 172 887 171 513 866 826 844 446
104 397 101 514 376 450 606 421 573 534 417 443 523 247 60 38 545 631 560 127 64 135 658 199 382 555 126 226 122 450 253 714 364 435 456 285 580 398 219 541 468 55 361 86 21 314 139 469 574 90 312 126 488 139 524 28 176 119 298 387 147 420 334 101 144 476 398 625 205 318 366 542 647 375 586 565 397 559 168 409 676 182 267 116 511 132 422 408 201 52 59 252 402 641 642 485 79 357 368 606 199 190 89 315 144 29 151 648 432 507 388 165 77 140 533 445 446 402 133 264 605 409 162 375 322 369 636 675 361 685 621 104 491 349 425 163 90 336 296 219 18 141 184 598 590 384 468 164 349 158 573 341 56 201 509 114 437 531 630 427 623 550 431 107 432 489 280 529 202 403 637 91 518 414 625 402 401 616 374 89 89 602 585 136 543 482 0 482 543 389 561 576 664 554 406 548 77 387 356 362 49
461 85 462 960 118 167 1039 103 1025 968 874 141 960 590 493 509 115 1071 996 595 418 488 1095 594 101 1010 433 655 557 135 622 1167 133 73 103 197 1053 117 471 972 891 536 136 567 499 234 389 871 1018 461 783 479 936 422 51 499 528 554 186 107 522 80 154 448 538 934 148 1092 540 167 117 984 1080 842 183 84 105 119 318 846 1135 525 266 489 936 398 67 75 282 534 423 667 141 1099 1106 22 464 141 816 1051 505 601 571 212 547 504 523 1081 64 943 144 619 465 399 995 40 58 146 421 473 160 85 357 844 189 118 1063 1125 150 1131 1073 397 163 315 72 457 431 171 242 497 499 385 400 1067 1046 134 947 558 133 537 1031 815 488 532 118 596 44 1007 1090 132 1058 92 99 518 64 118 634 1004 667 848 1101 571 985 121 1073 92 107 1065 119 479 502 1049 1057 408 998 958 482 0 1016 127 1001 1016 1103 1003 100 997 477 97 137 150 525
558 932 602 151 917 992 206 963 128 196 163 986 184 601 553 525 1087 193 188 422 604 603 220 543 920 110 637 482 519 993 570 208 906 976 999 823 37 941 681 203 236 494 903 464 530 854 670 294 161 597 233 604 152 652 1062 533 597 519 831 928 580 961 863 570 560 118 941 95 612 858 900 167 229 176 1088 1096 922 1101 699 224 160 606 767 590 223 661 960 945 741 491 598 501 945 137 116 1017 589 899 224 168 638 523 460 823 550 527 582 228 960 188 931 465 588 666 72 978 986 945 649 720 1147 949 698 173 838 908 240 185 880 206 147 643 989 870 953 647 586 855 837 662 528 673 696 62 112 902 94 555 885 572 96 202 557 616 1052 432 972 25 122 969 208 1090 973 555 971 1032 588 18 417 205 109 452 57 957 165 930 943 153 901 582 560 159 43 659 108 67 543 1016 0 932 173 177 216 139 947 139 577 925 883 905 509
392 80 353 891 34 88 976 32 953 904 799 66 894 468 390 411 156 1005 931 511 328 373 1031 477 61 937 321 540 447 70 501 1096 32 56 67 118 969 10 348 909 830 441 34 472 403 108 278 817 950 352 700 365 866 308 150 402 409 446 128 33 406 47 124 379 424 859 32 1013 419 82 89 917 1017 762 302 206 135 170 240 779 1060 405 237 376 875 287 64 71 193 442 334 550 28 1025 1028 144 357 36 744 983 383 486 476 201 433 408 407 1018 126 878 20 510 358 287 918 113 71 33 308 347 215 45 246 762 173 50 1003 1055 156 1063 1002 294 254 191 127 338 357 161 118 374 405 274 281 986 972 160 857 442 85 421 957 730 385 411 120 502 96 921 1015 45 995 165 42 408 63 102 511 919 560 778 1023 480 905 26 1004 121 20 995 124 370 394 980 974 295 925 871 389 127 932 0 934 950 1038 933 27 927 371 59 128 28 428
543 920 641 50 914 1005 48 963 53 38 151 995 41 682 589 555 1086 71 16 433 614 653 98 619 912 63 675 569 575 1001 657 172 905 972 1001 819 178 942 739 40 115 522 903 497 554 873 698 161 22 634 267 651 75 689 1050 559 660 574 820 924 637 956 847 557 619 105 949 153 680 855 887 18 89 206 1044 1075 900 1098 694 155 154 669 738 636 76 690 952 934 743 514 607 594 952 121 150 997 624 899 193 52 700 598 493 794 610 553 641 89 940 57 937 533 622 697 102 961 979 952 685 783 1144 944 722 210 814 903 85 129 855 131 84 664 946 907 932 695 577 832 854 725 549 701 736 157 82 876 235 620 874 634 85 254 590 683 1054 466 958 195 122 976 64 1082 974 604 964 1036 680 185 494 158 151 476 124 961 76 910 942 72 882 621 603 53 173 692 65 204 561 1001 173 934 0 16 104 35 945 34 613 917 863 910 539
559 935 656 65 930 1021 35 979 51 51 166 1010 57 697 604 570 1101 55 24 449 630 668 82 634 927 66 690 583 590 1017 671 158 921 987 1017 835 178 958 754 51 130 538 918 513 570 889 714 173 16 649 282 666 90 705 1065 575 675 589 836 940 652 972 863 572 634 118 965 147 695 871 903 34 74 221 1059 1091 915 1113 710 171 143 684 754 652 89 706 967 950 758 530 623 607 967 111 143 1013 639 915 209 38 715 612 508 810 625 568 656 74 955 73 953 548 637 713 108 977 995 968 700 798 1160 959 738 224 830 919 73 115 871 116 73 680 961 923 948 711 593 847 870 740 565 717 751 154 77 891 243 635 890 649 84 268 606 698 1070 481 974 199 114 992 49 1098 990 619 980 1052 693 189 508 174 144 492 130 976 63 926 958 61 897 637 619 40 173 707 71 212 576 1016 177 950 16 0 88 40 961 42 629 933 879 925 555
647 1023 743 151 1018 1109 65 1067 102 136 251 1099 144 777 691 657 1189 34 108 537 718 754 12 715 1015 124 777 662 674 1105 751 90 1009 1075 1105 923 201 1046 839 132 213 625 1006 599 657 977 802 247 90 736 366 752 176 792 1153 663 759 674 924 1028 737 1060 950 660 719 197 1053 146 778 959 991 122 35 303 1143 1177 1002 1201 798 259 102 768 840 738 170 793 1055 1038 847 617 711 685 1056 91 129 1100 726 1003 297 60 799 694 595 896 709 656 740 33 1042 160 1041 630 724 800 164 1064 1083 1056 788 882 1248 1047 826 305 916 1007 60 56 957 41 69 768 1045 1010 1034 797 681 934 958 824 653 804 838 169 105 977 300 718 978 733 123 349 693 782 1158 568 1061 240 104 1080 46 1186 1078 705 1068 1140 772 232 588 262 135 579 187 1064 52 1013 1046 64 984 723 705 67 194 795 135 268 664 1103 216 1038 104 88 0 113 1049 119 716 1021 966 1014 642
543 921 631 44 913 1002 74 963 25 64 138 992 59 665 579 546 1085 80 50 427 610 641 110 602 912 29 666 549 561 999 638 164 904 972 1000 818 143 941 726 70 132 513 902 487 547 868 691 183 26 624 253 640 67 680 1052 552 646 561 821 924 624 956 849 557 605 84 947 124 665 855 889 34 108 190 1052 1079 903 1098 693 158 138 655 742 625 100 682 953 936 741 506 603 574 949 102 125 1000 615 898 189 53 686 581 483 799 596 545 627 108 943 71 935 517 613 689 68 964 980 950 676 769 1144 944 716 192 818 903 111 122 859 131 71 658 954 899 935 684 576 835 850 711 542 694 726 124 54 880 204 605 875 620 53 236 581 668 1053 456 960 160 99 974 83 1083 973 592 965 1035 660 151 476 155 124 468 90 959 71 913 942 62 885 611 592 48 140 683 31 172 554 1003 139 933 35 40 113 0 945 6 604 918 866 908 530
402 60 374 902 32 98 986 21 965 914 812 73 905 493 409 429 141 1016 942 526 343 396 1042 501 47 949 343 563 469 73 526 1108 42 31 58 127 984 18 373 920 840 458 45 489 420 134 299 825 962 373 714 387 878 330 126 419 433 467 130 22 429 20 118 389 446 872 54 1027 443 90 78 928 1027 776 275 180 116 154 251 790 1073 429 236 398 885 308 37 48 206 458 349 573 47 1037 1042 117 378 49 756 994 408 509 493 195 456 425 430 1029 102 889 45 531 378 308 931 87 45 53 330 374 200 20 267 777 167 45 1012 1067 143 1075 1014 313 231 217 104 362 368 152 143 399 422 295 305 1001 985 144 874 465 80 444 969 745 404 435 110 519 70 937 1028 53 1005 145 31 429 36 94 537 934 581 790 1037 496 919 33 1015 101 7 1007 109 391 415 992 989 317 937 887 406 100 947 27 945 961 1049 945 0 938 391 42 117 51 446
537 915 625 37 907 996 76 956 31 60 132 986 54 660 573 540 1079 85 49 421 604 635 115 597 906 31 660 545 556 992 634 171 898 965 994 812 146 935 721 66 126 508 895 482 541 862 685 178 30 619 247 634 61 674 1045 546 640 555 815 918 618 950 843 550 600 79 940 129 660 848 882 30 112 184 1046 1073 897 1091 687 152 144 650 736 619 95 676 946 929 734 500 597 569 943 108 130 994 609 892 183 59 681 576 477 792 591 539 622 112 937 66 929 512 607 683 68 957 973 944 670 763 1138 938 710 187 811 897 114 129 853 137 77 652 948 893 929 678 570 829 844 705 536 688 720 128 60 873 202 600 869 614 57 231 575 663 1047 450 954 161 105 968 87 1077 967 586 958 1028 655 151 471 149 130 462 90 953 77 907 935 69 878 606 587 54 142 678 31 171 548 997 139 927 34 42 119 6 938 0 598 912 860 902 524
176 394 28 565 364 420 660 403 620 590 466 417 577 178 25 61 525 682 614 185 94 59 711 141 376 601 62 186 81 425 191 759 350 422 436 282 613 381 143 597 527 92 347 116 68 281 95 534 625 21 354 49 539 77 515 60 103 78 301 375 76 408 341 171 79 523 374 664 131 311 365 595 701 418 602 562 405 540 186 466 719 108 299 40 569 85 413 402 200 103 97 206 378 685 682 484 13 342 422 657 122 139 121 339 84 66 80 702 435 562 366 141 13 89 575 444 434 377 73 189 584 398 126 417 339 360 692 721 374 733 668 81 512 296 429 89 153 350 264 142 75 99 123 635 635 397 495 102 347 90 617 379 24 127 486 148 434 563 673 403 677 535 413 46 421 466 215 562 190 457 676 138 559 393 674 407 386 664 381 12 26 652 619 82 589 513 77 477 577 371 613 629 716 604 391 598 0 380 364 343 75
375 22 366 875 29 141 958 63 939 886 787 115 877 496 397 413 170 988 913 503 324 392 1013 498 6 924 337 558 460 115 527 1082 44 56 97 103 962 56 378 890 810 441 46 472 404 149 292 793 934 364 692 382 851 326 137 403 432 458 97 25 425 41 78 361 441 847 91 1003 445 70 36 900 998 753 254 181 76 181 226 762 1048 429 197 392 855 301 35 22 187 440 329 571 85 1012 1018 106 367 51 730 967 410 505 476 153 450 409 426 999 72 860 78 522 368 303 907 68 62 91 325 384 227 29 260 754 126 22 983 1040 101 1047 988 300 198 242 72 361 342 110 153 404 404 288 305 978 960 102 855 461 43 441 944 724 392 437 146 502 54 916 1003 95 976 165 71 421 47 132 540 913 570 763 1013 477 896 74 988 62 46 980 67 382 405 964 967 311 912 866 387 97 925 59 917 933 1021 918 42 912 380 0 75 68 430
326 64 354 823 94 215 902 138 888 830 738 190 822 501 376 386 236 934 859 462 293 386 958 493 70 873 330 548 444 190 529 1031 102 128 172 89 919 128 390 835 754 411 102 442 374 188 285 734 881 350 650 375 799 321 187 376 431 442 63 97 419 115 23 313 432 798 160 957 448 82 39 846 942 708 240 214 41 245 188 709 999 429 130 382 799 293 101 81 164 407 296 564 156 962 970 134 351 104 679 914 415 497 445 80 441 380 421 943 78 806 146 504 351 297 859 98 129 161 319 404 290 103 256 710 53 78 925 988 28 994 936 283 160 289 70 362 297 36 185 414 374 281 312 933 910 41 816 454 46 435 895 682 371 440 218 469 97 875 954 169 921 224 146 407 115 205 545 871 550 712 966 442 849 148 936 47 120 928 19 367 389 912 923 305 862 826 356 137 883 128 863 879 966 866 117 860 364 75 0 126 402
368 90 325 866 39 103 952 60 928 880 773 86 870 442 362 384 183 981 907 485 301 346 1006 450 68 911 293 513 420 92 474 1070 25 82 94 97 942 38 322 885 806 414 24 444 376 84 250 794 926 325 673 338 841 280 177 375 382 418 112 46 379 71 117 354 396 833 42 986 392 64 90 892 993 735 320 231 141 197 216 754 1035 378 223 349 851 259 84 86 167 415 308 523 43 999 1002 165 330 22 719 958 357 459 448 192 406 381 380 994 140 854 28 482 331 259 892 132 97 45 281 323 243 66 218 736 165 51 979 1030 154 1038 977 267 265 174 140 311 333 155 92 348 378 246 254 960 947 162 830 415 80 394 931 703 358 384 146 475 115 894 989 67 970 193 70 380 87 127 485 892 533 753 997 453 879 52 978 129 45 970 126 343 366 955 947 267 899 844 362 150 905 28 910 925 1014 908 51 902 343 68 126 0 400
144 440 102 491 417 484 585 460 547 515 392 479 503 216 50 17 584 608 540 111 109 124 636 162 425 528 136 180 83 486 217 687 404 476 494 328 545 437 213 523 453 17 401 45 28 346 162 460 551 95 282 118 466 150 566 26 153 79 342 428 124 461 380 144 115 450 434 594 182 360 410 521 627 346 634 609 443 598 214 391 647 161 316 105 494 153 464 451 243 32 107 208 438 613 611 530 85 397 347 583 184 150 49 364 113 22 129 628 477 488 425 117 83 159 503 490 487 438 146 259 643 450 190 345 369 410 617 649 408 660 595 135 540 369 471 162 137 383 328 207 31 165 197 566 562 431 430 132 393 131 545 308 51 180 546 77 481 496 602 463 602 590 470 82 473 526 245 494 153 382 606 63 488 452 600 448 441 591 420 84 71 578 551 153 516 446 49 525 509 428 539 555 642 530 446 524 75 430 402 400 0
