200 15
0 416 541 332 450 470 322 417 424 473 620 381 117 479 377 273 92 278 239 510 566 468 225 264 441 556 426 421 422 396 259 561 249 376 666 435 210 377 427 404 317 483 487 395 466 457 554 243 154 376 355 317 293 508 257 444 358 250 416 115 500 256 285 262 462 532 432 569 199 488 520 472 461 334 171 416 464 355 425 361 90 351 116 430 159 453 22 490 591 519 366 368 129 448 156 46 551 387 675 308 431 409 351 327 415 207 341 688 463 330 495 424 434 554 240 392 124 454 304 339 561 446 666 203 481 594 419 479 316 509 407 630 482 335 512 288 524 176 473 402 395 138 564 454 368 360 293 208 203 424 48 451 512 503 122 284 565 483 464 506 634 413 429 335 185 286 437 609 123 253 303 337 507 437 150 104 385 508 254 431 447 289 498 460 431 64 363 380 246 595 426 503 381 601 175 602 637 524 450 341 9
416 0 901 397 427 100 645 514 748 237 624 448 520 778 766 604 329 551 177 795 927 178 324 350 506 742 310 624 610 319 160 186 368 106 898 269 206 564 792 343 103 80 829 797 360 253 233 315 569 327 555 308 162 847 551 772 61 641 407 328 915 590 138 223 704 151 840 944 444 383 931 560 667 348 397 829 613 188 384 763 444 755 329 551 355 431 413 865 978 544 50 603 543 652 562 461 965 772 328 625 793 503 196 558 306 485 605 1080 787 175 524 143 831 950 192 578 527 453 719 656 755 518 308 221 181 996 834 739 364 609 526 317 851 738 884 679 526 373 548 510 787 321 348 529 644 105 219 624 268 833 370 549 427 322 456 643 442 843 55 422 285 318 713 445 384 617 813 845 481 216 399 348 460 788 327 377 790 109 556 16 663 250 786 561 465 361 602 497 229 865 669 787 501 558 439 225 339 720 250 570 409
541 901 0 570 650 980 667 910 168 833 664 557 512 185 180 641 627 361 748 814 26 998 763 574 555 955 729 376 399 935 769 1074 778 821 988 769 709 832 626 941 798 979 85 210 730 997 1083 598 452 914 405 641 820 721 681 144 855 521 633 582 314 632 764 800 838 1041 225 65 459 735 260 957 872 618 692 407 917 757 664 227 587 244 657 909 546 649 557 69 124 609 858 789 433 367 394 504 330 555 1201 671 110 906 888 769 721 417 325 218 727 863 1001 950 524 156 764 843 512 629 358 250 952 944 1189 727 879 212 373 829 590 514 892 1163 63 478 49 521 636 705 964 509 532 679 1105 949 748 878 831 390 743 453 585 515 724 805 608 262 778 59 935 721 1159 953 238 522 710 284 112 943 584 687 825 871 684 113 575 530 470 1008 670 916 349 830 803 512 590 604 348 501 674 890 310 811 873 712 674 1115 1173 923 990 372 542
332 397 570 0 120 495 653 703 403 265 295 59 435 412 489 605 330 216 324 842 594 551 470 75 126 878 159 233 216 595 338 583 515 295 996 200 288 691 744 613 315 475 487 543 170 594 624 113 440 586 173 90 406 833 588 427 377 562 89 236 697 588 290 428 791 548 593 626 165 183 688 759 784 53 469 667 772 215 108 513 420 514 369 726 175 123 350 556 673 193 371 693 390 260 376 352 744 692 725 641 477 693 488 649 152 196 245 777 792 455 761 504 724 664 363 707 442 122 540 324 884 725 705 342 318 721 655 810 33 222 701 709 535 624 569 596 194 459 755 114 693 386 707 735 699 427 454 455 406 691 326 158 192 238 451 355 249 518 411 187 682 605 346 52 474 308 511 940 455 203 572 570 177 461 195 228 664 504 585 409 272 474 830 170 102 340 228 100 192 927 288 835 672 269 491 621 728 846 588 200 324
450 427 650 120 0 527 771 801 482 232 204 96 555 476 592 723 437 317 401 959 673 597 566 186 104 987 122 281 259 673 410 606 614 321 1110 171 372 798 865 693 367 498 565 649 91 654 660 215 560 667 245 153 476 953 702 505 423 683 33 347 806 706 352 510 904 572 699 710 284 88 793 857 894 120 577 783 876 241 43 620 536 623 474 827 290 4 466 645 761 117 415 804 511 300 495 471 852 813 749 758 567 791 556 759 123 311 329 864 911 524 852 553 844 759 443 814 562 29 656 415 994 821 726 429 299 817 770 925 134 198 801 744 623 743 655 716 101 564 852 142 813 489 763 831 814 482 532 574 499 809 439 153 77 169 566 460 135 603 426 73 708 681 414 144 579 410 605 1054 572 277 669 658 57 547 306 345 783 525 700 435 317 556 947 162 61 451 302 149 270 1044 346 952 773 157 601 641 765 956 649 280 441
470 100 980 495 527 0 657 481 832 330 724 548 564 866 836 620 380 637 235 789 1006 92 330 444 606 714 410 719 706 273 215 94 366 206 874 368 272 547 811 295 187 47 911 862 459 181 133 407 618 287 649 406 182 856 562 856 126 675 508 400 969 608 220 234 691 62 902 1020 529 481 990 521 647 447 415 874 583 288 484 828 482 819 369 520 436 531 464 940 1050 644 127 595 600 748 623 516 1019 799 231 637 871 470 170 553 406 568 694 1151 792 166 474 82 863 1018 231 560 570 553 772 740 728 478 213 267 268 1062 882 728 462 709 498 216 928 775 960 711 627 390 506 608 818 355 259 489 643 112 216 678 292 872 423 648 525 416 487 719 538 922 117 521 187 266 802 542 399 698 888 824 515 306 383 320 560 868 406 450 827 50 569 93 757 243 781 660 565 410 693 595 319 853 762 781 475 656 457 135 238 695 180 662 465
322 645 667 653 771 657 0 298 622 771 937 700 225 690 490 48 355 555 482 190 686 610 327 586 757 289 741 703 710 442 494 726 293 647 356 743 475 195 159 432 571 688 651 460 784 551 683 563 252 418 648 636 485 203 95 634 585 146 738 430 457 65 548 426 173 708 465 663 507 808 508 326 206 655 248 322 264 651 746 440 238 423 334 278 481 774 305 599 656 836 597 134 299 725 336 304 495 176 795 20 578 299 491 139 730 502 607 723 146 491 390 583 247 599 456 198 219 776 311 566 287 331 798 434 764 609 351 173 637 814 273 732 605 210 622 149 843 273 339 715 203 333 617 331 82 553 441 293 377 293 338 761 833 814 211 483 884 621 700 827 763 460 662 652 261 516 557 302 200 551 296 367 828 599 469 426 248 705 89 659 719 414 177 769 751 331 638 692 549 276 686 183 268 922 207 761 728 256 546 624 330
417 514 910 703 801 481 298 0 825 713 997 761 400 886 731 295 378 695 414 343 933 405 236 628 826 233 728 836 836 211 412 521 188 564 395 711 433 106 447 191 484 523 875 719 780 322 456 591 458 194 768 649 364 446 238 843 465 412 770 472 746 296 479 310 233 515 736 920 608 806 792 56 178 682 247 615 103 606 765 692 339 676 337 39 539 805 396 848 923 896 479 172 484 864 526 434 788 474 549 282 808 11 320 160 719 623 758 1001 380 339 94 399 545 871 372 109 399 816 576 748 247 34 559 376 679 890 640 275 676 909 26 481 848 500 871 432 894 249 56 797 501 318 350 38 235 409 301 521 304 590 396 847 842 781 311 679 881 857 565 837 526 222 842 723 236 694 799 348 331 529 133 167 855 822 511 499 544 530 250 523 863 270 337 858 804 377 780 776 534 387 843 335 37 958 246 546 470 216 319 756 421
424 748 168 403 482 832 622 825 0 667 512 390 428 69 172 587 501 199 605 792 192 858 648 412 390 908 561 215 237 818 626 926 672 663 969 603 565 761 622 827 647 827 85 236 562 867 942 439 378 799 238 477 683 722 613 25 706 479 466 441 391 575 613 670 795 892 278 227 304 568 355 876 819 452 589 436 849 595 497 227 488 241 535 830 396 482 443 169 280 449 707 728 343 211 301 395 425 552 1058 622 98 819 755 700 554 264 157 382 713 729 911 810 542 288 627 774 430 462 342 92 908 857 1044 591 715 348 408 794 424 359 810 1024 145 469 175 490 475 598 881 342 536 559 978 864 699 735 702 330 617 479 462 353 557 637 514 146 612 121 779 554 1015 835 80 354 606 140 144 918 495 532 724 761 519 71 427 390 479 856 604 762 194 705 781 351 424 482 180 334 519 875 151 789 788 553 580 967 1037 875 860 205 423
473 237 833 265 232 330 771 713 667 0 407 293 590 677 737 724 417 475 305 945 858 414 489 266 331 928 114 492 472 540 302 394 540 151 1072 66 299 740 897 563 228 292 752 785 145 489 461 256 619 543 437 195 350 970 685 691 261 723 227 358 928 708 236 403 868 363 833 887 393 162 928 764 843 215 535 873 804 120 195 752 538 750 439 746 339 235 481 815 932 343 248 765 578 515 580 511 978 860 533 754 737 701 413 718 117 434 510 1037 917 385 740 379 906 918 343 756 597 260 750 585 939 723 509 350 69 972 869 898 244 430 720 539 796 806 829 760 320 515 754 355 868 443 585 735 792 324 414 655 420 889 441 380 205 87 561 603 209 780 216 201 495 543 611 316 529 562 768 1017 578 222 585 550 246 723 330 388 853 315 687 239 530 444 934 390 286 443 493 352 227 1024 551 937 692 333 572 424 564 901 485 465 465
620 624 664 295 204 724 937 997 512 407 0 240 713 479 661 890 625 413 603 1126 682 798 763 370 180 1172 314 301 281 876 613 798 809 520 1286 357 573 985 1011 895 570 691 582 725 266 857 857 406 705 870 315 354 680 1104 878 530 625 831 231 531 887 873 555 712 1082 765 773 729 430 246 860 1053 1078 316 764 893 1067 442 246 703 710 710 664 1021 467 199 640 681 786 102 616 985 653 301 628 633 927 951 939 926 609 987 759 942 319 442 392 881 1070 727 1051 755 971 800 645 1002 720 183 770 477 1178 1018 915 629 476 860 873 1099 321 154 995 939 656 875 684 860 104 754 1049 224 947 681 965 1028 989 685 735 702 697 926 619 183 202 325 742 547 214 630 617 206 899 884 433 285 769 495 653 1230 743 479 865 858 164 583 490 518 907 717 874 631 319 758 1114 178 193 634 355 246 471 1213 361 1120 967 83 785 830 962 1140 852 350 613
381 448 557 59 96 548 700 761 390 293 240 0 479 389 495 653 386 221 383 889 581 607 528 133 66 932 181 199 179 654 396 633 573 344 1047 228 348 746 784 672 370 525 473 553 173 652 678 172 477 645 152 142 464 875 638 413 432 602 76 292 711 635 347 487 843 599 603 616 199 178 697 817 837 101 525 691 828 263 107 525 470 528 425 783 227 97 400 551 666 138 426 745 427 222 408 397 757 729 776 688 472 750 546 702 176 221 234 770 836 514 819 560 756 663 422 762 486 84 565 319 938 783 755 401 353 721 677 860 91 164 758 763 529 657 561 634 143 516 813 63 728 443 764 793 749 484 513 486 465 719 379 101 173 249 502 364 231 509 459 169 734 665 325 51 530 314 510 990 504 261 630 629 145 453 251 278 695 554 635 459 237 533 877 113 52 394 210 59 251 975 260 883 729 224 544 671 782 900 646 186 374
117 520 512 435 555 564 225 400 428 590 713 479 0 492 335 180 191 332 343 414 536 548 270 373 534 492 540 480 487 438 360 650 272 490 581 552 320 333 312 440 426 582 475 334 579 521 633 356 63 415 424 430 382 398 188 444 461 133 522 232 409 164 396 338 386 624 362 528 283 600 439 449 398 444 186 310 421 472 534 303 86 289 196 402 269 558 111 452 539 613 470 305 85 504 127 84 459 269 753 217 408 395 425 273 530 276 387 628 357 410 489 507 318 493 334 346 7 557 212 358 493 433 747 301 597 524 318 395 423 589 384 701 450 220 475 170 622 205 455 490 278 210 617 439 288 452 365 130 277 313 154 536 621 619 98 282 675 458 571 616 714 457 454 430 206 305 402 525 72 369 315 368 612 422 265 213 271 606 180 536 499 353 402 544 530 160 417 467 364 501 469 408 363 702 163 690 705 458 514 401 126
479 778 185 412 476 866 690 886 69 677 479 389 492 0 237 654 550 229 645 861 204 898 702 433 378 975 567 197 219 869 665 959 727 687 1037 611 604 825 691 879 679 857 105 299 562 912 981 464 444 851 239 492 724 791 678 67 740 547 464 483 448 641 646 716 862 925 338 250 338 564 407 938 885 463 647 502 913 615 496 293 547 308 587 892 432 476 499 210 308 427 740 793 407 184 365 453 479 620 1094 689 153 879 800 764 561 302 173 403 781 772 970 849 610 327 669 838 494 454 410 140 975 918 1078 634 729 387 473 862 437 330 872 1064 185 538 208 559 454 654 942 335 604 611 1025 924 766 773 748 397 666 546 514 335 548 638 575 210 601 157 805 546 1051 885 66 361 662 193 198 986 557 561 781 814 506 123 465 434 547 887 669 792 166 753 850 331 416 535 183 330 548 944 131 857 849 528 640 1000 1077 942 905 213 477
377 766 180 489 592 836 490 731 172 737 661 495 335 237 0 462 467 275 601 644 202 844 593 472 515 778 645 361 380 766 622 929 604 698 821 678 564 652 463 770 663 841 167 65 659 835 930 486 274 744 356 543 667 562 501 170 715 343 568 438 226 453 628 639 662 898 112 194 345 670 202 777 694 530 518 265 737 644 595 57 413 73 493 729 417 592 391 117 214 584 719 609 260 366 224 336 267 392 1050 493 93 727 729 589 636 304 272 315 560 707 822 798 375 184 612 663 335 577 185 185 776 765 1039 574 773 235 236 655 500 508 713 1007 117 311 140 346 607 533 785 463 373 515 939 770 570 729 670 210 580 309 424 487 669 726 432 135 726 131 806 665 1008 784 245 450 537 182 68 773 407 561 650 699 637 120 441 388 314 869 490 781 351 665 634 488 539 441 307 448 549 724 307 642 694 690 498 971 1015 746 827 319 380
273 604 641 605 723 620 48 295 587 724 890 653 180 654 462 0 308 511 438 237 662 578 290 537 710 321 693 659 666 418 450 693 261 602 401 696 430 199 191 410 527 649 620 438 736 524 654 514 212 393 603 588 445 247 65 600 543 122 690 382 451 17 503 388 209 673 448 642 460 759 499 330 233 607 207 320 278 605 698 415 190 399 288 281 433 726 257 575 638 788 555 148 257 682 295 257 493 191 768 37 548 294 457 137 682 456 564 710 193 455 389 548 261 583 414 206 174 728 290 527 321 329 769 390 718 598 345 215 589 768 272 707 579 205 598 137 796 232 342 668 215 288 596 331 112 515 404 259 336 297 290 714 785 767 164 445 836 593 658 779 734 437 623 605 222 476 530 346 151 504 272 342 780 568 421 378 250 668 55 618 676 380 225 723 703 284 595 645 501 323 645 231 262 874 165 728 704 288 518 580 282
92 329 627 330 437 380 355 378 501 417 625 386 191 550 467 308 0 334 152 534 653 377 156 255 450 550 389 466 463 318 170 469 193 302 676 389 129 361 483 329 235 393 569 486 436 370 463 223 240 301 395 290 202 554 273 522 270 317 404 94 590 292 205 173 470 441 524 658 236 460 611 434 457 317 140 500 442 297 406 452 123 442 41 398 161 441 85 578 681 523 279 368 221 494 247 137 640 452 583 338 517 368 262 322 379 258 399 779 501 239 445 332 507 645 149 377 198 448 393 412 557 402 574 112 414 685 506 493 306 531 373 539 569 411 600 355 523 130 432 420 464 63 479 412 384 268 204 298 117 504 44 469 490 460 145 366 538 569 379 484 542 335 496 346 144 361 525 620 163 196 251 268 493 520 135 125 462 419 273 345 496 204 523 480 432 31 415 398 194 616 482 527 345 594 165 510 548 519 363 388 88
278 551 361 216 317 637 555 695 199 475 413 221 332 229 275 511 334 0 417 741 386 669 490 214 248 821 374 149 156 651 436 730 522 464 911 412 375 651 605 663 451 630 282 332 385 687 752 240 306 635 99 281 497 702 516 224 511 431 293 258 491 495 417 493 717 697 382 413 110 395 476 750 726 261 449 481 738 397 320 304 361 308 374 708 203 318 300 341 458 323 511 632 256 173 224 267 536 543 865 547 262 687 574 596 366 76 64 563 675 545 772 620 559 448 443 665 337 304 357 111 824 724 850 409 519 504 464 726 232 270 685 835 321 464 355 456 342 451 751 196 536 397 800 732 619 544 524 292 447 513 304 230 394 454 392 143 452 306 580 390 822 666 167 175 462 93 295 856 382 334 579 603 364 249 237 212 495 659 509 565 170 532 729 235 267 324 86 178 321 828 148 736 659 427 452 772 849 787 680 70 274
239 177 748 324 401 235 482 414 605 305 603 383 343 645 601 438 152 417 0 646 774 253 185 255 449 624 315 520 511 273 21 328 235 166 768 297 41 435 623 292 89 244 682 628 368 276 337 214 392 266 447 250 84 685 391 629 119 466 372 166 739 423 68 109 565 297 668 786 307 394 757 468 538 289 237 652 501 192 361 593 269 585 154 445 213 405 236 707 815 507 127 462 368 549 389 285 790 598 453 463 638 403 165 415 306 343 477 916 627 134 453 204 655 783 43 451 349 420 543 513 634 428 441 48 284 827 657 596 292 545 419 419 695 561 727 503 499 214 460 434 612 150 390 439 493 130 132 448 116 656 193 481 433 368 283 486 469 690 228 427 410 282 584 360 228 468 653 713 307 124 283 259 450 637 180 218 613 270 394 193 556 155 636 493 417 183 483 416 133 723 552 639 390 554 277 369 432 597 269 453 233
510 795 814 842 959 789 190 343 792 945 1126 889 414 861 644 237 534 741 646 0 830 727 472 773 947 187 923 889 897 539 655 846 428 812 176 922 646 248 196 523 733 826 810 603 968 654 789 748 436 518 836 820 633 130 261 801 737 317 926 615 555 254 714 572 110 834 596 799 697 992 614 339 170 842 410 423 256 826 933 590 424 573 507 307 668 962 492 744 780 1025 750 195 485 910 520 494 580 262 890 201 736 350 620 238 912 691 791 829 89 628 413 710 312 720 614 238 408 964 459 744 175 366 897 599 931 717 457 68 825 1003 318 822 754 336 766 302 1033 432 357 904 288 502 693 360 153 696 579 466 534 381 522 950 1019 994 394 659 1069 774 850 1013 864 554 839 842 418 697 709 130 387 728 407 474 1016 760 655 614 350 839 261 807 903 549 12 958 940 513 824 881 727 87 869 8 331 1111 373 875 812 169 649 811 518
566 927 26 594 673 1006 686 933 192 858 682 581 536 204 202 662 653 386 774 830 0 1024 788 600 578 974 753 398 420 960 795 1100 802 847 1004 794 735 854 640 966 824 1005 108 227 754 1023 1109 624 475 939 429 667 846 735 702 168 882 541 657 608 319 653 790 825 857 1067 237 54 485 759 263 979 892 643 716 419 938 783 688 246 611 263 682 931 572 672 582 87 112 630 884 809 458 388 419 529 332 570 1227 691 136 928 914 790 746 443 349 199 743 889 1024 976 536 153 790 864 536 651 376 276 970 967 1215 753 905 205 385 846 615 534 914 1189 86 494 64 539 657 730 987 532 546 705 1130 971 768 904 857 412 768 465 611 537 746 829 632 288 801 85 961 744 1185 978 260 546 734 310 134 959 607 713 849 896 706 139 601 557 484 1034 691 942 369 855 820 533 613 629 371 524 700 905 332 828 896 732 698 1142 1199 942 1015 397 568
468 178 998 551 597 92 610 405 858 414 798 607 548 898 844 578 377 669 253 727 1024 0 291 492 668 637 485 765 754 194 233 119 317 278 800 446 294 481 767 215 236 139 933 863 535 90 86 452 606 212 693 465 177 803 516 882 175 646 575 418 957 567 262 210 624 110 899 1032 559 559 983 440 577 506 381 853 507 356 554 829 462 819 357 444 466 601 458 953 1058 713 183 533 595 794 624 512 1007 763 207 589 887 394 124 494 480 596 729 1156 738 138 388 49 830 1022 233 492 552 622 760 766 652 398 199 270 355 1061 865 664 518 770 424 166 942 748 974 681 698 356 424 665 784 338 170 409 586 126 183 670 271 847 421 708 603 500 461 735 620 939 207 598 166 183 836 595 362 720 899 752 490 351 322 253 635 888 433 469 800 134 524 176 803 201 719 720 630 405 733 650 364 785 802 719 403 734 421 151 180 620 90 702 465
225 324 763 470 566 330 327 236 648 489 763 528 270 702 593 290 156 490 185 472 788 291 0 395 594 439 494 621 618 173 188 404 50 347 585 480 199 250 481 179 266 361 712 600 546 252 372 357 332 152 551 413 161 527 231 669 265 356 534 245 676 278 253 101 384 383 631 787 392 572 708 291 354 447 90 565 317 377 529 568 184 555 116 263 312 570 206 708 803 662 278 281 333 650 370 259 724 473 490 307 654 225 168 236 485 414 554 895 465 164 292 259 539 760 147 266 273 581 481 562 449 255 488 143 465 793 579 417 442 681 237 435 703 458 731 390 659 67 286 568 493 93 348 266 320 227 114 398 70 557 187 618 607 552 175 508 648 705 378 602 453 191 649 493 71 509 656 530 205 295 103 113 619 661 282 281 510 378 238 336 652 90 462 629 570 167 571 547 299 544 637 464 208 723 130 441 437 412 245 544 225
264 350 574 75 186 444 586 628 412 266 370 133 373 433 472 537 255 214 255 773 600 492 395 0 200 804 180 275 262 523 270 535 440 255 925 208 218 616 684 541 258 430 496 520 210 529 569 41 384 514 205 72 338 770 517 437 321 503 153 163 667 520 230 356 719 500 569 626 128 229 664 684 710 72 395 624 697 184 162 488 350 486 294 651 105 189 281 551 668 268 318 620 337 304 329 288 716 636 675 572 474 618 420 575 170 168 260 773 726 388 686 444 672 653 293 633 380 193 497 325 811 650 657 269 305 707 615 739 52 291 625 654 533 571 567 537 268 384 680 179 639 311 643 660 628 367 384 407 332 645 254 227 249 263 380 337 303 519 373 243 631 535 367 105 399 297 503 868 386 141 497 496 243 463 121 160 614 459 514 363 313 402 761 239 177 267 253 161 128 858 319 766 597 340 417 575 671 773 523 222 256
441 506 555 126 104 606 757 826 390 331 180 66 534 378 515 710 450 248 449 947 578 668 594 200 0 994 218 181 159 720 462 690 639 401 1107 268 414 809 834 738 433 581 471 576 195 716 737 239 527 712 159 204 530 927 698 412 493 653 105 356 736 693 411 553 903 656 626 617 251 191 717 883 900 163 589 728 892 319 136 550 531 555 490 848 291 102 461 557 670 79 486 807 476 198 453 453 780 776 833 746 480 816 611 765 217 266 244 772 891 579 886 622 800 673 488 825 540 78 603 332 1000 849 811 467 396 732 711 920 157 103 823 822 534 702 565 683 94 581 879 52 773 509 828 859 809 547 580 529 531 758 442 49 170 273 563 389 223 511 513 169 791 731 318 106 594 337 521 1050 563 326 696 695 129 458 316 339 737 610 695 516 215 600 935 59 45 457 213 71 316 1033 247 940 795 179 607 727 842 962 710 196 434
556 742 955 878 987 714 289 233 908 928 1172 932 492 975 778 321 550 821 624 187 974 637 439 804 994 0 929 969 973 444 626 753 389 783 164 918 635 190 369 423 703 756 940 747 979 553 684 772 532 427 908 838 587 317 305 921 690 435 954 641 723 334 692 529 117 748 748 949 755 1004 779 202 95 867 410 588 131 815 954 728 467 711 513 194 704 991 536 887 937 1070 704 189 574 993 614 556 754 426 770 287 867 244 550 230 919 758 878 996 267 567 269 632 486 879 585 174 487 997 598 847 16 241 782 581 901 883 620 137 855 1065 217 701 894 486 910 435 1072 424 219 958 454 500 565 231 210 638 525 580 508 550 552 1007 1037 990 434 766 1081 910 795 1031 751 454 943 888 409 795 846 124 440 728 346 396 1043 887 683 655 512 763 312 752 989 494 190 1016 979 538 907 935 731 185 961 183 242 1143 387 776 686 34 550 888 563
426 310 729 159 122 410 741 728 561 114 314 181 540 567 645 693 389 374 315 923 753 485 494 180 218 929 0 379 359 579 320 486 544 206 1063 49 295 739 852 600 264 378 646 696 53 548 543 186 559 577 328 112 381 933 662 585 314 673 113 312 846 676 256 424 857 452 745 785 307 79 841 782 839 115 522 803 811 132 82 664 503 664 420 757 274 126 438 715 831 238 304 754 514 402 508 457 894 808 628 725 636 717 456 708 11 344 404 936 885 425 768 443 848 822 358 755 548 150 677 482 938 743 605 352 178 878 795 882 144 318 731 625 694 747 728 709 218 505 775 242 813 430 653 754 773 376 442 587 425 824 403 267 120 83 530 510 154 677 305 115 587 585 502 207 520 465 669 1007 542 201 596 574 150 620 276 328 791 405 662 317 418 469 912 277 173 410 385 240 199 1005 439 916 703 250 553 520 648 900 543 357 417
421 624 376 233 281 719 703 836 215 492 301 199 480 197 361 659 466 149 520 889 398 765 621 275 181 969 379 0 23 774 537 809 658 525 1059 426 479 797 747 788 533 703 292 425 368 795 843 313 453 760 73 321 603 845 664 235 596 576 271 379 587 643 504 610 865 775 473 439 230 369 559 892 874 286 590 602 884 447 304 405 507 414 506 851 315 280 442 384 494 234 593 780 404 29 369 414 627 682 949 696 310 828 684 743 374 213 101 594 820 653 909 717 691 502 552 811 485 257 486 178 972 864 931 522 549 562 580 874 263 147 827 928 360 601 390 600 260 589 892 140 673 529 910 872 768 639 640 433 571 639 441 139 351 446 538 255 404 336 643 349 906 788 139 182 601 205 353 1004 530 415 715 732 310 285 348 340 626 733 658 636 39 652 877 136 220 460 65 140 402 975 66 883 801 338 596 849 945 936 789 81 416
422 610 399 216 259 706 710 836 237 472 281 179 487 219 380 666 463 156 511 897 420 754 618 262 159 973 359 23 0 768 528 796 656 510 1067 407 471 799 759 783 521 689 314 445 347 787 831 302 462 755 68 305 594 857 669 257 583 586 251 375 606 650 492 603 871 761 493 462 228 347 580 892 879 269 590 619 886 431 283 424 509 432 504 852 309 258 444 406 517 211 580 784 412 43 379 418 647 694 936 703 331 827 676 746 355 216 115 617 830 644 908 706 706 524 545 814 492 235 501 196 977 863 918 515 531 584 598 881 247 127 828 916 382 614 412 611 238 588 892 119 686 526 901 872 774 628 633 445 566 655 440 116 329 425 541 272 381 358 627 327 893 782 161 166 600 221 375 1012 534 403 714 729 287 307 342 338 641 718 663 622 58 646 885 114 198 459 78 120 390 984 89 892 801 316 598 835 934 940 780 86 417
396 319 935 595 673 273 442 211 818 540 876 654 438 869 766 418 318 651 273 539 960 194 173 523 720 444 579 774 768 0 262 311 168 390 606 552 306 292 601 23 317 317 883 771 632 114 250 483 501 25 702 523 197 625 353 839 280 508 644 396 839 411 323 167 434 304 800 959 547 658 874 248 384 561 252 721 314 448 632 739 354 726 282 250 459 677 378 881 975 780 294 349 506 803 542 432 886 609 355 422 826 201 127 314 571 575 715 1066 559 155 205 191 678 931 232 302 441 692 647 730 458 206 359 255 496 962 738 474 563 815 230 290 875 608 904 539 771 234 233 703 632 259 181 217 406 218 141 568 204 707 355 751 699 617 341 680 729 878 366 693 326 19 814 628 233 678 828 558 370 397 147 76 720 833 426 439 659 321 364 325 807 122 532 762 689 336 728 683 406 594 796 532 211 824 284 337 286 427 110 700 396
259 160 769 338 410 215 494 412 626 302 613 396 360 665 622 450 170 436 21 655 795 233 188 270 462 626 320 537 528 262 0 307 238 159 773 299 61 439 636 282 79 224 702 648 373 259 317 229 410 257 465 261 68 696 401 649 100 481 382 187 758 436 66 104 571 276 688 806 327 399 777 465 542 301 247 670 502 194 370 613 284 605 169 444 233 415 254 727 836 519 110 468 388 567 409 305 809 613 433 474 659 401 150 421 312 363 496 936 638 118 448 184 671 804 41 454 367 430 562 534 637 425 420 61 277 847 676 603 305 560 418 399 715 578 747 519 509 223 457 449 628 163 373 436 502 109 122 467 121 673 212 495 439 369 297 507 473 710 212 433 390 271 603 375 237 489 674 718 322 136 283 254 458 658 199 238 630 250 405 175 574 149 644 507 429 201 502 431 146 730 571 647 390 562 287 349 413 600 253 471 253
561 186 1074 583 606 94 726 521 926 394 798 633 650 959 929 693 469 730 328 846 1100 119 404 535 690 753 486 809 796 311 307 0 433 289 916 440 366 599 883 331 280 108 1005 954 531 200 85 499 706 330 740 493 268 921 632 950 219 756 589 493 1057 682 313 314 743 35 993 1113 622 552 1080 554 695 533 492 958 624 371 564 919 566 910 455 561 530 610 553 1034 1143 723 219 652 690 838 714 606 1107 876 143 706 965 511 236 613 483 661 787 1243 856 242 498 145 941 1110 320 611 655 633 860 834 768 513 122 357 327 1153 969 782 550 793 541 147 1021 857 1054 792 703 467 537 695 896 440 236 523 705 201 291 767 374 955 513 733 596 481 569 813 602 1015 181 593 102 299 895 631 474 792 981 869 597 398 441 372 634 962 499 544 909 81 640 174 848 314 838 745 648 499 786 683 411 904 853 838 521 726 533 42 174 737 203 754 556
249 368 778 515 614 366 293 188 672 540 809 573 272 727 604 261 193 522 235 428 802 317 50 440 639 389 544 658 656 168 238 433 0 396 535 531 249 201 451 168 315 400 731 606 596 265 393 403 335 144 588 462 206 490 199 691 311 341 582 286 670 251 303 145 337 416 633 798 428 621 706 244 305 495 86 553 267 427 578 575 191 561 152 214 353 618 229 721 811 708 324 235 345 686 383 277 717 449 508 273 670 178 198 190 535 448 586 900 426 201 252 290 517 765 197 216 275 628 479 588 399 210 508 193 514 795 570 371 488 724 188 449 717 442 744 373 706 74 240 611 471 131 349 220 278 268 152 403 120 541 218 661 657 602 174 529 698 721 422 651 474 187 677 537 68 534 669 481 202 344 58 96 668 679 324 318 494 415 207 380 687 123 418 672 616 198 605 590 348 498 670 420 159 771 115 468 448 362 259 580 251
376 106 821 295 321 206 647 564 663 151 520 344 490 687 698 602 302 464 166 812 847 278 347 255 401 783 206 525 510 390 159 289 396 0 931 169 174 597 784 412 81 181 745 735 257 344 339 224 530 392 458 205 200 849 557 687 112 619 302 272 864 587 99 255 730 255 780 868 362 281 874 615 701 244 403 791 657 82 278 701 425 696 315 598 281 325 379 791 905 438 100 626 497 553 508 420 915 754 432 628 716 553 263 580 201 404 514 1009 792 235 589 237 808 882 200 612 497 347 674 573 794 574 411 214 119 932 792 761 263 504 572 423 775 710 808 657 421 380 605 406 766 314 447 585 659 175 264 577 280 800 336 444 325 229 443 569 346 764 118 320 390 393 622 344 394 538 740 877 464 137 438 400 356 708 259 315 760 210 560 115 564 295 802 456 359 332 508 395 149 888 574 805 545 455 442 327 444 758 340 477 369
666 898 988 996 1110 874 356 395 969 1072 1286 1047 581 1037 821 401 676 911 768 176 1004 800 585 925 1107 164 1063 1059 1067 606 773 916 535 931 0 1057 775 335 365 585 851 915 987 778 1111 716 848 897 608 588 1004 966 739 278 409 977 843 492 1077 763 720 417 837 679 207 910 769 971 859 1136 780 365 231 991 541 592 292 956 1081 766 577 749 644 355 822 1114 647 919 950 1184 857 309 655 1081 692 656 741 435 934 364 913 405 709 356 1053 856 963 994 261 723 432 792 477 890 731 320 575 1118 636 919 148 404 946 723 1050 882 627 187 977 1168 377 864 930 511 941 479 1189 559 383 1066 459 634 728 395 298 794 679 642 652 548 671 1113 1166 1129 545 834 1213 950 951 1160 915 617 1014 1001 545 870 885 57 543 864 499 555 1167 937 804 769 521 923 412 908 1075 648 188 1122 1097 660 995 1043 865 101 1042 180 399 1265 511 939 849 180 713 980 673
435 269 769 200 171 368 743 711 603 66 357 228 552 611 678 696 389 412 297 922 794 446 480 208 268 918 49 426 407 552 299 440 531 169 1057 0 283 728 862 574 235 334 688 727 91 513 501 204 575 551 372 136 356 939 661 627 280 685 162 320 874 679 233 403 851 408 776 824 336 114 872 764 830 152 516 825 797 105 132 695 507 694 416 742 291 174 446 753 870 285 268 748 532 450 530 470 923 821 582 727 674 700 427 701 52 375 446 975 889 397 746 406 864 858 339 744 559 199 700 522 928 724 559 338 128 913 819 879 180 368 716 582 733 763 767 722 264 498 756 290 827 424 615 735 771 343 418 607 410 843 408 316 158 72 532 544 178 717 260 153 542 556 546 251 513 501 706 1001 547 194 580 553 194 660 287 343 809 360 662 275 465 447 911 326 222 412 428 286 195 1003 485 915 687 288 550 473 605 890 508 400 426
210 206 709 288 372 272 475 433 565 299 573 348 320 604 564 430 129 375 41 646 735 294 199 218 414 635 295 479 471 306 61 366 249 174 775 283 0 445 610 325 107 277 641 593 347 316 377 177 364 298 407 220 124 677 387 589 151 446 342 127 709 414 76 140 570 334 634 747 266 373 725 488 547 257 236 626 516 181 334 558 251 550 142 462 172 376 210 668 778 475 157 466 337 509 356 256 759 581 493 457 599 422 205 420 286 302 436 879 621 174 479 245 636 747 75 461 326 390 514 473 645 450 480 57 288 792 630 599 257 509 436 460 656 539 688 484 469 216 482 397 594 144 430 461 493 170 166 418 129 632 166 444 409 355 270 447 449 650 253 404 450 317 542 322 231 428 615 719 291 96 301 286 423 598 139 178 590 305 389 222 515 186 635 456 384 160 442 378 102 725 511 638 407 527 273 407 474 607 309 412 204
377 564 832 691 798 547 195 106 761 740 985 746 333 825 652 199 361 651 435 248 854 481 250 616 809 190 739 797 799 292 439 599 201 597 335 728 445 0 340 275 516 586 804 634 788 406 541 584 385 270 732 648 404 342 151 776 509 320 765 454 649 203 503 344 144 589 646 837 575 814 697 132 104 678 222 516 88 626 765 609 290 592 324 84 519 802 356 767 836 883 523 65 418 823 460 384 688 370 643 180 734 110 379 63 729 584 711 909 276 391 196 466 440 781 397 16 331 809 487 690 200 138 649 391 715 797 542 183 667 884 80 576 769 401 791 335 884 234 145 775 397 310 449 137 129 461 345 443 319 488 368 824 847 800 258 615 891 781 617 841 616 307 786 704 220 637 721 282 270 538 166 228 853 751 495 472 442 597 162 575 820 314 241 834 792 352 737 753 540 305 795 240 84 955 203 628 566 162 401 716 383
427 792 626 744 865 811 159 447 622 897 1011 784 312 691 463 191 483 605 623 196 640 767 481 684 834 369 852 747 759 601 636 883 451 784 365 862 610 340 0 591 711 840 630 416 891 710 842 668 307 577 704 743 635 100 252 627 731 182 832 542 359 203 685 578 259 864 404 607 585 913 418 465 315 756 397 228 392 777 845 407 360 391 469 421 581 867 416 556 586 913 743 275 358 765 383 396 386 72 955 179 556 449 647 294 842 569 647 634 106 645 535 739 117 525 601 340 305 865 281 587 360 478 957 575 897 521 262 232 734 875 421 892 568 153 577 150 925 422 481 786 94 473 776 476 212 705 595 314 525 186 456 829 933 930 340 501 987 590 846 927 922 619 678 733 412 545 525 324 320 675 455 527 921 582 577 526 157 858 244 806 755 570 188 835 835 455 682 765 670 265 717 195 420 1008 355 918 887 343 705 674 436
404 343 941 613 693 295 432 191 827 563 895 672 440 879 770 410 329 663 292 523 966 215 179 541 738 423 600 788 783 23 282 331 168 412 585 574 325 275 591 0 339 340 891 774 653 132 267 500 503 28 716 542 219 611 345 848 303 504 664 409 837 404 344 185 416 325 801 964 560 679 873 226 365 581 254 717 293 470 652 742 357 729 292 230 474 697 385 886 978 799 317 334 510 817 547 438 883 601 368 412 832 181 150 301 592 587 727 1068 545 178 181 214 671 933 251 285 442 712 647 740 437 184 375 272 519 963 736 457 582 832 211 303 881 604 909 534 791 237 211 720 625 268 186 195 392 241 160 570 217 701 365 768 720 640 342 687 751 884 390 714 341 32 825 645 234 688 834 538 370 416 139 72 741 840 441 452 654 343 356 349 821 139 516 780 708 345 742 700 425 575 809 515 193 845 282 356 296 406 129 713 404
317 103 798 315 367 187 571 484 647 228 570 370 426 679 663 527 235 451 89 733 824 236 266 258 433 703 264 533 521 317 79 280 315 81 851 235 107 516 711 339 0 180 727 694 317 287 310 220 471 317 463 229 122 773 479 671 63 552 342 225 814 512 35 175 650 246 737 841 343 342 829 536 620 270 325 733 577 132 325 660 355 653 242 518 253 371 317 762 874 481 61 546 443 562 460 363 865 685 417 552 690 473 193 500 256 383 507 977 715 162 513 190 742 846 120 532 433 390 620 555 714 495 400 137 199 893 737 682 281 534 492 395 748 646 781 590 468 302 526 429 699 239 397 506 580 115 186 524 200 739 273 471 384 301 371 540 412 740 147 379 374 322 615 359 315 515 710 796 394 119 358 322 409 686 224 274 697 210 483 119 571 216 723 483 395 266 506 414 132 808 575 725 465 512 365 321 414 677 282 475 311
483 80 979 475 498 47 688 523 827 292 691 525 582 857 841 649 393 630 244 826 1005 139 361 430 581 756 378 703 689 317 224 108 400 181 915 334 277 586 840 340 180 0 907 870 425 227 169 394 633 330 635 386 205 888 592 851 126 697 481 402 983 636 215 262 729 74 911 1021 523 447 1001 564 687 425 443 892 625 263 456 835 502 827 387 562 433 502 478 942 1053 615 121 631 612 731 633 529 1033 825 251 667 871 513 207 589 375 563 684 1155 825 199 519 126 886 1024 248 600 588 525 786 735 769 522 230 282 227 1069 899 766 443 685 539 248 928 796 961 734 596 418 550 587 842 376 303 533 678 135 248 691 316 893 436 625 491 378 510 720 500 921 76 487 210 311 793 524 428 695 889 865 537 296 421 361 528 866 404 452 849 30 599 67 742 277 817 637 539 424 681 575 309 891 749 818 516 621 485 146 272 736 226 650 477
487 829 85 487 565 911 651 875 85 752 582 473 475 105 167 620 569 282 682 810 108 933 712 496 471 940 646 292 314 883 702 1005 731 745 987 688 641 804 630 891 727 907 0 219 646 938 1018 522 419 863 321 561 757 729 653 60 785 505 549 516 355 610 693 740 824 972 249 148 385 651 309 924 853 536 647 425 890 679 580 223 543 239 602 877 475 565 505 107 204 525 787 765 392 284 350 454 381 559 1135 653 74 869 827 741 639 344 242 302 727 802 963 885 538 223 701 815 476 544 351 173 938 908 1121 664 799 282 394 819 508 431 858 1099 83 478 104 510 552 657 930 424 539 625 1048 914 730 811 772 362 686 470 529 431 639 721 567 203 693 54 861 636 1092 900 153 439 664 213 109 939 545 613 781 823 600 53 505 465 479 936 643 843 265 773 800 428 506 548 264 417 600 890 226 807 838 628 633 1046 1111 907 931 289 487
395 797 210 543 649 862 460 719 236 785 725 553 334 299 65 438 486 332 628 603 227 863 600 520 576 747 696 425 445 771 648 954 606 735 778 727 593 634 416 774 694 870 219 0 713 847 949 530 271 749 417 591 688 513 483 232 744 316 624 469 162 431 660 656 630 924 50 204 391 725 145 762 666 581 520 206 715 687 650 35 417 45 508 713 456 650 406 141 206 646 749 586 269 431 240 351 204 345 1070 466 149 715 745 570 687 352 335 295 517 725 811 819 320 160 634 643 332 636 149 248 743 753 1061 597 817 199 175 619 552 572 699 1023 152 268 164 312 668 537 771 524 324 528 948 757 542 753 685 204 595 251 443 549 726 778 432 189 784 174 840 722 1028 790 310 506 539 239 110 733 404 598 647 702 696 178 477 421 262 897 472 813 416 678 593 551 598 458 370 508 587 680 372 601 682 752 495 995 1030 715 840 380 399
466 360 730 170 91 459 784 780 562 145 266 173 579 562 659 736 436 385 368 968 754 535 546 210 195 979 53 368 347 632 373 531 596 257 1111 91 347 788 891 653 317 425 646 713 0 600 591 223 593 630 325 149 435 974 708 586 366 710 98 354 866 719 309 476 905 499 763 789 330 26 858 835 888 138 571 831 862 185 66 682 546 684 468 809 310 94 480 721 838 199 356 802 546 389 537 495 914 844 673 769 642 769 510 756 62 364 406 942 928 478 821 494 882 832 411 805 586 119 704 489 987 796 649 404 213 889 821 929 165 289 783 673 700 780 733 746 175 555 827 229 848 479 704 807 819 428 495 616 476 854 447 244 68 78 574 525 103 681 351 63 633 638 498 211 570 477 678 1055 585 251 648 627 103 625 316 366 823 451 707 365 405 522 957 253 151 455 383 231 248 1051 432 961 754 198 600 564 696 949 595 358 458
457 253 997 594 654 181 551 322 867 489 857 652 521 912 835 524 370 687 276 654 1023 90 252 529 716 553 548 795 787 114 259 200 265 344 716 513 316 406 710 132 287 227 938 847 600 0 136 488 582 137 723 513 192 738 460 890 234 605 629 429 928 515 305 198 548 198 880 1027 578 625 959 354 497 553 341 816 424 416 612 814 434 802 342 362 485 658 443 947 1048 767 245 462 578 825 611 499 976 713 244 531 887 313 113 427 541 611 749 1142 672 142 299 110 782 1007 244 416 524 677 733 776 568 313 247 278 434 1043 831 588 561 816 343 184 939 707 969 638 755 319 337 707 736 320 114 323 519 172 166 648 255 805 412 752 668 572 428 736 690 939 290 663 212 100 853 634 321 727 894 670 457 391 256 185 696 890 451 478 758 224 469 255 831 170 646 764 680 394 757 690 402 707 826 646 325 797 377 224 185 538 7 727 455
554 233 1083 624 660 133 683 456 942 461 857 678 633 981 930 654 463 752 337 789 1109 86 372 569 737 684 543 843 831 250 317 85 393 339 848 501 377 541 842 267 310 169 1018 949 591 136 0 530 691 272 772 536 263 873 591 966 248 728 640 503 1042 644 339 295 683 104 985 1118 642 614 1069 483 632 576 462 936 557 420 617 915 547 905 442 495 548 664 544 1039 1144 777 252 598 681 872 710 599 1091 842 121 663 973 446 208 562 539 679 811 1242 807 224 423 133 909 1108 319 552 637 686 845 850 700 444 116 356 396 1147 949 724 590 840 477 85 1028 829 1060 762 760 438 466 737 863 424 151 454 654 208 267 755 357 928 507 779 658 547 545 821 669 1025 245 654 81 235 918 669 443 805 986 803 574 428 390 319 693 973 516 554 882 149 600 226 881 282 782 791 697 491 813 723 441 842 882 781 460 789 501 93 105 671 140 782 551
243 315 598 113 215 407 563 591 439 256 406 172 356 464 486 514 223 240 214 748 624 452 357 41 239 772 186 313 302 483 229 499 403 224 897 204 177 584 668 500 220 394 522 530 223 488 530 0 374 473 242 75 297 751 490 463 283 488 182 134 673 497 191 316 690 464 578 647 142 246 674 648 679 95 362 621 663 160 185 497 325 495 260 616 88 218 257 572 688 305 280 590 329 342 326 272 722 623 637 548 495 581 379 545 175 184 290 792 705 347 647 404 663 669 252 600 363 226 496 349 780 612 620 229 287 721 615 712 85 332 590 615 554 561 588 524 303 350 643 220 627 276 602 623 602 327 343 403 293 640 226 268 271 266 354 353 322 542 341 265 594 494 399 146 365 317 522 840 363 102 460 457 271 486 94 143 607 424 488 328 351 362 737 280 213 237 287 202 89 832 355 741 561 371 387 539 632 741 482 256 234
154 569 452 440 560 618 252 458 378 619 705 477 63 444 274 212 240 306 392 436 475 606 332 384 527 532 559 453 462 501 410 706 335 530 608 575 364 385 307 503 471 633 419 271 593 582 691 374 0 478 403 448 438 400 235 392 510 126 528 262 352 198 439 397 422 679 299 466 278 613 378 506 441 456 249 262 472 504 543 240 148 226 251 458 286 563 156 391 476 607 519 350 51 474 84 110 401 253 812 248 350 453 484 323 548 263 356 565 369 468 549 565 289 430 387 397 61 559 154 315 533 492 806 352 632 462 266 425 432 572 441 762 390 188 414 157 618 267 513 480 255 268 680 497 324 507 425 67 335 271 199 523 630 640 161 234 686 399 617 625 772 520 411 427 269 264 341 554 134 402 377 431 616 366 289 232 234 658 226 584 467 413 424 530 529 209 388 458 395 522 434 431 421 701 225 746 766 499 575 376 161
376 327 914 586 667 287 418 194 799 543 870 645 415 851 744 393 301 635 266 518 939 212 152 514 712 427 577 760 755 25 257 330 144 392 588 551 298 270 577 28 317 330 863 749 630 137 272 473 478 0 688 516 196 602 329 820 284 484 638 381 815 386 321 158 413 322 777 938 532 656 850 235 365 554 229 696 297 447 627 717 332 704 264 233 446 671 358 860 953 773 298 326 484 789 521 411 861 584 379 398 805 184 132 291 568 559 699 1043 535 157 198 205 653 908 225 281 418 686 623 712 441 192 383 245 501 939 714 453 555 805 212 315 854 584 882 514 765 212 221 693 607 241 206 204 383 224 135 545 189 682 337 741 696 618 318 660 728 857 376 691 349 44 797 617 210 660 807 540 346 391 122 51 716 813 413 424 634 336 339 334 793 112 510 752 682 317 713 673 399 573 781 510 191 820 260 358 310 409 132 685 376
355 555 405 173 245 649 648 768 238 437 315 152 424 239 356 603 395 99 447 836 429 693 551 205 159 908 328 73 68 702 465 740 588 458 1004 372 407 732 704 716 463 635 321 417 325 723 772 242 403 688 0 257 531 801 604 261 525 528 228 307 579 587 433 537 807 706 467 465 160 330 558 824 813 225 522 578 819 382 259 393 443 399 436 784 242 245 377 401 516 229 523 719 352 102 322 352 622 642 880 640 323 759 611 680 321 149 85 619 772 581 840 645 658 515 480 747 429 226 455 173 911 795 862 450 491 574 559 818 200 171 760 857 378 563 410 555 251 520 824 108 636 458 837 804 710 567 567 392 499 611 372 133 320 401 475 233 377 358 576 317 836 715 174 122 532 181 362 949 468 344 646 661 284 303 276 270 594 664 598 568 109 580 824 137 187 391 58 96 331 923 116 831 733 335 530 780 873 875 716 37 350
317 308 641 90 153 406 636 649 477 195 354 142 430 492 543 588 290 281 250 820 667 465 413 72 204 838 112 321 305 523 261 493 462 205 966 136 220 648 743 542 229 386 561 591 149 513 536 75 448 516 257 0 328 825 561 501 290 563 122 206 738 570 207 358 760 459 640 694 200 172 736 705 746 41 428 692 725 126 117 559 398 558 325 675 162 157 331 621 738 258 284 658 402 348 397 347 787 697 635 621 543 638 409 612 101 239 321 843 779 377 699 418 737 723 292 665 438 170 566 392 846 668 615 276 238 778 685 783 58 306 649 621 602 635 636 598 249 414 699 202 702 338 624 678 672 343 382 475 346 712 298 243 200 194 426 409 249 587 322 194 593 532 427 139 429 367 573 910 436 126 516 505 206 530 167 218 680 415 560 319 360 404 809 255 168 308 310 190 117 904 373 813 620 309 455 532 640 808 507 279 309
293 162 820 406 476 182 485 364 683 350 680 464 382 724 667 445 202 497 84 633 846 177 161 338 530 587 381 603 594 197 68 268 206 200 739 356 124 404 635 219 122 205 757 688 435 192 263 297 438 196 531 328 0 687 390 706 104 493 449 242 789 432 126 61 543 241 726 855 388 461 812 415 508 368 238 692 459 251 435 654 300 644 187 399 294 480 285 776 881 586 118 441 422 633 449 339 839 620 383 465 710 353 82 396 374 423 559 980 625 50 391 131 682 846 56 419 388 497 591 591 599 373 373 93 315 887 701 577 373 628 374 343 765 593 797 530 576 213 404 517 637 173 306 385 482 71 64 499 111 690 246 563 501 423 306 558 532 762 217 496 341 205 664 443 224 544 722 686 333 204 241 200 523 711 261 293 645 226 396 175 639 95 623 575 496 231 566 499 214 704 635 625 347 627 281 309 354 563 186 535 289
508 847 721 833 953 856 203 446 722 970 1104 875 398 791 562 247 554 702 685 130 735 803 527 770 927 317 933 845 857 625 696 921 490 849 278 939 677 342 100 611 773 888 729 513 974 738 873 751 400 602 801 825 687 0 297 727 787 274 920 621 442 263 750 627 226 905 498 699 676 996 503 452 287 841 450 318 372 850 931 506 433 490 535 414 666 956 495 652 675 1006 800 279 451 864 479 482 462 171 980 222 655 451 688 311 922 663 745 715 66 690 526 779 201 614 659 337 391 954 381 687 305 473 984 637 965 604 352 188 820 971 420 914 665 253 673 246 1017 475 470 880 190 535 790 469 219 754 640 412 579 273 532 923 1019 1009 409 601 1072 687 902 1013 950 642 778 825 463 644 623 245 393 749 483 554 1010 681 658 610 251 904 291 861 854 613 127 930 926 528 780 858 745 178 817 133 426 1098 409 954 906 297 733 771 517
257 551 681 588 702 562 95 238 613 685 878 638 188 678 501 65 273 516 391 261 702 516 231 517 698 305 662 664 669 353 401 632 199 557 409 661 387 151 252 345 479 592 653 483 708 460 591 490 235 329 604 561 390 297 0 627 490 174 669 356 509 60 458 331 205 613 498 686 453 732 554 279 211 584 155 381 237 566 674 458 168 442 247 230 413 706 238 616 687 776 503 117 272 689 314 252 552 255 704 75 583 236 396 88 652 455 574 763 236 396 332 488 325 633 363 162 184 709 338 545 308 273 705 343 674 652 404 223 568 764 217 642 618 265 639 196 780 179 288 659 280 243 532 275 112 458 345 292 283 360 263 707 760 733 136 468 809 630 605 754 671 372 642 592 167 493 569 352 136 467 207 278 759 600 396 360 313 610 12 564 685 319 250 716 688 253 602 636 466 343 656 254 203 856 115 667 639 271 454 584 265
444 772 144 427 505 856 634 843 25 691 530 413 444 67 170 600 522 224 629 801 168 882 669 437 412 921 585 235 257 839 649 950 691 687 977 627 589 776 627 848 671 851 60 232 586 890 966 463 392 820 261 501 706 727 627 0 731 489 489 464 382 588 637 692 807 917 271 205 328 591 343 893 832 476 608 436 864 620 520 227 506 241 557 846 420 505 463 151 259 469 732 742 359 229 317 414 414 556 1082 634 87 836 778 715 579 288 182 360 720 752 929 833 544 270 650 789 446 485 347 116 920 875 1068 614 740 331 406 804 448 377 827 1048 127 474 155 499 495 617 898 365 539 580 1001 881 711 759 724 341 639 479 484 373 580 661 532 163 634 101 803 577 1039 856 97 378 625 162 132 927 512 556 743 781 541 57 451 413 482 881 618 787 211 726 790 371 446 503 203 357 544 883 170 797 805 573 598 991 1060 887 882 229 444
358 61 855 377 423 126 585 465 706 261 625 432 461 740 715 543 270 511 119 737 882 175 265 321 493 690 314 596 583 280 100 219 311 112 843 280 151 509 731 303 63 126 785 744 366 234 248 283 510 284 525 290 104 787 490 731 0 580 400 277 858 529 94 165 647 186 785 896 403 391 875 513 612 331 337 770 561 183 380 709 384 701 268 500 311 427 354 817 928 538 14 545 487 625 507 404 908 711 355 565 747 453 153 500 308 442 568 1030 726 127 482 130 770 898 130 523 467 447 662 614 702 471 339 160 216 943 776 681 343 595 475 333 804 678 837 618 524 312 502 490 726 260 339 482 585 64 165 566 208 773 311 533 434 341 395 595 457 797 115 429 312 282 676 422 324 573 764 790 420 181 345 298 463 743 280 327 730 154 496 76 634 196 727 545 454 301 568 476 194 808 637 729 449 564 378 261 351 666 229 537 352
250 641 521 562 683 675 146 412 479 723 831 602 133 547 343 122 317 431 466 317 541 646 356 503 653 435 673 576 586 508 481 756 341 619 492 685 446 320 182 504 552 697 505 316 710 605 728 488 126 484 528 563 493 274 174 489 580 0 650 365 337 117 523 442 320 732 326 520 403 731 380 451 351 574 266 213 400 605 664 294 197 278 312 402 401 685 242 454 516 732 591 270 177 596 207 216 381 136 846 150 432 410 523 257 662 389 477 590 244 513 506 611 190 461 451 328 126 682 167 428 433 447 844 420 728 478 232 315 552 698 390 789 459 102 477 38 744 290 461 606 147 322 689 449 227 564 465 150 383 201 285 650 751 752 188 343 806 475 693 745 809 527 523 552 285 380 411 440 161 502 367 433 739 453 398 345 154 719 162 656 588 446 305 657 654 287 511 584 496 402 553 312 377 826 228 794 789 403 599 500 259
416 407 633 89 33 508 738 770 466 227 231 76 522 464 568 690 404 293 372 926 657 575 534 153 105 954 113 271 251 644 382 589 582 302 1077 162 342 765 832 664 342 481 549 624 98 629 640 182 528 638 228 122 449 920 669 489 400 650 0 314 780 673 325 480 871 555 674 692 254 103 769 826 861 88 544 754 844 220 33 595 502 597 441 795 257 37 433 626 742 138 392 771 479 293 465 439 827 781 732 725 547 759 529 726 111 282 310 846 878 497 821 530 813 738 414 781 529 48 627 394 961 789 710 398 291 796 742 892 101 207 769 724 604 712 637 684 127 531 820 132 782 457 739 800 781 458 503 543 467 780 406 153 104 175 533 435 162 585 410 99 690 653 401 118 546 386 584 1021 539 248 637 628 90 529 273 312 752 508 667 416 309 527 914 164 60 418 286 134 240 1011 334 919 741 190 568 625 745 923 624 262 408
115 328 582 236 347 400 430 472 441 358 531 292 232 483 438 382 94 258 166 615 608 418 245 163 356 641 312 379 375 396 187 493 286 272 763 320 127 454 542 409 225 402 516 469 354 429 503 134 262 381 307 206 242 621 356 464 277 365 314 0 593 365 191 235 557 461 512 620 152 378 604 528 548 228 233 521 536 242 318 434 192 428 135 493 67 351 126 541 651 429 281 457 226 408 237 153 643 502 620 415 472 462 317 413 301 182 321 753 573 289 537 370 548 621 186 470 239 356 402 349 648 496 607 151 370 668 521 579 214 438 467 584 529 448 561 402 430 225 526 326 509 155 542 505 468 296 266 306 192 534 93 375 404 388 221 320 455 523 371 399 577 410 424 252 238 302 488 707 230 140 344 354 404 471 41 51 496 431 354 344 412 275 603 386 338 104 333 304 133 699 401 608 439 503 255 535 596 610 422 304 107
500 915 314 697 806 969 457 746 391 928 887 711 409 448 226 451 590 491 739 555 319 957 676 667 736 723 846 587 606 839 758 1057 670 864 720 874 709 649 359 837 814 983 355 162 866 928 1042 673 352 815 579 738 789 442 509 382 858 337 780 593 0 450 780 748 609 1030 114 273 539 880 61 781 656 731 588 136 721 824 805 187 496 183 602 732 592 808 505 253 237 808 865 591 371 592 356 454 51 297 1162 469 295 745 834 588 836 503 497 275 466 819 840 916 243 177 738 654 405 794 198 410 716 781 1157 702 955 162 106 588 703 734 723 1110 274 248 266 315 829 610 793 684 269 619 1020 782 536 858 775 292 686 174 547 711 883 929 501 347 941 302 961 879 1123 858 468 663 608 399 250 682 472 729 701 765 855 325 608 550 212 1008 498 930 576 762 547 712 757 559 532 668 719 619 533 555 712 913 555 1098 1113 695 921 541 506
256 590 632 588 706 608 65 296 575 708 873 635 164 641 453 17 292 495 423 254 653 567 278 520 693 334 676 643 650 411 436 682 251 587 417 679 414 203 203 404 512 636 610 431 719 515 644 497 198 386 587 570 432 263 60 588 529 117 673 365 450 0 487 375 224 662 443 634 443 742 496 334 244 590 194 321 285 588 681 407 173 391 272 285 415 709 240 566 632 771 541 156 242 666 281 240 492 198 759 53 538 295 446 140 665 439 549 706 210 442 390 537 267 578 399 212 158 710 283 513 334 331 760 375 702 595 345 231 572 752 274 699 570 205 590 136 778 219 345 651 221 273 590 333 126 502 392 248 322 300 273 697 767 750 147 432 819 583 644 762 725 430 610 588 209 462 521 362 134 487 265 335 763 557 403 360 252 655 49 604 661 368 242 706 686 267 580 628 484 340 630 248 262 857 151 718 696 301 509 564 264
285 138 764 290 352 220 548 479 613 236 555 347 396 646 628 503 205 417 68 714 790 262 253 230 411 692 256 504 492 323 66 313 303 99 837 233 76 503 685 344 35 215 693 660 309 305 339 191 439 321 433 207 126 750 458 637 94 523 325 191 780 487 0 170 634 279 703 806 309 335 794 532 607 248 304 701 568 128 310 625 327 618 216 511 218 356 285 727 839 463 94 530 410 533 426 330 831 657 449 529 656 467 204 483 248 349 474 942 693 172 513 214 712 811 107 519 402 373 587 521 702 492 433 115 217 858 704 664 257 511 485 424 713 615 746 561 452 282 523 404 670 215 417 503 561 137 186 491 184 708 242 448 375 302 344 505 408 706 181 370 405 330 582 333 296 480 675 782 366 89 349 320 397 651 189 239 666 244 461 154 542 214 704 460 375 236 475 388 102 791 544 706 457 501 343 354 441 665 300 444 278
262 223 800 428 510 234 426 310 670 403 712 487 338 716 639 388 173 493 109 572 825 210 101 356 553 529 424 610 603 167 104 314 145 255 679 403 140 344 578 185 175 262 740 656 476 198 295 316 397 158 537 358 61 627 331 692 165 442 480 235 748 375 170 0 482 290 691 830 386 503 774 362 448 396 181 645 402 297 470 622 253 611 148 343 295 514 250 751 853 615 179 380 387 639 417 305 797 565 416 406 689 299 89 335 415 417 556 950 565 72 345 170 629 815 67 360 343 528 550 579 540 322 409 88 372 853 656 516 397 648 317 368 742 543 773 478 607 156 353 535 584 129 309 333 421 127 32 460 62 641 216 583 541 472 255 539 576 741 278 536 376 179 658 460 166 530 698 626 283 233 183 151 559 692 262 282 595 281 337 235 644 46 563 595 524 198 567 516 241 643 636 564 290 663 224 353 375 504 191 538 259
462 704 838 791 904 691 173 233 795 868 1082 843 386 862 662 209 470 717 565 110 857 624 384 719 903 117 857 865 871 434 571 743 337 730 207 851 570 144 259 416 650 729 824 630 905 548 683 690 422 413 807 760 543 226 205 807 647 320 871 557 609 224 634 482 0 732 631 832 658 929 664 230 61 785 335 473 147 752 875 611 372 594 437 197 617 908 443 770 821 980 661 104 466 889 505 456 641 312 782 174 751 241 522 151 847 658 772 881 166 532 304 610 374 762 530 132 381 912 481 736 114 256 790 519 849 767 505 42 771 969 209 714 777 369 793 318 985 354 248 864 340 428 583 250 98 602 486 466 450 436 465 912 959 923 341 654 1007 793 758 954 757 448 833 797 339 685 729 150 341 658 308 372 961 772 598 565 397 740 210 715 884 455 106 921 892 453 802 841 659 162 854 103 223 1059 304 771 703 86 544 786 469
532 151 1041 548 572 62 708 515 892 363 765 599 624 925 898 673 441 697 297 834 1067 110 383 500 656 748 452 775 761 304 276 35 416 255 910 408 334 589 864 325 246 74 972 924 499 198 104 464 679 322 706 459 241 905 613 917 186 732 555 461 1030 662 279 290 732 0 963 1081 589 520 1051 550 686 498 470 933 618 337 530 889 541 881 428 554 497 576 525 1002 1112 689 185 639 661 803 685 577 1080 855 177 688 932 505 218 599 450 628 753 1213 841 220 497 126 919 1080 292 601 629 599 832 800 762 509 157 328 296 1123 942 771 516 759 533 177 989 833 1022 768 670 445 534 661 874 414 250 519 690 172 270 739 350 931 484 699 564 449 545 781 571 983 148 560 135 294 861 596 453 759 949 862 573 364 427 360 601 929 467 512 885 48 621 140 814 294 825 711 613 471 751 648 377 894 819 826 513 694 512 75 202 730 200 720 527
432 840 225 593 699 902 465 736 278 833 773 603 362 338 112 448 524 382 668 596 237 899 631 569 626 748 745 473 493 800 688 993 633 780 769 776 634 646 404 801 737 911 249 50 763 880 985 578 299 777 467 640 726 498 498 271 785 326 674 512 114 443 703 691 631 963 0 203 440 775 96 776 671 630 548 183 725 734 700 81 447 85 543 727 502 700 442 157 190 696 791 595 304 478 279 387 155 334 1106 473 185 733 780 583 736 401 384 268 508 761 829 856 300 136 672 654 359 686 160 297 743 770 1098 635 864 163 149 617 601 620 714 1058 173 263 176 316 718 566 786 574 310 562 979 773 547 792 720 232 630 228 480 598 776 828 459 239 834 200 883 772 1065 819 354 556 567 289 141 726 431 644 672 729 746 215 522 466 248 938 486 855 462 711 586 600 648 495 419 558 633 669 419 594 700 801 520 1034 1064 717 873 430 437
569 944 65 626 710 1020 663 920 227 887 729 616 528 250 194 642 658 413 786 799 54 1032 787 626 617 949 785 439 462 959 806 1113 798 868 971 824 747 837 607 964 841 1021 148 204 789 1027 1118 647 466 938 465 694 855 699 686 205 896 520 692 620 273 634 806 830 832 1081 203 0 506 795 215 964 870 673 712 382 919 807 723 229 607 244 685 916 589 709 584 80 59 673 899 789 454 431 417 529 282 537 1238 670 152 916 919 773 777 464 382 155 711 896 1012 986 499 101 799 846 527 690 353 303 944 954 1226 762 931 151 347 819 644 579 901 1196 93 465 60 515 700 726 973 570 513 707 1132 958 745 915 862 400 772 427 615 578 784 862 625 301 839 108 980 782 1195 977 301 579 730 330 133 928 600 732 843 893 746 164 617 569 450 1049 675 959 413 858 789 575 651 633 407 561 720 871 374 797 883 776 690 1155 1205 918 1019 431 571
199 444 459 165 284 529 507 608 304 393 430 199 283 338 345 460 236 110 307 697 485 559 392 128 251 755 307 230 228 547 327 622 428 362 859 336 266 575 585 560 343 523 385 391 330 578 642 142 278 532 160 200 388 676 453 328 403 403 254 152 539 443 309 386 658 589 440 506 0 346 536 664 660 193 362 502 661 302 273 359 288 358 276 625 94 287 220 430 545 330 403 566 228 258 211 204 588 530 756 497 354 599 466 525 297 42 171 650 640 436 680 511 559 527 334 591 289 281 375 212 759 635 741 301 429 580 491 672 165 311 601 725 413 459 447 435 340 360 664 207 530 299 692 644 562 434 417 290 343 526 212 254 357 390 320 211 415 402 476 352 713 562 277 148 372 176 380 803 317 228 486 503 339 346 127 110 499 552 448 459 261 427 685 263 251 231 181 185 216 783 250 691 574 423 373 663 739 722 571 153 192
488 383 735 183 88 481 808 806 568 162 246 178 600 564 670 759 460 395 394 992 759 559 572 229 191 1004 79 369 347 658 399 552 621 281 1136 114 373 814 913 679 342 447 651 725 26 625 614 246 613 656 330 172 461 996 732 591 391 731 103 378 880 742 335 503 929 520 775 795 346 0 870 861 913 157 596 848 887 210 75 695 569 697 493 835 331 89 503 729 845 185 380 827 566 388 555 516 927 865 693 793 650 795 535 781 88 379 413 949 951 504 847 519 901 841 437 830 608 114 721 497 1013 822 669 430 231 898 838 953 182 280 809 695 707 800 740 767 159 580 853 229 868 504 728 833 843 454 521 634 502 872 470 240 44 85 598 536 77 687 372 40 654 664 501 220 595 488 687 1080 608 277 674 653 85 632 339 387 842 472 731 388 405 548 980 248 149 479 388 235 274 1075 433 985 780 175 625 584 719 975 620 364 480
520 931 260 688 793 990 508 792 355 928 860 697 439 407 202 499 611 476 757 614 263 983 708 664 717 779 841 559 580 874 777 1080 706 874 780 872 725 697 418 873 829 1001 309 145 858 959 1069 674 378 850 558 736 812 503 554 343 875 380 769 604 61 496 794 774 664 1051 96 215 536 870 0 829 710 726 622 191 771 829 795 177 525 179 627 780 597 794 527 203 176 786 882 641 390 562 369 474 72 354 1189 519 257 791 862 636 832 497 474 217 524 845 886 941 303 117 759 704 435 779 227 386 772 827 1183 723 959 103 159 644 697 707 770 1139 226 298 214 362 809 642 840 666 327 645 1054 829 588 879 802 314 712 232 567 688 870 923 533 334 928 255 975 866 1149 893 434 651 642 383 211 742 504 737 740 801 839 286 616 559 267 1027 543 946 545 791 605 689 741 581 508 651 727 679 502 613 758 892 591 1121 1144 750 952 521 525
472 560 957 759 857 521 326 56 876 764 1053 817 449 938 777 330 434 750 468 339 979 440 291 684 883 202 782 892 892 248 465 554 244 615 365 764 488 132 465 226 536 564 924 762 835 354 483 648 506 235 824 705 415 452 279 893 513 451 826 528 781 334 532 362 230 550 776 964 664 861 829 0 169 738 302 647 83 659 821 736 392 720 394 49 595 861 450 893 965 953 527 193 534 919 576 488 820 500 569 312 856 67 365 194 773 679 812 1040 388 386 74 439 569 912 426 128 448 872 616 800 217 43 581 431 729 928 674 271 732 966 66 500 894 533 917 467 950 305 18 854 528 374 365 31 254 456 351 567 359 619 452 903 897 834 363 730 936 905 610 892 549 256 895 780 292 747 845 323 381 584 188 215 910 871 568 556 574 569 290 568 918 320 335 914 860 433 835 832 590 372 897 332 91 1014 299 575 486 192 351 812 476
461 667 872 784 894 647 206 178 819 843 1078 837 398 885 694 233 457 726 538 170 892 577 354 710 900 95 839 874 879 384 542 695 305 701 231 830 547 104 315 365 620 687 853 666 888 497 632 679 441 365 813 746 508 287 211 832 612 351 861 548 656 244 607 448 61 686 671 870 660 913 710 169 0 774 318 521 86 728 862 646 372 629 421 140 610 898 441 805 861 975 626 94 482 899 522 461 690 362 727 201 781 186 480 135 829 664 784 926 226 493 244 565 427 804 501 89 394 904 517 755 100 198 736 494 819 812 551 102 762 970 155 659 810 412 828 355 978 334 187 863 390 409 527 191 125 563 448 491 422 486 458 912 945 902 339 675 991 825 720 940 704 397 851 794 319 702 762 178 345 639 268 327 950 800 589 561 445 697 218 677 895 417 166 921 885 444 813 841 640 210 867 163 173 1050 293 721 647 62 494 794 468
334 348 618 53 120 447 655 682 452 215 316 101 444 463 530 607 317 261 289 842 643 506 447 72 163 867 115 286 269 561 301 533 495 244 991 152 257 678 756 581 270 425 536 581 138 553 576 95 456 554 225 41 368 841 584 476 331 574 88 228 731 590 248 396 785 498 630 673 193 157 726 738 774 0 456 693 756 163 91 549 418 550 354 708 176 124 350 601 718 219 325 685 408 312 399 360 780 707 675 641 523 672 450 639 106 229 295 823 797 417 735 459 744 707 330 694 451 134 566 370 874 702 655 313 266 763 684 807 29 265 682 661 582 642 615 609 212 444 733 162 710 369 665 713 696 384 421 478 381 715 321 202 178 197 448 395 231 565 360 172 633 571 397 104 458 350 555 935 456 165 550 542 176 509 188 231 685 454 582 359 325 443 830 214 128 332 280 151 156 926 340 835 653 277 482 571 681 836 548 250 326
171 397 692 469 577 415 248 247 589 535 764 525 186 647 518 207 140 449 237 410 716 381 90 395 589 410 522 590 590 252 247 492 86 403 541 516 236 222 397 254 325 443 647 520 571 341 462 362 249 229 522 428 238 450 155 608 337 266 544 233 588 194 304 181 335 470 548 712 362 596 622 302 318 456 0 475 303 417 544 488 105 475 103 262 298 580 150 635 725 662 349 232 259 617 298 194 636 385 580 228 585 238 257 186 512 377 512 814 391 251 324 347 449 679 208 238 189 587 395 508 418 275 577 189 521 710 490 363 445 667 238 524 631 368 658 301 663 25 302 556 404 93 432 283 257 308 201 316 129 467 150 606 627 588 89 445 673 636 452 622 543 271 599 484 20 454 583 485 118 323 135 182 632 595 274 255 420 462 159 411 617 180 399 616 571 133 534 534 324 488 597 402 211 733 42 529 525 380 334 510 175
416 829 407 667 783 874 322 615 436 873 893 691 310 502 265 320 500 481 652 423 419 853 565 624 728 588 803 602 619 721 670 958 553 791 592 825 626 516 228 717 733 892 425 206 831 816 936 621 262 696 578 692 692 318 381 436 770 213 754 521 136 321 701 645 473 933 183 382 502 848 191 647 521 693 475 0 586 762 775 209 392 196 505 599 535 785 416 339 358 804 779 457 296 614 295 371 173 163 1055 336 355 615 729 456 793 472 504 408 334 717 709 814 118 297 644 521 304 776 127 427 581 649 1051 611 891 295 35 453 666 744 591 999 354 116 358 185 822 498 660 676 136 519 902 650 400 762 670 218 584 46 460 710 858 886 391 347 916 379 879 853 1017 740 505 641 495 399 316 552 362 662 579 645 836 383 544 486 76 916 369 845 601 653 415 714 741 469 541 657 654 492 558 423 582 907 439 998 1000 559 809 543 423
464 613 917 772 876 583 264 103 849 804 1067 828 421 913 737 278 442 738 501 256 938 507 317 697 892 131 811 884 886 314 502 624 267 657 292 797 516 88 392 293 577 625 890 715 862 424 557 663 472 297 819 725 459 372 237 864 561 400 844 536 721 285 568 402 147 618 725 919 661 887 771 83 86 756 303 586 0 693 842 692 377 675 403 63 601 880 442 851 916 965 576 131 506 910 548 472 758 432 648 253 820 113 420 149 801 671 799 986 309 437 157 501 500 860 461 75 418 888 567 778 145 115 658 460 774 873 614 188 747 969 86 579 854 473 874 411 965 313 102 859 460 387 445 107 186 508 397 529 387 554 452 908 922 868 346 703 964 867 665 916 626 325 874 787 298 725 805 246 359 610 219 266 931 837 577 556 511 632 247 622 908 365 253 919 873 435 825 837 614 290 883 249 112 1033 289 648 566 114 421 803 469
355 188 757 215 241 288 651 606 595 120 442 263 472 615 644 605 297 397 192 826 783 356 377 184 319 815 132 447 431 448 194 371 427 82 956 105 181 626 777 470 132 263 679 687 185 416 420 160 504 447 382 126 251 850 566 620 183 605 220 242 824 588 128 297 752 337 734 807 302 210 829 659 728 163 417 762 693 0 198 653 418 650 319 637 232 245 363 731 847 357 174 648 465 474 471 395 874 741 514 634 655 594 325 601 125 343 443 952 797 294 641 313 790 828 233 642 480 266 640 507 825 619 493 234 131 880 759 780 184 422 611 504 714 690 747 643 341 398 650 325 750 325 523 630 674 244 313 544 307 775 322 362 252 175 442 513 281 701 197 247 472 454 550 265 412 477 681 901 459 103 475 448 280 645 218 276 738 292 567 197 486 341 815 374 277 323 434 314 109 905 498 818 583 381 453 409 525 787 411 403 347
425 384 664 108 43 484 746 765 497 195 246 107 534 496 595 698 406 320 361 933 688 554 529 162 136 954 82 304 283 632 370 564 578 278 1081 132 334 765 845 652 325 456 580 650 66 612 617 185 543 627 259 117 435 931 674 520 380 664 33 318 805 681 310 470 875 530 700 723 273 75 795 821 862 91 544 775 842 198 0 620 509 622 441 792 266 47 441 656 772 160 372 774 495 325 483 450 852 796 706 732 577 754 514 728 82 304 340 876 887 482 813 511 830 767 403 781 541 69 648 423 962 783 684 391 260 824 764 897 112 236 766 701 634 729 667 698 143 531 815 164 798 455 720 794 786 440 492 562 461 799 411 185 87 142 539 461 143 615 384 82 665 640 433 146 545 413 613 1025 547 238 632 619 90 559 278 322 770 483 673 392 341 516 921 195 91 422 317 166 231 1017 367 926 737 194 571 599 723 924 606 292 417
361 763 227 513 620 828 440 692 227 752 703 525 303 293 57 415 452 304 593 590 246 829 568 488 550 728 664 405 424 739 613 919 575 701 766 695 558 609 407 742 660 835 223 35 682 814 915 497 240 717 393 559 654 506 458 227 709 294 595 434 187 407 625 622 611 889 81 229 359 695 177 736 646 549 488 209 692 653 620 0 385 17 474 687 422 622 372 159 236 622 715 563 236 413 205 317 232 336 1036 445 149 688 711 545 655 321 312 328 505 691 784 784 318 193 599 619 301 608 131 227 725 726 1027 562 783 234 181 602 521 551 672 990 166 256 183 294 643 505 744 498 316 494 916 730 521 719 652 173 561 252 408 525 697 747 401 161 755 184 805 693 994 758 297 477 508 213 119 719 374 564 617 670 669 177 442 387 257 862 447 778 398 644 580 527 571 424 348 481 553 669 355 587 655 727 465 961 996 696 807 356 365
90 444 587 420 536 482 238 339 488 538 710 470 86 547 413 190 123 361 269 424 611 462 184 350 531 467 503 507 509 354 284 566 191 425 577 507 251 290 360 357 355 502 543 417 546 434 547 325 148 332 443 398 300 433 168 506 384 197 502 192 496 173 327 253 372 541 447 607 288 569 525 392 372 418 105 392 377 418 509 385 0 372 116 348 246 539 70 530 621 608 394 278 154 533 193 96 545 330 667 223 480 332 339 237 492 294 422 712 382 325 423 423 387 577 255 305 91 542 299 409 471 370 661 223 537 610 403 390 402 599 326 615 526 294 553 235 613 120 395 492 344 127 532 377 279 370 280 215 192 391 100 541 595 577 32 343 646 531 496 590 628 373 503 425 123 355 478 520 40 316 239 286 593 491 231 192 347 525 165 459 531 266 412 550 520 95 447 470 313 508 507 417 302 689 93 606 619 434 427 426 97
351 755 244 514 623 819 423 676 241 750 710 528 289 308 73 399 442 308 585 573 263 819 555 486 555 711 664 414 432 726 605 910 561 696 749 694 550 592 391 729 653 827 239 45 684 802 905 495 226 704 399 558 644 490 442 241 701 278 597 428 183 391 618 611 594 881 85 244 358 697 179 720 629 550 475 196 675 650 622 17 372 0 463 671 418 625 361 176 250 628 707 546 224 423 196 306 230 319 1025 428 166 672 700 529 655 321 319 340 488 681 768 774 302 205 590 602 287 612 114 236 708 710 1017 553 780 243 169 585 521 559 656 979 183 239 199 277 649 492 729 503 300 483 903 714 504 710 641 159 550 238 399 531 700 747 387 166 758 201 799 696 984 745 309 480 494 218 136 702 360 559 603 657 672 192 437 381 241 855 431 771 408 633 563 534 575 414 355 486 548 652 365 570 639 733 450 952 985 679 795 362 355
116 329 657 369 474 369 334 337 535 439 664 425 196 587 493 288 41 374 154 507 682 357 116 294 490 513 420 506 504 282 169 455 152 315 644 416 142 324 469 292 242 387 602 508 468 342 442 260 251 264 436 325 187 535 247 557 268 312 441 135 602 272 216 148 437 428 543 685 276 493 627 394 421 354 103 505 403 319 441 474 116 463 0 358 202 478 102 606 706 562 278 335 239 535 270 157 652 444 563 316 547 327 237 289 409 298 438 802 479 218 404 314 502 667 139 340 201 485 404 448 521 362 556 108 430 705 514 463 343 572 333 516 598 410 628 350 561 91 391 460 459 24 448 371 355 257 178 313 87 506 73 510 524 487 129 398 570 599 381 518 523 299 533 387 105 396 553 587 153 222 210 229 529 552 174 166 462 411 248 344 537 173 496 521 470 53 455 439 222 588 521 500 305 631 134 495 522 483 334 429 115
430 551 909 726 827 520 278 39 830 746 1021 783 402 892 729 281 398 708 445 307 931 444 263 651 848 194 757 851 852 250 444 561 214 598 355 742 462 84 421 230 518 562 877 713 809 362 495 616 458 233 784 675 399 414 230 846 500 402 795 493 732 285 511 343 197 554 727 916 625 835 780 49 140 708 262 599 63 637 792 687 348 671 358 0 559 831 408 845 916 920 515 147 487 878 529 444 772 453 588 264 808 50 357 145 748 637 770 991 349 376 114 438 523 863 404 81 401 841 567 755 208 60 597 405 714 879 626 239 700 929 26 519 846 484 868 418 918 268 61 818 481 340 387 55 209 446 336 519 333 572 413 867 870 812 318 684 911 856 602 865 565 262 850 745 254 701 797 308 335 558 162 203 881 824 533 517 526 569 241 560 877 305 302 878 828 395 793 796 562 349 854 299 55 984 256 585 507 176 359 771 435
159 355 546 175 290 436 481 539 396 339 467 227 269 432 417 433 161 203 213 668 572 466 312 105 291 704 274 315 309 459 233 530 353 281 822 291 172 519 581 474 253 433 475 456 310 485 548 88 286 446 242 162 294 666 413 420 311 401 257 67 592 415 218 295 617 497 502 589 94 331 597 595 610 176 298 535 601 232 266 422 246 418 202 559 0 294 176 512 625 365 312 518 241 344 241 185 642 535 663 467 438 529 373 475 263 131 264 729 621 343 604 417 575 601 241 535 276 296 411 304 711 563 648 209 363 651 530 636 156 370 534 632 497 473 530 436 368 291 593 259 539 222 599 573 525 341 326 317 257 552 152 308 353 354 276 289 407 488 391 348 619 473 370 186 305 262 460 765 282 144 411 421 348 433 34 56 519 462 410 370 349 338 657 319 276 167 272 237 132 754 341 662 506 443 317 572 646 673 478 242 151
453 431 649 123 4 531 774 805 482 235 199 97 558 476 592 726 441 318 405 962 672 601 570 189 102 991 126 280 258 677 415 610 618 325 1114 174 376 802 867 697 371 502 565 650 94 658 664 218 563 671 245 157 480 956 706 505 427 685 37 351 808 709 356 514 908 576 700 709 287 89 794 861 898 124 580 785 880 245 47 622 539 625 478 831 294 0 470 645 761 113 419 808 513 299 498 474 854 815 752 761 567 795 560 763 127 313 329 864 914 528 856 558 846 759 447 818 565 26 658 415 998 825 730 433 302 817 772 929 138 196 805 747 623 746 655 719 97 568 856 141 816 493 767 835 818 486 536 576 503 812 443 151 76 171 570 461 134 602 430 73 711 685 414 145 582 411 606 1057 576 281 673 662 54 547 310 349 785 529 704 439 316 560 950 160 60 455 302 149 274 1047 345 955 777 153 605 644 769 960 653 280 445
22 413 557 350 466 464 305 396 443 481 640 400 111 499 391 257 85 300 236 492 582 458 206 281 461 536 438 442 444 378 254 553 229 379 647 446 210 356 416 385 317 478 505 406 480 443 544 257 156 358 377 331 285 495 238 463 354 242 433 126 505 240 285 250 443 525 442 584 220 503 527 450 441 350 150 416 442 363 441 372 70 361 102 408 176 470 0 505 604 538 363 347 138 469 168 55 556 379 664 291 448 388 339 306 428 229 362 700 448 319 474 414 429 565 233 371 118 472 308 359 541 425 656 197 486 604 422 460 332 530 385 618 498 331 527 280 543 155 452 423 388 123 548 433 349 352 280 214 189 422 44 471 528 515 102 302 579 500 462 522 623 396 449 355 164 306 452 590 106 260 283 318 524 455 164 122 381 503 235 429 468 274 481 481 450 54 385 400 255 577 447 486 360 619 154 594 624 503 436 362 27
490 865 69 556 645 940 599 848 169 815 681 551 452 210 117 575 578 341 707 744 87 953 708 551 557 887 715 384 406 881 727 1034 721 791 919 753 668 767 556 886 762 942 107 141 721 947 1039 572 391 860 401 621 776 652 616 151 817 454 626 541 253 566 727 751 770 1002 157 80 430 729 203 893 805 601 635 339 851 731 656 159 530 176 606 845 512 645 505 0 117 617 821 722 376 380 339 450 275 485 1158 604 79 843 840 704 707 388 316 222 658 817 939 906 455 119 720 777 452 627 289 232 883 882 1147 682 857 179 305 760 572 528 829 1117 25 409 24 452 643 649 901 508 463 628 1053 886 680 836 782 327 693 385 536 521 721 793 549 222 777 53 902 718 1116 899 248 511 653 254 53 874 524 655 767 815 684 99 539 490 401 971 605 881 362 779 734 519 588 554 345 497 642 820 320 742 811 722 615 1076 1126 855 940 365 492
591 978 124 673 761 1050 656 923 280 932 786 666 539 308 214 638 681 458 815 780 112 1058 803 668 670 937 831 494 517 975 836 1143 811 905 950 870 778 836 586 978 874 1053 204 206 838 1048 1144 688 476 953 516 738 881 675 687 259 928 516 742 651 237 632 839 853 821 1112 190 59 545 845 176 965 861 718 725 358 916 847 772 236 621 250 706 916 625 761 604 117 0 728 932 785 470 487 436 549 238 518 1264 664 196 920 942 772 824 504 432 105 691 921 1016 1012 474 61 826 844 537 741 349 349 932 958 1254 788 973 96 324 805 689 635 903 1221 138 451 105 506 754 741 975 622 492 727 1151 961 737 943 884 409 794 402 638 632 836 910 637 336 892 159 1016 833 1222 994 356 627 744 371 166 909 610 769 853 906 798 213 651 601 430 1081 675 993 469 878 771 630 703 655 459 612 757 849 429 779 887 832 701 1184 1228 907 1040 481 594
519 544 609 193 117 644 836 896 449 343 102 138 613 427 584 788 523 323 507 1025 630 713 662 268 79 1070 238 234 211 780 519 723 708 438 1184 285 475 883 913 799 481 615 525 646 199 767 777 305 607 773 229 258 586 1006 776 469 538 732 138 429 808 771 463 615 980 689 696 673 330 185 786 953 975 219 662 804 965 357 160 622 608 628 562 920 365 113 538 617 728 0 530 883 555 243 532 532 850 855 865 824 542 886 666 840 240 345 312 827 970 634 952 669 878 735 549 899 619 91 680 400 1076 918 843 531 411 795 787 998 221 104 894 860 594 781 623 763 30 653 948 128 852 579 877 928 887 596 639 608 597 836 517 98 149 270 640 463 187 569 543 150 824 789 372 184 667 410 584 1128 641 383 765 760 102 518 388 416 815 642 772 552 261 661 1013 98 92 532 278 149 374 1112 299 1019 866 106 682 757 882 1038 762 266 511
366 50 858 371 415 127 597 479 707 248 616 426 470 740 719 555 279 511 127 750 884 183 278 318 486 704 304 593 580 294 110 219 324 100 857 268 157 523 743 317 61 121 787 749 356 245 252 280 519 298 523 284 118 800 503 732 14 591 392 281 865 541 94 179 661 185 791 899 403 380 882 527 626 325 349 779 576 174 372 715 394 707 278 515 312 419 363 821 932 530 0 559 494 622 513 412 916 722 357 578 750 468 167 514 298 443 567 1034 739 142 496 139 781 903 142 538 476 439 670 616 717 485 340 170 202 949 784 695 338 589 490 337 807 687 840 629 515 325 516 485 737 271 349 497 599 77 179 574 220 782 320 527 423 328 406 599 445 800 103 419 314 295 676 417 337 575 768 804 431 179 359 313 453 746 283 331 739 150 508 66 631 211 740 539 447 310 567 471 192 822 635 742 463 553 391 260 357 681 240 536 360
368 603 789 693 804 595 134 172 728 765 985 745 305 793 609 148 368 632 462 195 809 533 281 620 807 189 754 780 784 349 468 652 235 626 309 748 466 65 275 334 546 631 765 586 802 462 598 590 350 326 719 658 441 279 117 742 545 270 771 457 591 156 530 380 104 639 595 789 566 827 641 193 94 685 232 457 131 648 774 563 278 546 335 147 518 808 347 722 785 883 559 0 389 805 430 366 629 307 702 122 694 175 425 47 744 569 690 855 213 434 260 515 377 730 427 65 301 813 437 662 193 203 708 415 745 742 485 136 671 876 146 636 726 343 746 280 886 250 207 770 335 324 511 201 64 502 386 403 346 427 366 818 858 820 246 584 904 740 657 852 674 365 758 701 236 609 677 253 251 555 212 280 861 712 498 468 382 644 125 615 801 355 186 828 794 353 718 747 556 263 773 187 148 960 203 682 628 156 458 699 374
129 543 433 390 511 600 299 484 343 578 653 427 85 407 260 257 221 256 368 485 458 595 333 337 476 574 514 404 412 506 388 690 345 497 655 532 337 418 358 510 443 612 392 269 546 578 681 329 51 484 352 402 422 451 272 359 487 177 479 226 371 242 410 387 466 661 304 454 228 566 390 534 482 408 259 296 506 465 495 236 154 224 239 487 241 513 138 376 470 555 494 389 0 426 42 83 422 302 802 293 327 478 476 358 503 211 308 564 420 457 571 552 335 429 369 431 88 508 177 273 575 516 794 333 595 466 295 471 384 521 468 754 372 234 399 207 567 273 539 429 303 259 681 522 367 489 417 81 326 311 177 472 581 595 175 197 638 378 590 576 761 524 370 376 277 221 324 601 153 366 392 439 566 339 248 190 278 638 264 559 420 409 473 479 478 191 339 407 357 571 388 480 446 650 242 731 761 541 571 326 135
448 652 367 260 300 748 725 864 211 515 301 222 504 184 366 682 494 173 549 910 388 794 650 304 198 993 402 29 43 803 567 838 686 553 1081 450 509 823 765 817 562 731 284 431 389 825 872 342 474 789 102 348 633 864 689 229 625 596 293 408 592 666 533 639 889 803 478 431 258 388 562 919 899 312 617 614 910 474 325 413 533 423 535 878 344 299 469 380 487 243 622 805 426 0 390 439 630 699 978 719 308 855 713 768 398 240 119 585 840 683 937 746 705 499 582 837 508 275 499 187 996 892 960 552 574 559 590 897 290 148 854 957 356 617 384 618 270 617 919 161 689 557 939 900 791 668 669 451 600 651 469 152 368 467 564 269 419 330 670 366 935 817 132 209 628 221 353 1027 555 444 743 761 325 282 377 369 641 761 682 665 18 682 898 147 239 488 87 164 431 996 60 905 828 345 623 877 974 960 818 107 443
156 562 394 376 495 623 336 526 301 580 628 408 127 365 224 295 247 224 389 520 419 624 370 329 453 614 508 369 379 542 409 714 383 508 692 530 356 460 383 547 460 633 350 240 537 611 710 326 84 521 322 397 449 479 314 317 507 207 465 237 356 281 426 417 505 685 279 417 211 555 369 576 522 399 298 295 548 471 483 205 193 196 270 529 241 498 168 339 436 532 513 430 42 390 0 113 406 323 830 332 287 520 506 400 498 188 272 533 451 486 613 579 349 398 394 473 130 491 170 232 615 558 821 357 601 439 290 509 373 492 510 785 333 249 361 233 546 311 581 405 320 291 715 564 407 514 448 79 357 316 203 446 568 591 216 155 625 338 607 563 789 560 329 357 316 181 286 638 195 374 432 477 550 298 253 195 288 659 305 578 383 442 508 452 459 219 304 383 365 606 350 515 488 630 283 756 792 581 604 293 159
46 461 504 352 471 516 304 434 395 511 633 397 84 453 336 257 137 267 285 494 529 512 259 288 453 556 457 414 418 432 305 606 277 420 656 470 256 384 396 438 363 529 454 351 495 499 599 272 110 411 352 347 339 482 252 414 404 216 439 153 454 240 330 305 456 577 387 529 204 516 474 488 461 360 194 371 472 395 450 317 96 306 157 444 185 474 55 450 549 532 412 366 83 439 113 0 504 351 719 293 395 427 394 329 447 203 327 645 440 374 517 468 395 510 286 398 91 474 258 314 559 465 711 249 522 549 374 469 339 513 422 673 444 295 473 252 540 204 490 411 357 178 603 472 359 405 335 162 245 381 93 458 537 537 126 252 591 446 509 532 678 449 407 348 211 260 397 600 116 293 329 369 528 403 183 129 343 555 246 477 436 329 482 467 448 108 353 388 286 580 412 487 398 619 188 647 680 522 491 333 52
551 965 330 744 852 1019 495 788 425 978 927 757 459 479 267 493 640 536 790 580 332 1007 724 716 780 754 894 627 647 886 809 1107 717 915 741 923 759 688 386 883 865 1033 381 204 914 976 1091 722 401 861 622 787 839 462 552 414 908 381 827 643 51 492 831 797 641 1080 155 282 588 927 72 820 690 780 636 173 758 874 852 232 545 230 652 772 642 854 556 275 238 850 916 629 422 630 406 504 0 329 1211 508 327 787 884 629 885 551 539 255 492 869 881 966 269 181 788 693 454 840 248 451 745 822 1206 753 1005 149 148 617 751 774 764 1159 298 288 286 356 873 658 833 728 300 669 1067 823 572 908 824 342 736 204 598 753 929 977 549 393 988 327 1012 925 1172 905 503 709 656 444 282 706 520 780 747 811 900 357 658 600 247 1059 541 981 614 810 573 754 802 609 573 712 770 640 570 581 754 956 602 1148 1161 726 970 585 556
387 772 555 692 813 799 176 474 552 860 951 729 269 620 392 191 452 543 598 262 570 763 473 636 776 426 808 682 694 609 613 876 449 754 435 821 581 370 72 601 685 825 559 345 844 713 842 623 253 584 642 697 620 171 255 556 711 136 781 502 297 198 657 565 312 855 334 537 530 865 354 500 362 707 385 163 432 741 796 336 330 319 444 453 535 815 379 485 518 855 722 307 302 699 323 351 329 0 957 193 485 475 641 315 797 511 581 571 174 635 566 731 71 458 581 372 262 811 210 519 419 507 957 552 865 457 196 290 684 813 449 897 497 83 507 99 869 410 514 728 29 451 787 506 247 690 585 250 509 125 421 769 882 888 316 433 938 518 825 877 923 627 608 678 402 478 453 392 292 638 462 533 869 511 534 480 88 845 245 787 688 563 253 775 780 422 617 706 633 335 650 261 444 952 343 913 894 398 707 611 395
675 328 1201 725 749 231 795 549 1058 533 939 776 753 1094 1050 768 583 865 453 890 1227 207 490 675 833 770 628 949 936 355 433 143 508 432 934 582 493 643 955 368 417 251 1135 1070 673 244 121 637 812 379 880 635 383 980 704 1082 355 846 732 620 1162 759 449 416 782 177 1106 1238 756 693 1189 569 727 675 580 1055 648 514 706 1036 667 1025 563 588 663 752 664 1158 1264 865 357 702 802 978 830 719 1211 957 0 775 1091 541 328 669 626 794 923 1363 913 345 502 252 1025 1228 438 651 757 776 965 966 786 532 27 476 465 1268 1068 823 692 936 573 69 1147 948 1179 880 846 557 551 837 979 544 206 541 761 324 387 876 477 1047 627 876 737 619 664 939 740 1143 323 733 43 338 1031 772 561 922 1105 892 693 536 500 428 776 1091 631 671 1000 223 714 317 988 402 883 888 790 611 924 825 549 937 992 882 559 866 619 109 88 760 250 892 671
308 625 671 641 758 637 20 282 622 754 926 688 217 689 493 37 338 547 463 201 691 589 307 572 746 287 725 696 703 422 474 706 273 628 364 727 457 180 179 412 552 667 653 466 769 531 663 548 248 398 640 621 465 222 75 634 565 150 725 415 469 53 529 406 174 688 473 670 497 793 519 312 201 641 228 336 253 634 732 445 223 428 316 264 467 761 291 604 664 824 578 122 293 719 332 293 508 193 775 0 580 283 471 122 714 493 601 733 164 471 375 562 264 608 437 185 211 763 317 563 286 315 777 415 745 620 363 178 624 805 257 712 609 221 627 158 831 253 325 704 220 314 598 316 78 533 420 292 357 308 323 751 819 798 195 481 870 624 680 813 743 440 659 641 241 512 561 309 186 534 276 347 815 600 454 413 262 685 69 639 713 394 189 759 739 315 632 681 532 287 681 195 251 909 187 740 708 254 525 617 316
431 793 110 477 567 871 578 808 98 737 609 472 408 153 93 548 517 262 638 736 136 887 654 474 480 867 636 310 331 826 659 965 670 716 913 674 599 734 556 832 690 871 74 149 642 887 973 495 350 805 323 543 710 655 583 87 747 432 547 472 295 538 656 689 751 932 185 152 354 650 257 856 781 523 585 355 820 655 577 149 480 166 547 808 438 567 448 79 196 542 750 694 327 308 287 395 327 485 1091 580 0 803 777 671 628 312 238 300 653 753 897 840 466 193 654 745 409 549 277 154 865 841 1079 617 780 253 324 745 494 456 791 1053 59 404 93 437 567 597 863 430 466 569 995 847 658 768 721 291 633 399 475 445 643 715 502 152 699 52 829 640 1049 844 178 432 603 178 46 865 479 581 719 763 607 30 467 421 406 899 573 808 291 719 726 444 510 494 267 419 568 816 248 733 771 647 569 1006 1063 834 879 287 432
409 503 906 693 791 470 299 11 819 701 987 750 395 879 727 294 368 687 403 350 928 394 225 618 816 244 717 828 827 201 401 511 178 553 405 700 422 110 449 181 473 513 869 715 769 313 446 581 453 184 759 638 353 451 236 836 453 410 759 462 745 295 467 299 241 505 733 916 599 795 791 67 186 672 238 615 113 594 754 688 332 672 327 50 529 795 388 843 920 886 468 175 478 855 520 427 787 475 541 283 803 0 309 160 708 615 750 999 385 328 96 388 546 868 361 114 394 805 573 741 258 38 550 365 668 888 639 282 665 900 32 473 843 499 867 431 883 239 64 788 502 308 343 45 239 398 290 517 293 590 387 837 831 770 305 673 870 852 554 826 517 213 834 714 227 687 794 358 325 518 122 155 844 817 501 490 544 519 248 511 855 258 344 848 794 368 772 766 523 396 835 342 33 947 239 536 462 226 309 748 413
351 196 888 488 556 170 491 320 755 413 759 546 425 800 729 457 262 574 165 620 914 124 168 420 611 550 456 684 676 127 150 236 198 263 709 427 205 379 647 150 193 207 827 745 510 113 208 379 484 132 611 409 82 688 396 778 153 523 529 317 834 446 204 89 522 218 780 919 466 535 862 365 480 450 257 729 420 325 514 711 339 700 237 357 373 560 339 840 942 666 167 425 476 713 506 394 884 641 328 471 777 309 0 383 449 499 636 1039 624 32 330 92 706 904 132 392 430 577 637 664 564 322 323 165 369 942 741 559 455 710 334 279 831 624 862 558 656 232 352 599 661 217 226 334 474 92 60 549 150 723 305 645 577 492 338 626 605 829 245 572 289 129 741 525 239 616 787 658 367 285 214 154 601 780 339 366 676 219 404 203 720 77 611 657 577 287 645 581 296 684 714 612 309 704 298 273 286 530 106 615 348
327 558 769 649 759 553 139 160 700 718 942 702 273 764 589 137 322 596 415 238 790 494 236 575 765 230 708 743 746 314 421 613 190 580 356 701 420 63 294 301 500 589 741 570 756 427 562 545 323 291 680 612 396 311 88 715 500 257 726 413 588 140 483 335 151 599 583 773 525 781 636 194 135 639 186 456 149 601 728 545 237 529 289 145 475 763 306 704 772 840 514 47 358 768 400 329 629 315 669 122 671 160 383 0 697 531 655 847 245 390 253 474 386 719 381 74 270 769 424 631 236 193 674 369 699 735 482 182 627 836 135 604 706 341 727 274 843 204 205 728 342 278 483 194 92 458 342 380 300 430 323 777 812 773 205 555 859 718 612 806 640 331 727 658 189 577 657 300 213 508 173 243 816 688 454 425 384 602 99 570 765 312 228 786 750 309 682 705 509 309 738 230 129 915 158 645 597 198 422 662 333
415 306 721 152 123 406 730 719 554 117 319 176 530 561 636 682 379 366 306 912 746 480 485 170 217 919 11 374 355 571 312 483 535 201 1053 52 286 729 842 592 256 375 639 687 62 541 539 175 548 568 321 101 374 922 652 579 308 662 111 301 836 665 248 415 847 450 736 777 297 88 832 773 829 106 512 793 801 125 82 655 492 655 409 748 263 127 428 707 824 240 298 744 503 398 498 447 885 797 626 714 628 708 449 697 0 334 397 928 874 418 760 437 838 813 349 745 537 151 667 475 928 734 603 343 179 869 785 872 135 318 722 622 687 736 720 698 221 495 766 238 802 420 647 745 762 369 434 576 415 813 392 264 128 93 519 501 163 670 303 123 585 577 496 201 510 457 661 997 531 191 586 565 155 613 265 318 781 402 651 313 413 460 901 275 172 399 378 235 188 995 434 905 693 256 543 518 644 890 536 351 406
207 485 417 196 311 568 502 623 264 434 442 221 276 302 304 456 258 76 343 691 443 596 414 168 266 758 344 213 216 575 363 661 448 404 856 375 302 584 569 587 383 563 344 352 364 611 679 184 263 559 149 239 423 663 455 288 442 389 282 182 503 439 349 417 658 628 401 464 42 379 497 679 664 229 377 472 671 343 304 321 294 321 298 637 131 313 229 388 504 345 443 569 211 240 188 203 551 511 794 493 312 615 499 531 334 0 140 608 629 470 698 547 536 486 368 599 282 305 345 172 762 651 780 333 471 539 460 670 200 313 614 762 371 437 405 418 358 377 679 218 508 321 724 660 561 472 448 265 370 498 230 261 386 426 326 170 444 360 518 382 751 590 242 170 388 134 338 801 319 270 505 527 365 305 164 135 474 592 449 499 240 456 678 269 272 249 158 196 257 777 223 685 588 442 383 703 775 725 604 133 203
341 605 325 245 329 694 607 758 157 510 392 234 387 173 272 564 399 64 477 791 349 729 554 260 244 878 404 101 115 715 496 787 586 514 963 446 436 711 647 727 507 684 242 335 406 749 811 290 356 699 85 321 559 745 574 182 568 477 310 321 497 549 474 556 772 753 384 382 171 413 474 812 784 295 512 504 799 443 340 312 422 319 438 770 264 329 362 316 432 312 567 690 308 119 272 327 539 581 923 601 238 750 636 655 397 140 0 536 722 607 835 680 591 430 505 725 392 311 386 88 880 787 907 471 559 489 483 779 267 241 747 895 294 501 327 500 335 514 814 193 572 461 862 795 674 603 587 333 511 540 368 214 405 480 453 157 461 275 631 402 879 730 108 197 525 105 277 909 441 389 642 667 369 219 298 276 526 714 566 618 112 596 780 216 272 388 37 181 376 878 85 786 722 417 514 827 909 845 742 49 337
688 1080 218 777 864 1151 723 1001 382 1037 881 770 628 403 315 710 779 563 916 829 199 1156 895 773 772 996 936 594 617 1066 936 1243 900 1009 994 975 879 909 634 1068 977 1155 302 295 942 1142 1242 792 565 1043 619 843 980 715 763 360 1030 590 846 753 275 706 942 950 881 1213 268 155 650 949 217 1040 926 823 814 408 986 952 876 328 712 340 802 991 729 864 700 222 105 827 1034 855 564 585 533 645 255 571 1363 733 300 999 1039 847 928 608 536 0 740 1018 1095 1111 518 135 925 916 625 844 427 454 989 1036 1353 888 1078 114 376 861 794 732 980 1318 242 514 209 575 854 832 1051 724 543 823 1243 1038 803 1043 980 498 889 448 735 733 939 1015 725 440 994 261 1119 936 1321 1085 455 731 833 476 270 957 698 873 939 995 900 317 754 703 484 1183 752 1096 567 973 821 730 805 752 562 715 861 893 528 829 966 930 787 1285 1324 967 1135 584 692
463 787 727 792 911 792 146 380 713 917 1070 836 357 781 560 193 501 675 627 89 743 738 465 726 891 267 885 820 830 559 638 856 426 792 261 889 621 276 106 545 715 825 727 517 928 672 807 705 369 535 772 779 625 66 236 720 726 244 878 573 466 210 693 565 166 841 508 711 640 951 524 388 226 797 391 334 309 797 887 505 382 488 479 349 621 914 448 658 691 970 739 213 420 840 451 440 492 174 913 164 653 385 624 245 874 629 722 740 0 627 462 715 223 631 599 271 351 914 375 669 257 408 918 579 909 627 368 132 777 941 354 848 668 250 679 224 979 415 406 846 199 478 724 404 153 692 577 391 519 292 482 890 974 959 356 583 1027 689 841 969 884 576 763 787 403 623 624 218 343 696 417 488 968 677 612 566 261 841 232 800 832 549 81 898 887 477 755 823 694 164 797 89 360 1059 350 889 840 244 667 744 471
330 175 863 455 524 166 491 339 729 385 727 514 410 772 707 455 239 545 134 628 889 138 164 388 579 567 425 653 644 155 118 242 201 235 723 397 174 391 645 178 162 199 802 725 478 142 224 347 468 157 581 377 50 690 396 752 127 513 497 289 819 442 172 72 532 220 761 896 436 504 845 386 493 417 251 717 437 294 482 691 325 681 218 376 343 528 319 817 921 634 142 434 457 683 486 374 869 635 345 471 753 328 32 390 418 470 607 1018 627 0 355 97 700 884 103 405 415 545 622 637 580 344 338 138 344 923 728 569 423 677 351 300 807 614 838 549 623 225 374 567 654 200 257 355 479 71 50 531 133 713 283 613 546 462 327 602 574 805 228 540 304 160 712 493 234 589 764 671 355 253 225 172 569 755 309 339 667 214 403 185 689 79 619 625 545 267 615 549 263 694 684 620 326 672 292 281 310 545 136 585 327
495 524 1001 761 852 474 390 94 911 740 1051 819 489 970 822 389 445 772 453 413 1024 388 292 686 886 269 768 909 908 205 448 498 252 589 432 746 479 196 535 181 513 519 963 811 821 299 423 647 549 198 840 699 391 526 332 929 482 506 821 537 840 390 513 345 304 497 829 1012 680 847 886 74 244 735 324 709 157 641 813 784 423 768 404 114 604 856 474 939 1016 952 496 260 571 937 613 517 881 566 502 375 897 96 330 253 760 698 835 1095 462 355 0 394 636 965 411 195 489 868 669 831 286 60 515 423 699 984 734 345 731 973 118 433 938 594 962 526 947 321 56 860 593 382 296 59 323 422 328 613 355 683 469 910 886 814 397 765 921 947 571 881 485 209 923 786 310 777 890 393 418 575 194 194 903 911 574 569 637 520 344 530 938 300 410 921 860 449 856 839 582 444 920 406 129 1007 331 516 417 263 298 831 498
424 143 950 504 553 82 583 399 810 379 755 560 507 849 798 548 332 620 204 710 976 49 259 444 622 632 443 717 706 191 184 145 290 237 792 406 245 466 739 214 190 126 885 819 494 110 133 404 565 205 645 418 131 779 488 833 130 611 530 370 916 537 214 170 610 126 856 986 511 519 941 439 565 459 347 814 501 313 511 784 423 774 314 438 417 558 414 906 1012 669 139 515 552 746 579 468 966 731 252 562 840 388 92 474 437 547 680 1111 715 97 394 0 796 977 186 479 512 578 718 718 645 397 242 224 324 1017 825 648 470 724 415 215 895 712 927 646 654 322 424 617 750 297 210 408 565 77 146 627 231 810 376 661 562 463 424 688 582 892 181 558 210 185 787 547 329 672 853 742 453 303 303 238 592 840 384 421 764 131 495 145 754 169 701 673 584 361 684 602 316 772 753 702 393 693 388 183 229 612 107 653 420
434 831 524 724 844 863 247 545 542 906 971 756 318 610 375 261 507 559 655 312 536 830 539 672 800 486 848 691 706 678 671 941 517 808 477 864 636 440 117 671 742 886 538 320 882 782 909 663 289 653 658 737 682 201 325 544 770 190 813 548 243 267 712 629 374 919 300 499 559 901 303 569 427 744 449 118 500 790 830 318 387 302 502 523 575 846 429 455 474 878 781 377 335 705 349 395 269 71 1025 264 466 546 706 386 838 536 591 518 223 700 636 796 0 413 641 442 311 840 206 521 477 577 1024 610 915 405 152 349 719 828 519 965 470 101 475 152 893 474 584 750 46 511 857 577 315 753 650 271 571 72 472 788 916 929 376 437 973 494 883 911 990 697 605 705 467 486 430 439 350 687 532 602 899 494 577 521 65 908 315 846 694 629 304 793 807 476 627 729 681 376 653 312 515 977 409 979 963 459 775 625 443
554 950 156 664 759 1018 599 871 288 918 800 663 493 327 184 583 645 448 783 720 153 1022 760 653 673 879 822 502 524 931 804 1110 765 882 890 858 747 781 525 933 846 1024 223 160 832 1007 1108 669 430 908 515 723 846 614 633 270 898 461 738 621 177 578 811 815 762 1080 136 101 527 841 117 912 804 707 679 297 860 828 767 193 577 205 667 863 601 759 565 119 61 735 903 730 429 499 398 510 181 458 1228 608 193 868 904 719 813 486 430 135 631 884 965 977 413 0 791 789 491 741 296 344 873 906 1219 754 956 60 263 746 678 647 850 1183 144 393 119 450 760 697 922 623 432 688 1108 909 680 910 845 363 755 341 601 638 835 902 591 316 892 171 990 832 1187 950 367 621 699 357 153 849 563 745 805 861 800 217 625 572 370 1052 622 965 481 838 711 637 703 617 460 611 733 789 439 719 835 840 653 1152 1190 849 1000 479 557
240 192 764 363 443 231 456 372 627 343 645 422 334 669 612 414 149 443 43 614 790 233 147 293 488 585 358 552 545 232 41 320 197 200 731 339 75 397 601 251 120 248 701 634 411 244 319 252 387 225 480 292 56 659 363 650 130 451 414 186 738 399 107 67 530 292 672 799 334 437 759 426 501 330 208 644 461 233 403 599 255 590 139 404 241 447 233 720 826 549 142 427 369 582 394 286 788 581 438 437 654 361 132 381 349 368 505 925 599 103 411 186 641 791 0 413 340 462 541 535 596 386 428 37 318 833 652 562 331 584 378 399 709 549 741 488 541 184 417 472 596 129 358 397 462 120 91 447 81 645 192 520 475 409 265 502 511 706 245 470 396 242 609 398 197 488 667 677 290 166 242 217 493 655 207 237 601 272 367 206 588 113 604 531 458 179 513 453 174 689 582 607 350 597 249 362 410 559 238 483 235
392 578 843 707 814 560 198 109 774 756 1002 762 346 838 663 206 377 665 451 238 864 492 266 633 825 174 755 811 814 302 454 611 216 612 320 744 461 16 340 285 532 600 815 643 805 416 552 600 397 281 747 665 419 337 162 789 523 328 781 470 654 212 519 360 132 601 654 846 591 830 704 128 89 694 238 521 75 642 781 619 305 602 340 81 535 818 371 777 844 899 538 65 431 837 473 398 693 372 651 185 745 114 392 74 745 599 725 916 271 405 195 479 442 789 413 0 343 825 495 703 184 139 659 407 730 804 548 172 683 900 83 584 780 407 801 342 900 251 142 791 400 326 456 136 128 475 360 454 335 492 384 840 863 816 273 628 907 792 632 858 625 317 799 720 236 650 731 267 284 554 180 241 870 762 512 488 447 610 173 589 835 328 232 850 809 368 752 768 557 293 809 231 92 971 219 639 574 146 412 731 398
124 527 512 442 562 570 219 399 430 597 720 486 7 494 335 174 198 337 349 408 536 552 273 380 540 487 548 485 492 441 367 655 275 497 575 559 326 331 305 442 433 588 476 332 586 524 637 363 61 418 429 438 388 391 184 446 467 126 529 239 405 158 402 343 381 629 359 527 289 608 435 448 394 451 189 304 418 480 541 301 91 287 201 401 276 565 118 452 537 619 476 301 88 508 130 91 454 262 757 211 409 394 430 270 537 282 392 625 351 415 489 512 311 491 340 343 0 564 208 361 489 432 752 307 604 521 313 389 430 595 382 705 450 213 475 163 628 208 454 496 271 216 620 438 283 458 370 128 282 306 161 542 628 626 100 285 683 458 577 623 718 460 457 436 208 308 401 520 73 377 316 370 619 423 272 220 264 612 176 542 503 357 396 550 537 167 422 474 371 495 474 402 362 709 164 695 709 454 517 406 133
454 453 629 122 29 553 776 816 462 260 183 84 557 454 577 728 448 304 420 964 651 622 581 193 78 997 150 257 235 692 430 633 628 347 1118 199 390 809 865 712 390 525 544 636 119 677 686 226 559 686 226 170 497 954 709 485 447 682 48 356 794 710 373 528 912 599 686 690 281 114 779 872 904 134 587 776 888 266 69 608 542 612 485 841 296 26 472 627 741 91 439 813 508 275 491 474 840 811 776 763 549 805 577 769 151 305 311 844 914 545 868 578 840 741 462 825 564 0 649 398 1004 836 753 446 327 800 762 932 142 170 815 770 604 740 636 715 79 576 867 120 810 501 786 846 821 505 552 569 514 803 447 126 95 197 573 447 151 583 453 92 735 701 393 135 590 396 588 1061 578 296 684 675 61 528 315 350 778 552 707 461 292 575 952 134 39 460 282 130 288 1049 323 957 786 147 611 668 791 966 672 262 446
304 719 358 540 656 772 311 576 342 750 770 565 212 410 185 290 393 357 543 459 376 760 481 497 603 598 677 486 501 647 562 860 479 674 636 700 514 487 281 647 620 786 351 149 704 733 845 496 154 623 455 566 591 381 338 347 662 167 627 402 198 283 587 550 481 832 160 353 375 721 227 616 517 566 395 127 567 640 648 131 299 114 404 567 411 658 308 289 349 680 670 437 177 499 170 258 248 210 965 317 277 573 637 424 667 345 386 427 375 622 669 718 206 296 541 495 208 649 0 315 594 610 959 505 770 318 120 471 539 624 554 914 297 127 312 163 697 415 626 552 194 421 827 613 392 660 578 97 488 156 350 587 731 760 306 231 789 315 767 726 925 666 401 514 415 280 250 588 277 542 515 574 709 302 422 364 142 811 326 735 488 565 449 592 615 362 422 532 533 539 447 457 540 782 364 900 917 566 726 421 310
339 656 250 324 415 740 566 748 92 585 477 319 358 140 185 527 412 111 513 744 276 766 562 325 332 847 482 178 196 730 534 834 588 573 919 522 473 690 587 740 555 735 173 248 489 776 850 349 315 712 173 392 591 687 545 116 614 428 394 349 410 513 521 579 736 800 297 303 212 497 386 800 755 370 508 427 778 507 423 227 409 236 448 755 304 415 359 232 349 400 616 662 273 187 232 314 451 519 966 563 154 741 664 631 475 172 88 454 669 637 831 718 521 344 535 703 361 398 315 0 847 779 951 500 630 402 404 739 341 324 735 932 212 436 245 445 423 514 804 281 507 471 888 786 639 643 611 278 528 465 375 302 491 561 437 86 548 196 688 488 923 746 97 278 523 54 190 866 421 441 642 675 457 139 335 299 456 765 537 671 174 615 733 303 359 395 122 268 428 829 132 740 711 505 502 875 945 813 769 136 337
561 755 952 884 994 728 287 247 908 939 1178 938 493 975 776 321 557 824 634 175 970 652 449 811 1000 16 938 972 977 458 637 768 399 794 148 928 645 200 360 437 714 769 938 743 987 568 700 780 533 441 911 846 599 305 308 920 702 433 961 648 716 334 702 540 114 762 743 944 759 1013 772 217 100 874 418 581 145 825 962 725 471 708 521 208 711 998 541 883 932 1076 717 193 575 996 615 559 745 419 786 286 865 258 564 236 928 762 880 989 257 580 286 645 477 873 596 184 489 1004 594 847 0 256 798 591 912 876 614 128 862 1070 230 717 890 481 906 431 1078 433 235 963 446 508 581 246 209 651 538 579 519 542 559 1012 1045 1000 439 766 1090 907 808 1039 767 469 944 894 418 796 843 108 443 737 358 409 1050 886 690 661 506 777 314 765 992 506 179 1021 986 545 909 941 739 169 963 172 254 1151 394 791 702 38 565 892 568
446 518 944 725 821 478 331 34 857 723 1018 783 433 918 765 329 402 724 428 366 967 398 255 650 849 241 743 864 863 206 425 513 210 574 404 724 450 138 478 184 495 522 908 753 796 313 444 612 492 192 795 668 373 473 273 875 471 447 789 496 781 331 492 322 256 509 770 954 635 822 827 43 198 702 275 649 115 619 783 726 370 710 362 60 563 825 425 882 958 918 485 203 516 892 558 465 822 507 532 315 841 38 322 193 734 651 787 1036 408 344 60 397 577 906 386 139 432 836 610 779 256 0 543 393 687 925 675 298 697 934 58 464 881 534 905 466 914 275 31 821 535 341 330 11 266 413 310 555 322 624 423 871 859 794 343 711 897 891 568 854 511 215 872 747 263 725 833 360 363 546 153 173 873 855 535 526 577 527 284 526 892 279 361 882 825 404 809 800 552 405 872 359 71 977 277 535 451 228 310 784 450
666 308 1189 705 726 213 798 559 1044 509 915 755 747 1078 1039 769 574 850 441 897 1215 199 488 657 811 782 605 931 918 359 420 122 508 411 946 559 480 649 957 375 400 230 1121 1061 649 247 116 620 806 383 862 615 373 984 705 1068 339 844 710 607 1157 760 433 409 790 157 1098 1226 741 669 1183 581 736 655 577 1051 658 493 684 1027 661 1017 556 597 648 730 656 1147 1254 843 340 708 794 960 821 711 1206 957 27 777 1079 550 323 674 603 780 907 1353 918 338 515 242 1024 1219 428 659 752 753 959 951 798 543 0 465 440 1260 1064 831 672 915 581 85 1135 945 1167 878 822 554 563 817 978 538 221 552 765 311 382 869 471 1044 618 855 713 594 660 927 715 1130 300 709 35 343 1015 753 559 908 1093 903 689 519 503 431 752 1078 616 658 997 202 715 296 970 398 890 867 769 603 907 805 532 946 975 889 567 842 617 85 108 771 252 875 662
203 221 727 342 429 267 434 376 591 350 629 401 301 634 574 390 112 409 48 599 753 270 143 269 467 581 352 522 515 255 61 357 193 214 723 338 57 391 575 272 137 282 664 597 404 278 356 229 352 245 450 276 93 637 343 614 160 420 398 151 702 375 115 88 519 328 635 762 301 430 723 431 494 313 189 611 460 234 391 562 223 553 108 405 209 433 197 682 788 531 170 415 333 552 357 249 753 552 476 415 617 365 165 369 343 333 471 888 579 138 423 224 610 754 37 407 307 446 505 500 591 393 465 0 332 796 617 549 311 560 379 436 672 517 703 458 525 167 424 448 567 102 391 404 446 157 118 411 73 613 156 496 466 409 236 465 505 669 273 461 434 267 575 373 181 452 629 667 261 153 244 229 480 618 175 201 569 306 346 236 557 133 588 508 439 143 481 428 159 676 550 591 351 584 228 399 446 553 271 451 198
481 181 879 318 299 268 764 679 715 69 476 353 597 729 773 718 414 519 284 931 905 355 465 305 396 901 178 549 531 496 277 327 514 119 1050 128 288 715 897 519 199 227 799 817 213 434 396 287 632 501 491 238 315 965 674 740 216 728 291 370 955 702 217 372 849 296 864 931 429 231 959 729 819 266 521 891 774 131 260 783 537 780 430 714 363 302 486 857 973 411 202 745 595 574 601 522 1005 865 465 745 780 668 369 699 179 471 559 1078 909 344 699 324 915 956 318 730 604 327 770 630 912 687 440 332 0 1009 889 880 293 496 688 473 839 816 872 766 388 499 718 416 875 431 525 698 778 278 378 674 399 903 444 444 274 154 557 640 275 825 152 271 427 496 664 370 513 603 808 995 577 230 555 514 316 768 348 407 865 249 677 180 588 409 920 454 351 443 546 411 238 1007 606 923 661 401 560 356 498 875 431 516 473
594 996 212 721 817 1062 609 890 348 972 860 721 524 387 235 598 685 504 827 717 205 1061 793 707 732 883 878 562 584 962 847 1153 795 932 882 913 792 797 521 963 893 1069 282 199 889 1043 1147 721 462 939 574 778 887 604 652 331 943 478 796 668 162 595 858 853 767 1123 163 151 580 898 103 928 812 763 710 295 873 880 824 234 610 243 705 879 651 817 604 179 96 795 949 742 466 559 439 549 149 457 1268 620 253 888 942 735 869 539 489 114 627 923 984 1017 405 60 833 804 521 800 318 402 876 925 1260 796 1009 0 262 748 734 707 868 1221 204 400 179 462 820 729 939 682 430 725 1141 927 690 952 883 395 792 335 641 698 894 959 621 369 951 231 1038 890 1227 981 427 678 729 413 212 844 593 794 832 891 859 277 674 619 370 1096 640 1012 542 873 708 697 761 657 520 670 783 781 499 716 855 900 681 1194 1226 853 1036 538 598
419 834 373 655 770 882 351 640 408 869 873 677 318 473 236 345 506 464 657 457 385 865 579 615 711 620 795 580 598 738 676 969 570 792 627 819 630 542 262 736 737 899 394 175 821 831 949 615 266 714 559 685 701 352 404 406 776 232 742 521 106 345 704 656 505 942 149 347 491 838 159 674 551 684 490 35 614 759 764 181 403 169 514 626 530 772 422 305 324 787 784 485 295 590 290 374 148 196 1068 363 324 639 741 482 785 460 483 376 368 728 734 825 152 263 652 548 313 762 120 404 614 675 1064 617 889 262 0 486 656 724 617 1014 321 141 324 209 806 513 686 660 169 529 920 676 430 771 682 215 595 80 465 692 846 878 404 327 904 346 883 841 1030 757 478 627 510 379 285 586 375 661 599 664 822 353 542 483 108 924 392 850 577 667 448 695 726 475 520 641 652 526 534 456 607 890 455 1008 1016 591 824 523 426
479 739 829 810 925 728 173 275 794 898 1099 860 395 862 655 215 493 726 596 68 846 664 417 739 920 137 882 874 881 474 603 782 371 761 187 879 599 183 232 457 682 766 819 619 929 588 724 712 425 453 818 783 577 188 223 804 681 315 892 579 588 231 664 516 42 771 617 819 672 953 644 271 102 807 363 453 188 780 897 602 390 585 463 239 636 929 460 760 805 998 695 136 471 897 509 469 617 290 823 178 745 282 559 182 872 670 779 861 132 569 345 648 349 746 562 172 389 932 471 739 128 298 831 549 880 748 486 0 791 982 251 755 768 354 782 309 1003 383 289 879 318 455 625 292 111 638 521 464 481 414 486 926 982 950 359 655 1031 786 793 977 798 489 835 814 369 689 721 131 356 685 345 411 982 767 619 583 377 778 226 750 891 491 64 935 910 475 810 856 685 127 859 61 264 1079 329 811 744 112 584 795 487
316 364 590 33 134 462 637 676 424 244 321 91 423 437 500 589 306 232 292 825 615 518 442 52 157 855 144 263 247 563 305 550 488 263 977 180 257 667 734 582 281 443 508 552 165 561 590 85 432 555 200 58 373 820 568 448 343 552 101 214 703 572 257 397 771 516 601 644 165 182 697 732 762 29 445 666 747 184 112 521 402 521 343 700 156 138 332 572 689 221 338 671 384 290 373 339 751 684 692 624 494 665 455 627 135 200 267 794 777 423 731 470 719 678 331 683 430 142 539 341 862 697 672 311 293 734 656 791 0 255 674 675 553 618 586 586 218 434 728 147 686 360 674 707 680 394 423 452 377 689 305 191 199 226 432 366 254 537 380 193 649 574 371 81 448 321 526 920 438 170 544 540 191 480 173 212 660 472 566 376 302 443 813 203 129 318 253 133 159 910 315 818 646 289 468 589 694 824 555 224 307
509 609 514 222 198 709 814 909 359 430 154 164 589 330 508 768 531 270 545 1003 534 770 681 291 103 1065 318 147 127 815 560 793 724 504 1168 368 509 884 875 832 534 685 431 572 289 816 840 332 572 805 171 306 628 971 764 377 595 698 207 438 734 752 511 648 969 759 620 579 311 280 707 966 970 265 667 744 969 422 236 551 599 559 572 929 370 196 530 528 635 104 589 876 521 148 492 513 774 813 936 805 456 900 710 836 318 313 241 732 941 677 973 724 828 647 584 900 595 170 624 324 1070 934 915 560 496 707 724 982 255 0 904 925 504 734 532 725 134 661 963 113 806 592 928 943 872 648 675 562 621 779 517 64 249 365 631 397 291 478 616 249 894 826 280 188 674 345 500 1113 628 425 781 786 202 430 399 412 763 713 759 619 166 693 991 53 147 534 204 134 414 1090 208 997 876 199 681 830 945 1032 810 203 502
407 526 892 701 801 498 273 26 810 720 995 758 384 872 713 272 373 685 419 318 914 424 237 625 823 217 731 827 828 230 418 541 188 572 377 716 436 80 421 211 492 539 858 699 783 343 477 590 441 212 760 649 374 420 217 827 475 390 769 467 723 274 485 317 209 533 714 901 601 809 770 66 155 682 238 591 86 611 766 672 326 656 333 26 534 805 385 829 903 894 490 146 468 854 510 422 764 449 573 257 791 32 334 135 722 614 747 980 354 351 118 415 519 850 378 83 382 815 554 735 230 58 581 379 688 868 617 251 674 904 0 505 829 476 852 409 892 243 72 793 476 314 374 59 209 422 311 503 307 565 388 842 844 786 297 664 885 839 578 839 549 243 829 719 230 681 781 328 315 531 136 180 855 806 507 493 519 547 228 536 854 279 312 853 802 370 770 771 536 365 832 310 29 958 234 567 494 197 339 747 412
630 317 1163 709 744 216 732 481 1024 539 939 763 701 1064 1007 707 539 835 419 822 1189 166 435 654 822 701 625 928 916 290 399 147 449 423 864 582 460 576 892 303 395 248 1099 1023 673 184 85 615 762 315 857 621 343 914 642 1048 333 789 724 584 1110 699 424 368 714 177 1058 1196 725 695 1139 500 659 661 524 999 579 504 701 990 615 979 516 519 632 747 618 1117 1221 860 337 636 754 957 785 673 1159 897 69 712 1053 473 279 604 622 762 895 1318 848 300 433 215 965 1183 399 584 705 770 914 932 717 464 85 436 473 1221 1014 755 675 925 505 0 1107 890 1138 822 843 501 482 822 919 496 137 472 695 291 338 827 429 989 583 864 739 626 610 901 748 1104 324 735 64 273 1002 754 505 886 1064 823 639 513 437 365 775 1053 599 635 942 224 652 309 966 349 816 875 781 566 898 808 526 868 967 814 492 869 561 130 27 691 190 867 627
482 851 63 535 623 928 605 848 145 796 656 529 450 185 117 579 569 321 695 754 86 942 703 533 534 894 694 360 382 875 715 1021 717 775 930 733 656 769 568 881 748 928 83 152 700 939 1028 554 390 854 378 602 765 665 618 127 804 459 604 529 274 570 713 742 777 989 173 93 413 707 226 894 810 582 631 354 854 714 634 166 526 183 598 846 497 623 498 25 138 594 807 726 372 356 333 444 298 497 1147 609 59 843 831 706 687 371 294 242 668 807 938 895 470 144 709 780 450 604 297 212 890 881 1135 672 839 204 321 768 553 504 829 1107 0 419 34 459 619 644 902 485 475 620 1046 886 686 824 774 327 685 400 527 497 699 773 546 209 755 29 887 696 1104 893 224 490 649 237 49 884 522 639 763 811 662 76 524 477 414 957 607 866 338 771 744 496 566 545 322 475 627 831 296 752 811 698 612 1063 1117 861 932 343 484
335 738 478 624 743 775 210 500 469 806 875 657 220 538 311 205 411 464 561 336 494 748 458 571 702 486 747 601 614 608 578 857 442 710 511 763 539 401 153 604 646 796 478 268 780 707 829 561 188 584 563 635 593 253 265 474 678 102 712 448 248 205 615 543 369 833 263 465 459 800 298 533 412 642 368 116 473 690 729 256 294 239 410 484 473 746 331 409 451 781 687 343 234 617 249 295 288 83 948 221 404 499 624 341 736 437 501 514 250 614 594 712 101 393 549 407 213 740 127 436 481 534 945 517 816 400 141 354 618 734 476 890 419 0 431 70 795 392 545 652 72 421 789 535 290 664 566 173 483 99 374 692 815 828 288 351 872 439 789 810 911 627 525 606 387 397 374 465 260 587 466 533 799 429 476 420 53 819 254 753 607 547 325 698 708 380 536 631 580 413 568 333 467 879 329 895 890 456 700 531 343
512 884 49 569 655 960 622 871 175 829 684 561 475 208 140 598 600 355 727 766 64 974 731 567 565 910 728 390 412 904 747 1054 744 808 941 767 688 791 577 909 781 961 104 164 733 969 1060 588 414 882 410 636 797 673 639 155 837 477 637 561 266 590 746 773 793 1022 176 60 447 740 214 917 828 615 658 358 874 747 667 183 553 199 628 868 530 655 527 24 105 623 840 746 399 384 361 473 286 507 1179 627 93 867 862 727 720 405 327 209 679 838 962 927 475 119 741 801 475 636 312 245 906 905 1167 703 872 179 324 782 586 532 852 1138 34 431 0 475 650 672 925 517 484 650 1076 910 704 856 804 350 715 404 557 528 731 806 572 241 786 54 920 728 1136 922 252 522 676 271 75 896 547 673 790 838 693 108 557 510 422 990 629 899 366 801 756 526 597 576 354 507 660 842 325 764 834 728 638 1095 1147 878 962 376 514
288 679 521 596 716 711 149 432 490 760 860 634 170 559 346 137 355 456 503 302 539 681 390 537 683 435 709 600 611 539 519 792 373 657 479 722 484 335 150 534 590 734 510 312 746 638 762 524 157 514 555 598 530 246 196 499 618 38 684 402 315 136 561 478 318 768 316 515 435 767 362 467 355 609 301 185 411 643 698 294 235 277 350 418 436 719 280 452 506 763 629 280 207 618 233 252 356 99 880 158 437 431 558 274 698 418 500 575 224 549 526 646 152 450 488 342 163 715 163 445 431 466 878 458 766 462 209 309 586 725 409 822 459 70 475 0 775 325 479 636 109 359 720 468 231 601 500 168 420 168 322 678 785 789 224 359 840 477 731 780 843 558 539 583 319 400 412 429 198 539 396 463 772 459 435 381 120 756 184 694 610 481 291 685 685 325 534 614 534 385 573 299 398 858 261 830 821 403 631 525 296
524 526 636 194 101 627 843 894 475 320 104 143 622 454 607 796 523 342 499 1033 657 698 659 268 94 1072 218 260 238 771 509 703 706 421 1189 264 469 884 925 791 468 596 552 668 175 755 760 303 618 765 251 249 576 1017 780 495 524 744 127 430 829 778 452 607 985 670 718 700 340 159 809 950 978 212 663 822 965 341 143 643 613 649 561 918 368 97 543 643 754 30 515 886 567 270 546 540 873 869 846 831 567 883 656 843 221 358 335 854 979 623 947 654 893 760 541 900 628 79 697 423 1078 914 822 525 388 820 806 1003 218 134 892 843 619 795 650 775 0 652 945 146 866 578 863 924 892 583 631 623 593 852 520 122 121 244 644 483 157 596 523 123 805 780 399 192 666 431 609 1133 647 375 762 754 75 544 389 420 830 623 777 534 289 654 1021 124 93 534 301 165 367 1118 326 1026 864 85 685 737 865 1040 749 288 516
176 373 705 459 564 390 273 249 598 515 754 516 205 654 533 232 130 451 214 432 730 356 67 384 581 424 505 589 588 234 223 467 74 380 559 498 216 234 422 237 302 418 657 537 555 319 438 350 267 212 520 414 213 475 179 617 312 290 531 225 610 219 282 156 354 445 566 726 360 580 642 305 334 444 25 498 313 398 531 505 120 492 91 268 291 568 155 649 741 653 325 250 273 617 311 204 658 410 557 253 597 239 232 204 495 377 514 832 415 225 321 322 474 697 184 251 208 576 415 514 433 275 554 167 499 729 513 383 434 661 243 501 644 392 672 325 652 0 304 550 429 76 413 284 279 283 176 334 104 491 148 599 613 570 109 455 657 648 427 607 519 253 604 476 15 461 597 503 138 305 128 166 619 606 265 251 444 437 184 386 617 156 421 610 561 129 535 528 307 509 599 424 215 721 67 505 503 395 312 510 178
473 548 964 755 852 506 339 56 881 754 1049 813 455 942 785 342 432 751 460 357 987 424 286 680 879 219 775 892 892 233 457 537 240 605 383 756 482 145 481 211 526 550 930 771 827 337 466 643 513 221 824 699 404 470 288 898 502 461 820 526 793 345 523 353 248 534 786 973 664 853 840 18 187 733 302 660 102 650 815 744 395 729 391 61 593 856 452 901 975 948 516 207 539 919 581 490 833 514 551 325 863 64 352 205 766 679 814 1051 406 374 56 424 584 922 417 142 454 867 626 804 235 31 563 424 718 939 686 289 728 963 72 482 902 545 925 479 945 304 0 851 542 371 346 21 270 443 341 575 353 633 451 901 891 825 367 735 928 912 597 885 532 241 898 777 291 750 853 341 386 578 183 204 904 877 565 554 587 554 300 555 919 310 353 912 856 432 836 830 583 390 899 350 93 1008 302 559 468 210 335 812 477
402 510 509 114 142 608 715 797 342 355 224 63 490 335 463 668 420 196 434 904 532 665 568 179 52 958 242 140 119 703 449 695 611 406 1066 290 397 775 786 720 429 587 424 524 229 707 737 220 480 693 108 202 517 880 659 365 490 606 132 326 684 651 404 535 864 661 574 570 207 229 666 854 863 162 556 676 859 325 164 498 492 503 460 818 259 141 423 508 622 128 485 770 429 161 405 411 728 728 837 704 430 788 599 728 238 218 193 724 846 567 860 617 750 623 472 791 496 120 552 281 963 821 817 448 416 682 660 879 147 113 793 822 485 652 517 636 146 550 851 0 724 480 820 831 769 541 563 480 508 707 408 49 215 306 525 338 270 463 522 212 795 714 273 75 563 285 470 1010 523 316 669 673 177 409 287 303 686 616 655 521 177 581 892 60 82 424 163 23 304 991 204 898 765 231 572 733 842 926 701 145 396
395 787 532 693 813 818 203 501 536 868 947 728 278 604 373 215 464 536 612 288 546 784 493 639 773 454 813 673 686 632 628 896 471 766 459 827 594 397 94 625 699 842 539 324 848 736 863 627 255 607 636 702 637 190 280 539 726 147 782 509 269 221 670 584 340 874 310 513 530 868 327 528 390 710 404 136 460 750 798 316 344 300 459 481 539 816 388 463 492 852 737 335 303 689 320 357 300 29 979 220 466 502 661 342 802 508 572 543 199 654 593 750 46 432 596 400 271 810 194 507 446 535 978 567 875 430 169 318 686 806 476 919 475 72 484 109 866 429 542 724 0 467 811 534 275 708 605 245 526 96 431 764 884 893 332 422 940 498 840 879 944 651 595 677 422 468 433 417 306 647 486 556 869 492 540 485 63 863 269 802 678 583 279 770 779 434 608 703 642 359 639 287 471 950 363 933 917 426 729 604 403
138 321 679 386 489 355 333 318 559 443 681 443 210 611 515 288 63 397 150 502 705 338 93 311 509 500 430 529 526 259 163 440 131 314 634 424 144 310 473 268 239 376 625 528 479 320 424 276 268 241 458 338 173 535 243 580 260 322 457 155 619 273 215 129 428 414 562 707 299 504 645 374 409 369 93 519 387 325 455 494 127 483 24 340 222 493 123 628 727 579 271 324 259 557 291 178 669 451 544 314 569 308 217 278 420 321 461 823 478 200 382 297 511 688 129 326 216 501 421 471 508 341 538 102 431 725 529 455 360 592 314 496 620 421 650 359 578 76 371 480 467 0 425 351 349 243 158 331 67 518 96 530 537 495 135 421 582 621 374 531 504 276 557 406 91 419 575 578 161 230 189 206 544 575 193 188 473 398 246 335 559 151 491 541 488 77 478 459 231 581 544 494 286 646 129 480 502 470 313 451 137
564 348 1105 707 763 259 617 350 978 585 965 764 617 1025 939 596 479 800 390 693 1130 170 348 643 828 565 653 910 901 181 373 236 349 447 728 615 430 449 776 186 397 303 1048 948 704 114 151 602 680 206 837 624 306 790 532 1001 339 689 739 542 1020 590 417 309 583 250 979 1132 692 728 1054 365 527 665 432 902 445 523 720 916 532 903 448 387 599 767 548 1053 1151 877 349 511 681 939 715 603 1067 787 206 598 995 343 226 483 647 724 862 1243 724 257 296 210 857 1108 358 456 620 786 827 888 581 330 221 391 525 1141 920 625 674 928 374 137 1046 789 1076 720 863 413 346 820 811 425 0 338 573 281 277 746 362 887 520 865 772 670 521 845 790 1047 375 767 194 162 966 747 413 838 1000 688 550 504 325 257 802 999 565 590 840 290 542 346 946 275 687 877 791 501 871 803 515 735 940 685 364 902 465 240 121 556 121 841 562
454 529 949 735 831 489 331 38 864 735 1028 793 439 924 770 331 412 732 439 360 971 409 266 660 859 231 754 872 872 217 436 523 220 585 395 735 461 137 476 195 506 533 914 757 807 323 454 623 497 204 804 678 385 469 275 881 482 449 800 505 782 333 503 333 250 519 773 958 644 833 829 31 191 713 283 650 107 630 794 730 377 714 371 55 573 835 433 886 961 928 497 201 522 900 564 472 823 506 541 316 847 45 334 194 745 660 795 1038 404 355 59 408 577 909 397 136 438 846 613 786 246 11 552 404 698 927 676 292 707 943 59 472 886 535 910 468 924 284 21 831 534 351 338 0 264 425 321 560 333 624 431 880 870 805 349 718 908 896 579 865 521 225 879 757 272 732 837 351 369 557 163 185 884 861 544 535 578 538 287 537 900 291 355 891 836 413 817 809 563 397 880 353 76 988 284 545 459 219 321 793 458
368 644 748 699 814 643 82 235 699 792 989 749 288 766 570 112 384 619 493 153 768 586 320 628 809 210 773 768 774 406 502 705 278 659 298 771 493 129 212 392 580 678 730 542 819 519 654 602 324 383 710 672 482 219 112 711 585 227 781 468 536 126 561 421 98 690 547 745 562 843 588 254 125 696 257 400 186 674 786 521 279 504 355 209 525 818 349 680 737 887 599 64 367 791 407 359 572 247 761 78 658 239 474 92 762 561 674 803 153 479 323 565 315 680 462 128 283 821 392 639 209 266 765 446 778 690 430 111 680 872 209 695 686 290 704 231 892 279 270 769 275 349 573 264 0 546 430 370 381 369 375 816 872 842 248 557 921 701 699 866 731 423 735 703 265 587 638 241 246 577 265 335 871 678 508 472 325 693 115 657 786 401 143 825 799 365 704 746 576 233 756 145 211 968 221 737 688 177 514 688 376
360 105 878 427 482 112 553 409 735 324 685 484 452 773 729 515 268 544 130 696 904 126 227 367 547 638 376 639 628 218 109 201 268 175 794 343 170 461 705 241 115 135 811 753 428 172 208 327 507 224 567 343 71 754 458 759 64 564 458 296 858 502 137 127 602 172 792 915 434 454 879 456 563 384 308 762 508 244 440 719 370 710 257 446 341 486 352 836 943 596 77 502 489 668 514 405 908 690 324 533 768 398 92 458 369 472 603 1043 692 71 422 77 753 910 120 475 458 505 660 643 651 413 311 157 278 952 771 638 394 648 422 291 824 664 856 601 583 283 443 541 708 243 281 425 546 0 116 567 182 761 312 585 496 404 377 616 520 819 157 491 281 219 711 470 293 598 782 742 404 226 295 243 523 767 308 347 716 155 464 114 676 147 686 597 510 299 607 525 238 764 676 688 396 625 350 242 306 616 167 576 355
293 219 831 454 532 216 441 301 702 414 735 513 365 748 670 404 204 524 132 579 857 183 114 384 580 525 442 640 633 141 122 291 152 264 679 418 166 345 595 160 186 248 772 685 495 166 267 343 425 135 567 382 64 640 345 724 165 465 503 266 775 392 186 32 486 270 720 862 417 521 802 351 448 421 201 670 397 313 492 652 280 641 178 336 326 536 280 782 884 639 179 386 417 669 448 335 824 585 387 420 721 290 60 342 434 448 587 980 577 50 328 146 650 845 91 360 370 552 578 611 538 310 382 118 378 883 682 521 423 675 311 338 774 566 804 500 631 176 341 563 605 158 277 321 430 116 0 489 91 665 247 611 561 486 279 570 594 773 272 555 348 151 690 488 184 562 729 627 308 256 180 136 581 724 292 314 619 264 352 230 674 32 570 622 548 229 598 544 265 647 667 571 284 685 242 329 345 502 159 568 290
208 624 390 455 574 678 293 521 330 655 702 486 130 397 210 259 298 292 448 466 412 670 398 407 529 580 587 433 445 568 467 767 403 577 642 607 418 443 314 570 524 691 362 204 616 648 755 403 67 545 392 475 499 412 292 341 566 150 543 306 292 248 491 460 466 739 232 400 290 634 314 567 491 478 316 218 529 544 562 173 215 159 313 519 317 576 214 327 409 608 574 403 81 451 79 162 342 250 876 292 291 517 549 380 576 265 333 498 391 531 613 627 271 363 447 454 128 569 97 278 579 555 869 411 674 395 215 464 452 562 503 827 327 173 350 168 623 334 575 480 245 331 746 560 370 567 489 0 399 237 255 519 647 669 228 193 704 338 671 642 836 587 373 435 336 232 278 590 201 446 444 498 629 309 327 268 209 717 282 639 442 479 455 525 537 268 368 459 437 551 405 462 484 707 292 808 832 546 641 361 214
203 268 743 406 499 292 377 304 617 420 697 465 277 666 580 336 117 447 116 534 768 271 70 332 531 508 425 571 566 204 121 374 120 280 652 410 129 319 525 217 200 316 686 595 476 255 357 293 335 189 499 346 111 579 283 639 208 383 467 192 686 322 184 62 450 350 630 772 343 502 712 359 422 381 129 584 387 307 461 561 192 550 87 333 257 503 189 693 794 597 220 346 326 600 357 245 736 509 477 357 633 293 150 300 415 370 511 889 519 133 355 231 571 755 81 335 282 514 488 528 519 322 471 73 399 792 595 481 377 621 307 429 685 483 715 420 593 104 353 508 526 67 362 333 381 182 91 399 0 581 158 557 538 482 195 483 578 685 323 533 437 219 610 433 117 477 640 597 223 225 172 165 551 637 225 235 536 337 288 282 604 87 523 569 505 139 524 488 230 608 592 526 278 655 171 414 435 481 247 496 201
424 833 453 691 809 872 293 590 479 889 926 719 313 546 309 297 504 513 656 381 465 847 557 645 758 550 824 639 655 707 673 955 541 800 548 843 632 488 186 701 739 893 470 251 854 805 928 640 271 682 611 712 690 273 360 479 773 201 780 534 174 300 708 641 436 931 228 427 526 872 232 619 486 715 467 46 554 775 799 252 391 238 506 572 552 812 422 385 402 836 782 427 311 651 316 381 204 125 1047 308 399 590 723 430 813 498 540 448 292 713 683 810 72 341 645 492 306 803 156 465 542 624 1044 613 903 335 80 414 689 779 565 989 400 99 404 168 852 491 633 707 96 518 887 624 369 761 665 237 581 0 466 743 883 906 386 384 941 424 883 878 1010 726 545 668 486 434 362 509 358 674 563 631 863 428 559 501 48 916 349 848 639 646 373 747 769 473 576 687 666 448 597 381 558 937 428 994 989 522 799 576 432
48 370 585 326 439 423 338 396 462 441 619 379 154 514 424 290 44 304 193 522 611 421 187 254 442 552 403 441 440 355 212 513 218 336 671 408 166 368 456 365 273 436 529 443 447 412 507 226 199 337 372 298 246 532 263 484 311 285 406 93 547 273 242 216 465 484 480 615 212 470 567 452 458 321 150 460 452 322 411 408 100 399 73 413 152 443 44 536 638 517 320 366 177 469 203 93 598 421 627 323 475 387 305 323 392 230 368 735 482 283 469 376 472 601 192 384 161 447 350 375 559 423 618 156 444 641 465 486 305 517 388 583 527 374 557 322 520 148 451 408 431 96 520 431 375 312 247 255 158 466 0 457 497 477 128 326 547 527 419 491 586 372 461 336 160 323 482 615 139 219 275 301 496 479 133 105 425 461 262 385 470 245 510 467 427 20 387 385 214 606 452 515 361 594 165 554 591 521 405 362 44
451 549 515 158 153 648 761 847 353 380 183 101 536 335 487 714 469 230 481 950 537 708 618 227 49 1007 267 139 116 751 495 733 661 444 1113 316 444 824 829 768 471 625 431 549 244 752 779 268 523 741 133 243 563 923 707 373 533 650 153 375 711 697 448 583 912 699 598 578 254 240 688 903 912 202 606 710 908 362 185 525 541 531 510 867 308 151 471 521 632 98 527 818 472 152 446 458 753 769 876 751 445 837 645 777 264 261 214 733 890 613 910 661 788 638 520 840 542 126 587 302 1012 871 855 496 444 698 692 926 191 64 842 864 497 692 528 678 122 599 901 49 764 530 865 880 816 585 611 519 557 743 457 0 216 322 573 367 266 474 557 215 834 762 278 124 613 314 487 1057 571 361 718 722 172 422 336 352 724 654 702 559 170 629 938 12 94 473 180 72 350 1037 205 944 814 203 621 771 883 974 746 170 444
512 427 724 192 77 525 833 842 557 205 202 173 621 548 669 785 490 394 433 1019 746 603 607 249 170 1037 120 351 329 699 439 596 657 325 1166 158 409 847 933 720 384 491 639 726 68 668 658 271 630 696 320 200 501 1019 760 580 434 751 104 404 883 767 375 541 959 564 776 784 357 44 870 897 945 178 627 858 922 252 87 697 595 700 524 870 353 76 528 721 836 149 423 858 581 368 568 537 929 882 737 819 643 831 577 812 128 386 405 939 974 546 886 562 916 835 475 863 628 95 731 491 1045 859 713 466 274 894 846 982 199 249 844 739 699 815 731 785 121 613 891 215 884 537 772 870 872 496 561 647 538 883 497 216 0 124 625 537 58 678 416 6 698 705 487 220 627 487 682 1109 633 313 710 692 48 623 364 409 856 516 759 432 386 587 1007 223 133 507 377 224 308 1103 417 1012 816 131 655 628 763 1007 663 356 504
503 322 805 238 169 416 814 781 637 87 325 249 619 638 726 767 460 454 368 994 829 500 552 263 273 990 83 446 425 617 369 481 602 229 1129 72 355 800 930 640 301 378 721 778 78 572 547 266 640 618 401 194 423 1009 733 661 341 752 175 388 929 750 302 472 923 449 828 862 390 85 923 834 902 197 588 886 868 175 142 747 577 747 487 812 354 171 515 793 910 270 328 820 595 467 591 537 977 888 619 798 715 770 492 773 93 426 480 1015 959 462 814 463 929 902 409 816 626 197 760 561 1000 794 594 409 154 959 878 950 226 365 786 626 773 828 806 789 244 570 825 306 893 495 670 805 842 404 486 669 482 906 477 322 124 0 603 592 122 755 303 122 581 621 575 283 584 546 749 1073 617 266 651 622 169 698 354 408 873 401 733 325 483 515 982 331 229 483 458 308 266 1075 509 986 758 248 621 510 650 962 568 432 495
122 456 608 451 566 487 211 311 514 561 742 502 98 575 432 164 145 392 283 394 632 461 175 380 563 434 530 538 541 341 297 569 174 443 545 532 270 258 340 342 371 510 567 432 574 428 545 354 161 318 475 426 306 409 136 532 395 188 533 221 501 147 344 255 341 545 459 625 320 598 533 363 339 448 89 391 346 442 539 401 32 387 129 318 276 570 102 549 637 640 406 246 175 564 216 126 549 316 664 195 502 305 338 205 519 326 453 725 356 327 397 424 376 591 265 273 100 573 306 437 439 343 660 236 557 621 404 359 432 631 297 610 546 288 572 224 644 109 367 525 332 135 521 349 248 377 279 228 195 386 128 573 625 603 0 369 675 553 509 619 626 360 532 457 109 383 498 489 29 340 217 270 623 514 261 224 340 532 134 471 562 262 383 582 551 120 478 502 338 478 537 387 274 720 66 608 612 402 421 458 129
284 643 262 355 460 719 483 679 146 603 547 364 282 210 135 445 366 143 486 659 288 735 508 337 389 766 510 255 272 680 507 813 529 569 834 544 447 615 501 687 540 720 203 189 525 736 821 353 234 660 233 409 558 601 468 163 595 343 435 320 347 432 505 539 654 781 239 301 211 536 334 730 675 395 445 347 703 513 461 161 343 166 398 684 289 461 302 222 336 463 599 584 197 269 155 252 393 433 939 481 152 673 626 555 501 170 157 440 583 602 765 688 437 316 502 628 285 447 231 86 766 711 927 465 640 369 327 655 366 397 664 901 209 351 241 359 483 455 735 338 422 421 845 718 557 616 570 193 483 384 326 367 537 592 369 0 595 204 680 533 897 697 180 317 462 52 170 782 349 433 580 620 508 154 316 269 372 749 459 658 257 570 648 369 410 345 193 321 421 744 217 655 642 567 435 855 911 733 729 197 284
565 442 778 249 135 538 884 881 612 209 214 231 675 601 726 836 538 452 469 1069 801 620 648 303 223 1081 154 404 381 729 473 602 698 346 1213 178 449 891 987 751 412 500 693 784 103 690 669 322 686 728 377 249 532 1072 809 634 457 806 162 455 941 819 408 576 1007 571 834 839 415 77 928 936 991 231 673 916 964 281 143 755 646 758 570 911 407 134 579 777 892 187 445 904 638 419 625 591 988 938 740 870 699 870 605 859 163 444 461 994 1027 574 921 582 973 892 511 907 683 151 789 548 1090 897 715 505 275 951 904 1031 254 291 885 748 755 872 786 840 157 657 928 270 940 582 790 908 921 520 594 704 578 941 547 266 58 122 675 595 0 733 424 63 702 734 541 279 672 545 739 1157 685 354 749 727 94 679 416 462 913 523 808 446 437 621 1058 272 189 556 433 281 351 1153 470 1062 856 133 702 631 772 1052 686 413 556
483 843 59 518 603 922 621 857 121 780 630 509 458 157 131 593 569 306 690 774 85 939 705 519 511 910 677 336 358 878 710 1015 721 764 950 717 650 781 590 884 740 921 54 174 681 939 1025 542 399 857 358 587 762 687 630 101 797 475 585 523 302 583 706 741 793 983 200 108 402 687 255 905 825 565 636 379 867 701 615 184 531 201 599 856 488 602 500 53 159 569 800 740 378 330 338 446 327 518 1143 624 52 852 829 718 670 360 275 261 689 805 947 892 494 171 706 792 458 583 315 196 907 891 1130 669 825 231 346 786 537 478 839 1104 29 439 54 477 596 648 912 463 498 621 1047 896 701 819 773 338 685 424 527 474 678 755 553 204 733 0 878 675 1100 895 198 471 654 226 65 903 529 630 769 814 640 57 517 472 436 950 619 858 312 771 764 472 544 546 301 454 617 852 271 771 820 674 619 1057 1114 877 931 323 484
464 55 935 411 426 117 700 565 779 216 617 459 571 805 806 658 379 580 228 850 961 207 378 373 513 795 305 643 627 366 212 181 422 118 951 260 253 617 846 390 147 76 861 840 351 290 245 341 617 376 576 322 217 902 605 803 115 693 410 371 961 644 181 278 758 148 883 980 476 372 975 610 720 360 452 879 665 197 384 805 496 799 381 602 391 430 462 902 1016 543 103 657 590 670 607 509 1012 825 323 680 829 554 245 612 303 518 631 1119 841 228 571 181 883 990 245 632 577 453 767 688 808 568 300 273 152 1038 883 793 380 616 578 324 887 789 920 731 523 427 597 522 840 374 375 579 699 157 272 671 323 883 419 557 416 303 509 680 424 878 0 412 282 363 739 462 439 651 851 899 534 248 452 399 453 822 365 418 841 100 611 43 682 304 840 569 470 411 626 511 261 919 692 842 553 546 493 215 348 772 288 594 457
506 422 721 187 73 521 827 837 554 201 206 169 616 546 665 779 484 390 427 1013 744 598 602 243 169 1031 115 349 327 693 433 593 651 320 1160 153 404 841 927 714 379 487 636 722 63 663 654 265 625 691 317 194 496 1013 754 577 429 745 99 399 879 762 370 536 954 560 772 782 352 40 866 892 940 172 622 853 916 247 82 693 590 696 518 865 348 73 522 718 833 150 419 852 576 366 563 532 925 877 733 813 640 826 572 806 123 382 402 936 969 540 881 558 911 832 470 858 623 92 726 488 1039 854 709 461 271 890 841 977 193 249 839 735 696 810 728 780 123 607 885 212 879 531 767 865 866 491 555 642 533 878 491 215 6 122 619 533 63 675 412 0 694 700 485 216 622 483 678 1104 628 307 704 686 48 620 359 403 851 512 753 428 384 582 1002 222 131 501 374 221 303 1097 415 1006 810 135 649 624 758 1001 658 353 498
634 285 1159 682 708 187 763 526 1015 495 899 734 714 1051 1008 734 542 822 410 864 1185 166 453 631 791 751 587 906 893 326 390 102 474 390 915 542 450 616 922 341 374 210 1092 1028 633 212 81 594 772 349 836 593 341 950 671 1039 312 809 690 577 1123 725 405 376 757 135 1065 1195 713 654 1149 549 704 633 543 1017 626 472 665 994 628 984 523 565 619 711 623 1116 1222 824 314 674 761 935 789 678 1172 923 43 743 1049 517 289 640 585 751 879 1321 884 304 485 210 990 1187 396 625 718 735 925 923 767 511 35 434 427 1227 1030 798 649 894 549 64 1104 911 1136 843 805 519 532 795 944 504 194 521 731 281 348 836 437 1010 586 834 698 581 626 897 702 1100 282 694 0 310 987 729 524 878 1062 872 655 493 469 397 736 1048 587 628 963 182 680 275 945 364 857 846 749 570 880 782 506 914 949 856 533 827 582 73 91 739 218 849 630
413 318 953 605 681 266 460 222 835 543 884 665 457 885 784 437 335 666 282 554 978 183 191 535 731 454 585 788 782 19 271 299 187 393 617 556 317 307 619 32 322 311 900 790 638 100 235 494 520 44 715 532 205 642 372 856 282 527 653 410 858 430 330 179 448 294 819 977 562 664 893 256 397 571 271 740 325 454 640 758 373 745 299 262 473 685 396 899 994 789 295 365 524 817 560 449 905 627 338 440 844 213 129 331 577 590 730 1085 576 160 209 185 697 950 242 317 460 701 666 746 469 215 343 267 496 981 757 489 574 826 243 273 893 627 922 558 780 253 241 714 651 276 162 225 423 219 151 587 219 726 372 762 705 621 360 697 734 895 363 700 310 0 830 639 252 695 847 570 389 406 165 95 727 850 440 454 678 313 382 323 821 135 547 774 699 352 743 695 415 607 811 547 225 831 303 324 268 438 97 714 413
429 713 238 346 414 802 662 842 80 611 433 325 454 66 245 623 496 167 584 839 260 836 649 367 318 943 502 139 161 814 603 895 677 622 1014 546 542 786 678 825 615 793 153 310 498 853 918 399 411 797 174 427 664 778 642 97 676 523 401 424 468 610 582 658 833 861 354 301 277 501 434 895 851 397 599 505 874 550 433 297 503 309 533 850 370 414 449 248 356 372 676 758 370 132 329 407 503 608 1031 659 178 834 741 727 496 242 108 455 763 712 923 787 605 367 609 799 457 393 401 97 944 872 1015 575 664 427 478 835 371 280 829 1002 224 525 252 539 399 604 898 273 595 557 966 879 735 711 690 373 610 545 461 278 487 575 532 180 541 198 739 485 987 830 0 296 614 149 223 962 516 497 732 762 447 150 404 376 541 822 633 727 114 696 827 275 354 482 118 267 484 924 73 835 805 476 596 936 1016 910 846 147 426
335 445 522 52 144 542 652 723 354 316 285 51 430 361 450 605 346 175 360 842 546 595 493 105 106 888 207 182 166 628 375 631 537 344 1001 251 322 704 733 645 359 524 439 506 211 634 669 146 427 617 122 139 443 825 592 378 422 552 118 252 663 588 333 460 797 596 556 579 148 220 651 780 794 104 484 641 787 265 146 477 425 480 387 745 186 145 355 511 627 184 417 701 376 209 357 348 709 678 772 641 432 714 525 658 201 170 197 731 787 493 786 547 705 621 398 720 436 135 514 278 894 747 753 373 370 678 627 814 81 188 719 754 490 606 522 583 192 476 777 75 677 406 747 757 703 470 488 435 433 668 336 124 220 283 457 317 279 471 462 216 729 639 296 0 490 268 468 944 457 244 594 598 195 415 212 233 643 553 589 457 221 506 830 136 102 352 178 56 232 928 236 835 691 274 502 670 773 856 627 150 328
185 384 710 474 579 399 261 236 606 529 769 530 206 662 537 222 144 462 228 418 734 362 71 399 594 409 520 601 600 233 237 474 68 394 545 513 231 220 412 234 315 428 664 539 570 321 443 365 269 210 532 429 224 463 167 625 324 285 546 238 608 209 296 166 339 453 567 730 372 595 642 292 319 458 20 495 298 412 545 508 123 494 105 254 305 582 164 653 744 667 337 236 277 628 316 211 656 402 561 241 603 227 239 189 510 388 525 833 403 234 310 329 467 699 197 236 208 590 415 523 418 263 559 181 513 729 510 369 448 674 230 505 649 387 676 319 666 15 291 563 422 91 413 272 265 293 184 336 117 486 160 613 627 584 109 462 672 654 439 622 524 252 614 490 0 469 601 489 137 320 119 163 634 612 279 264 439 446 172 398 629 162 408 623 575 141 546 541 322 495 610 410 202 736 59 511 506 380 314 521 188
286 617 284 308 410 698 516 694 140 562 495 314 305 193 182 476 361 93 468 697 310 720 509 297 337 795 465 205 221 678 489 792 534 538 870 501 428 637 545 688 515 695 213 239 477 727 805 317 264 660 181 367 544 644 493 162 573 380 386 302 399 462 480 530 685 759 289 330 176 488 383 747 702 350 454 399 725 477 413 213 355 218 396 701 262 411 306 254 371 410 575 609 221 221 181 260 444 478 922 512 178 687 616 577 457 134 105 476 623 589 777 672 486 357 488 650 308 396 280 54 796 725 908 452 603 413 379 689 321 345 681 886 237 397 271 400 431 461 750 285 468 419 838 732 587 598 562 232 477 434 323 314 487 546 383 52 545 226 651 483 878 695 149 268 469 0 206 817 367 403 588 622 457 171 292 251 421 724 484 632 210 565 685 317 359 343 142 269 391 782 173 692 657 515 448 833 898 761 720 145 284
437 813 112 511 605 888 557 799 144 768 653 510 402 198 68 530 525 295 653 709 134 899 656 503 521 846 669 353 375 828 674 981 669 740 885 706 615 721 525 834 710 889 109 110 678 894 986 522 341 807 362 573 722 623 569 132 764 411 584 488 250 521 675 698 729 949 141 133 380 687 211 845 762 555 583 316 805 681 613 119 478 136 553 797 460 606 452 53 166 584 768 677 324 353 286 397 282 453 1105 561 46 794 787 657 661 338 277 270 624 764 890 853 430 153 667 731 401 588 250 190 843 833 1093 629 808 212 285 721 526 500 781 1064 49 374 75 412 609 597 853 470 433 575 1000 837 638 782 729 278 640 362 482 487 682 749 498 170 739 65 851 678 1062 847 223 468 601 206 0 838 473 603 715 763 647 75 486 437 372 918 559 828 336 726 699 487 549 500 308 458 591 787 293 706 762 690 564 1022 1073 814 887 326 439
609 845 943 940 1054 824 302 348 918 1017 1230 990 525 986 773 346 620 856 713 130 959 752 530 868 1050 124 1007 1004 1012 558 718 869 481 877 57 1001 719 282 324 538 796 865 939 733 1055 670 803 840 554 540 949 910 686 245 352 927 790 440 1021 707 682 362 782 626 150 862 726 928 803 1080 742 323 178 935 485 552 246 901 1025 719 520 702 587 308 765 1057 590 874 909 1128 804 253 601 1027 638 600 706 392 892 309 865 358 658 300 997 801 909 957 218 671 393 742 439 849 677 267 520 1061 588 866 108 360 903 667 995 844 586 131 920 1113 328 823 884 465 896 429 1133 503 341 1010 417 578 688 351 241 742 627 590 597 509 615 1057 1109 1073 489 782 1157 903 899 1104 872 570 962 944 489 817 838 0 487 808 446 504 1111 888 748 713 479 874 356 856 1021 595 140 1066 1040 603 940 987 809 75 988 132 350 1208 455 894 809 132 667 925 617
123 481 584 455 572 515 200 331 495 578 743 504 72 557 407 151 163 382 307 387 607 490 205 386 563 440 542 530 534 370 322 597 202 464 543 547 291 270 320 370 394 537 545 404 585 457 574 363 134 346 468 436 333 393 136 512 420 161 539 230 472 134 366 283 341 573 431 600 317 608 504 381 345 456 118 362 359 459 547 374 40 360 153 335 282 576 106 524 610 641 431 251 153 555 195 116 520 292 693 186 479 325 367 213 531 319 441 698 343 355 418 453 350 563 290 284 73 578 277 421 443 363 689 261 577 593 375 356 438 628 315 639 522 260 547 198 647 138 386 523 306 161 550 369 246 404 308 201 223 358 139 571 633 617 29 349 685 529 534 628 655 389 516 457 137 367 473 487 0 356 243 298 629 492 269 227 313 559 131 496 552 291 375 580 554 136 468 501 353 472 525 380 293 724 91 636 641 407 450 449 131
253 216 687 203 277 306 551 529 532 222 479 261 369 561 561 504 196 334 124 728 713 351 295 141 326 728 201 415 403 397 136 398 344 137 864 194 96 538 675 416 119 296 613 598 251 391 428 102 402 391 344 126 204 749 467 556 181 502 248 140 729 487 89 233 658 364 644 732 228 277 737 584 639 165 323 662 610 103 238 564 316 559 222 558 144 281 260 655 769 383 179 555 366 444 374 293 780 638 536 534 581 518 285 508 191 270 389 873 696 253 575 303 687 745 166 554 377 296 542 441 737 546 519 153 230 794 661 685 170 425 531 513 639 587 673 539 375 305 578 316 647 230 504 557 577 226 256 446 225 674 219 361 313 266 340 433 354 630 248 307 493 406 497 244 320 403 603 808 356 0 397 381 327 574 122 179 636 325 468 231 453 279 717 373 293 221 387 299 13 809 456 721 503 432 356 439 531 699 385 356 244
303 399 825 572 669 383 296 133 724 585 865 630 315 781 650 272 251 579 283 407 849 322 103 497 696 346 596 715 714 147 283 441 58 438 499 580 301 166 455 139 358 421 781 647 648 256 390 460 377 122 646 516 241 483 207 743 345 367 637 344 701 265 349 183 308 427 672 843 486 674 740 188 268 550 135 579 219 475 632 617 239 603 210 162 411 673 283 767 853 765 359 212 392 743 432 329 747 462 500 276 719 122 214 173 586 505 642 939 417 225 194 303 532 805 242 180 316 684 515 642 358 153 503 244 555 832 599 345 544 781 136 437 763 466 790 396 762 128 183 669 486 189 325 163 265 295 180 444 172 563 275 718 710 651 217 580 749 769 452 704 469 165 732 594 119 588 715 446 243 397 0 72 722 729 382 375 515 433 217 409 744 149 398 729 673 255 662 647 402 470 727 399 108 826 153 472 432 322 251 637 306
337 348 871 570 658 320 367 167 761 550 858 629 368 814 699 342 268 603 259 474 896 253 113 496 695 396 574 732 729 76 254 372 96 400 555 553 286 228 527 72 322 361 823 702 627 185 319 457 431 51 661 505 200 554 278 781 298 433 628 354 765 335 320 151 372 360 729 893 503 653 801 215 327 542 182 645 266 448 619 670 286 657 229 203 421 662 318 815 906 760 313 280 439 761 477 369 811 533 428 347 763 155 154 243 565 527 667 995 488 172 194 238 602 861 217 241 370 675 574 675 409 173 431 229 514 891 664 411 540 786 180 365 811 533 838 463 754 166 204 673 556 206 257 185 335 243 136 498 165 631 301 722 692 622 270 620 727 814 399 686 397 95 762 598 163 622 763 504 298 381 72 0 708 771 389 393 583 370 288 356 764 106 466 733 668 280 683 652 388 533 750 466 155 813 210 402 361 375 179 656 338
507 460 684 177 57 560 828 855 519 246 164 145 612 506 637 780 493 364 450 1016 706 635 619 243 129 1043 150 310 287 720 458 634 668 356 1167 194 423 853 921 741 409 528 600 696 103 696 693 271 616 716 284 206 523 1010 759 541 463 739 90 404 855 763 397 559 961 601 746 746 339 85 839 910 950 176 632 836 931 280 90 669 593 672 529 881 348 54 524 684 798 102 453 861 566 325 550 528 900 869 776 815 607 844 601 816 155 365 369 900 968 569 903 592 899 800 493 870 619 61 709 457 1050 873 752 480 316 859 822 982 191 202 855 775 662 799 693 772 75 619 904 177 869 544 802 884 871 523 581 629 551 863 496 172 48 169 623 508 94 640 453 48 736 727 447 195 634 457 647 1111 629 327 722 708 0 586 363 403 838 554 757 467 342 605 1004 178 98 508 340 189 321 1101 376 1009 827 104 658 667 798 1012 691 321 499
437 788 113 461 547 868 599 822 71 723 583 453 422 123 120 568 520 249 637 760 139 888 661 463 458 887 620 285 307 833 658 962 679 708 937 660 598 751 582 840 686 866 53 178 625 890 973 486 366 813 303 530 711 681 600 57 743 453 529 471 325 557 651 692 772 929 215 164 346 632 286 871 800 509 595 383 837 645 559 177 491 192 552 824 433 547 455 99 213 518 746 712 339 282 298 403 357 511 1091 600 30 817 780 688 613 305 219 317 677 755 911 840 494 217 655 762 423 528 302 139 886 855 1078 618 768 277 353 767 480 430 806 1053 76 429 108 459 544 606 877 409 492 575 999 861 678 767 724 309 637 428 479 422 623 698 514 154 679 57 822 620 1048 850 150 415 612 171 75 888 492 574 729 771 586 0 463 420 433 895 590 803 265 724 749 420 490 499 246 399 562 841 222 757 785 623 581 1004 1064 855 883 268 438
150 327 575 195 306 406 469 511 427 330 490 251 265 465 441 421 135 237 180 655 601 433 282 121 316 683 276 348 342 426 199 499 324 259 804 287 139 495 577 441 224 404 505 477 316 451 516 94 289 413 276 167 261 658 396 451 280 398 273 41 608 403 189 262 598 467 522 617 127 339 616 568 589 188 274 544 577 218 278 442 231 437 174 533 34 310 164 539 651 388 283 498 248 377 253 183 658 534 631 454 467 501 339 454 265 164 298 754 612 309 574 384 577 625 207 512 272 315 422 335 690 535 616 175 348 674 542 619 173 399 507 599 524 476 557 435 389 265 565 287 540 193 565 544 508 308 292 327 225 559 133 336 364 354 261 316 416 517 365 359 587 440 404 212 279 292 486 748 269 122 382 389 363 463 0 59 523 433 395 342 382 304 643 347 297 145 306 265 112 739 375 648 479 462 296 541 612 651 445 276 142
104 377 530 228 345 450 426 499 390 388 518 278 213 434 388 378 125 212 218 614 557 469 281 160 339 655 328 340 338 439 238 544 318 315 769 343 178 472 526 452 274 452 465 421 366 478 554 143 232 424 270 218 293 610 360 413 327 345 312 51 550 360 239 282 565 512 466 569 110 387 559 556 561 231 255 486 556 276 322 387 192 381 166 517 56 349 122 490 601 416 331 468 190 369 195 129 600 480 671 413 421 490 366 425 318 135 276 703 566 339 569 421 521 572 237 488 220 350 364 299 661 526 658 201 407 619 483 583 212 412 493 635 477 420 510 381 420 251 554 303 485 188 590 535 472 347 314 268 235 501 105 352 409 408 224 269 462 472 418 403 628 454 376 233 264 251 437 713 227 179 375 393 403 420 59 0 466 481 357 393 371 320 602 362 327 122 290 281 170 699 358 607 466 497 269 586 647 623 471 263 96
385 790 470 664 783 827 248 544 479 853 907 695 271 547 314 250 462 495 613 350 484 800 510 614 737 512 791 626 641 659 630 909 494 760 521 809 590 442 157 654 697 849 479 262 823 758 882 607 234 634 594 680 645 251 313 482 730 154 752 496 212 252 666 595 397 885 248 450 499 842 267 574 445 685 420 76 511 738 770 257 347 241 462 526 519 785 381 401 430 815 739 382 278 641 288 343 247 88 1000 262 406 544 676 384 781 474 526 484 261 667 637 764 65 370 601 447 264 778 142 456 506 577 997 569 865 370 108 377 660 763 519 942 414 53 422 120 830 444 587 686 63 473 840 578 325 716 619 209 536 48 425 724 856 873 340 372 913 436 841 851 963 678 541 643 439 421 372 479 313 636 515 583 838 433 523 466 0 871 301 805 629 600 341 729 745 431 563 666 629 421 589 349 511 915 381 948 942 483 752 560 392
508 109 1008 504 525 50 705 530 856 315 717 554 606 887 869 668 419 659 270 839 1034 134 378 459 610 763 405 733 718 321 250 81 415 210 923 360 305 597 858 343 210 30 936 897 451 224 149 424 658 336 664 415 226 904 610 881 154 719 508 431 1008 655 244 281 740 48 938 1049 552 472 1027 569 697 454 462 916 632 292 483 862 525 855 411 569 462 529 503 971 1081 642 150 644 638 761 659 555 1059 845 223 685 899 519 219 602 402 592 714 1183 841 214 520 131 908 1052 272 610 612 552 811 765 777 527 202 306 249 1096 924 778 472 713 547 224 957 819 990 756 623 437 554 616 863 398 290 538 693 155 264 717 337 916 461 654 516 401 532 749 523 950 100 512 182 313 822 553 446 724 918 874 559 325 433 370 554 895 433 481 871 0 617 96 772 292 830 665 567 449 711 604 338 902 778 831 524 646 504 117 249 744 224 680 503
254 556 670 585 700 569 89 250 604 687 874 635 180 669 490 55 273 509 394 261 691 524 238 514 695 312 662 658 663 364 405 640 207 560 412 662 389 162 244 356 483 599 643 472 707 469 600 488 226 339 598 560 396 291 12 618 496 162 667 354 498 49 461 337 210 621 486 675 448 731 543 290 218 582 159 369 247 567 673 447 165 431 248 241 410 704 235 605 675 772 508 125 264 682 305 246 541 245 714 69 573 248 404 99 651 449 566 752 232 403 344 495 315 622 367 173 176 707 326 537 314 284 715 346 677 640 392 226 566 759 228 652 607 254 629 184 777 184 300 655 269 246 542 287 115 464 352 282 288 349 262 702 759 733 134 459 808 619 611 753 680 382 633 589 172 484 559 356 131 468 217 288 757 590 395 357 301 617 0 570 678 327 250 712 685 252 595 632 467 344 649 254 215 854 118 675 649 278 463 577 261
431 16 916 409 435 93 659 523 762 239 631 459 536 792 781 618 345 565 193 807 942 176 336 363 516 752 317 636 622 325 175 174 380 115 908 275 222 575 806 349 119 67 843 813 365 255 226 328 584 334 568 319 175 861 564 787 76 656 416 344 930 604 154 235 715 140 855 959 459 388 946 568 677 359 411 845 622 197 392 778 459 771 344 560 370 439 429 881 993 552 66 615 559 665 578 477 981 787 317 639 808 511 203 570 313 499 618 1096 800 185 530 145 846 965 206 589 542 461 735 671 765 526 296 236 180 1012 850 750 376 619 536 309 866 753 899 694 534 386 555 521 802 335 346 537 657 114 230 639 282 848 385 559 432 325 471 658 446 858 43 428 275 323 727 457 398 632 828 856 496 231 409 356 467 803 342 393 805 96 570 0 675 261 798 571 474 376 615 509 244 877 682 799 510 563 453 213 331 730 252 584 425
447 663 349 272 317 757 719 863 194 530 319 237 499 166 351 676 496 170 556 903 369 803 652 313 215 989 418 39 58 807 574 848 687 564 1075 465 515 820 755 821 571 742 265 416 405 831 881 351 467 793 109 360 639 854 685 211 634 588 309 412 576 661 542 644 884 814 462 413 261 405 545 918 895 325 617 601 908 486 341 398 531 408 537 877 349 316 468 362 469 261 631 801 420 18 383 436 614 688 988 713 291 855 720 765 413 240 112 567 832 689 938 754 694 481 588 835 503 292 488 174 992 892 970 557 588 542 577 891 302 166 854 966 338 607 366 610 289 617 919 177 678 559 946 900 786 676 674 442 604 639 470 170 386 483 562 257 437 312 682 384 945 821 114 221 629 210 336 1021 552 453 744 764 342 265 382 371 629 772 678 675 0 686 891 165 256 489 83 178 440 989 44 898 828 363 621 888 983 956 825 108 442
289 250 830 474 556 243 414 270 705 444 758 533 353 753 665 380 204 532 155 549 855 201 90 402 600 494 469 652 646 122 149 314 123 295 648 447 186 314 570 139 216 277 773 678 522 170 282 362 413 112 580 404 95 613 319 726 196 446 527 275 762 368 214 46 455 294 711 858 427 548 791 320 417 443 180 653 365 341 516 644 266 633 173 305 338 560 274 779 878 661 211 355 409 682 442 329 810 563 402 394 719 258 77 312 460 456 596 973 549 79 300 169 629 838 113 328 357 575 565 615 506 279 398 133 409 873 667 491 443 693 279 349 771 547 801 481 654 156 310 581 583 151 275 291 401 147 32 479 87 646 245 629 587 515 262 570 621 771 304 582 364 135 696 506 162 565 726 595 291 279 149 106 605 724 304 320 600 292 327 261 686 0 540 641 570 226 608 561 287 617 676 541 253 710 220 350 353 470 162 579 287
498 786 803 830 947 781 177 337 781 934 1114 877 402 850 634 225 523 729 636 12 820 719 462 761 935 190 912 877 885 532 644 838 418 802 188 911 635 241 188 516 723 817 800 593 957 646 782 737 424 510 824 809 623 127 250 790 727 305 914 603 547 242 704 563 106 825 586 789 685 980 605 335 166 830 399 415 253 815 921 580 412 563 496 302 657 950 481 734 771 1013 740 186 473 898 508 482 573 253 883 189 726 344 611 228 901 678 780 821 81 619 410 701 304 711 604 232 396 952 449 733 179 361 890 588 920 708 448 64 813 991 312 816 744 325 756 291 1021 421 353 892 279 491 687 355 143 686 570 455 523 373 510 938 1007 982 383 648 1058 764 840 1002 857 547 827 830 408 685 699 140 375 717 398 466 1004 749 643 602 341 830 250 798 891 540 0 946 928 502 812 869 716 99 857 8 324 1099 362 868 806 170 642 799 506
460 561 512 170 162 660 769 858 351 390 178 113 544 331 488 723 480 235 493 958 533 720 629 239 59 1016 277 136 114 762 507 745 672 456 1122 326 456 834 835 780 483 637 428 551 253 764 791 280 530 752 137 255 575 930 716 371 545 657 164 386 712 706 460 595 921 711 600 575 263 248 689 914 921 214 616 714 919 374 195 527 550 534 521 878 319 160 481 519 630 98 539 828 479 147 452 467 754 775 888 759 444 848 657 786 275 269 216 730 898 625 921 673 793 637 531 850 550 134 592 303 1021 882 867 508 454 697 695 935 203 53 853 875 496 698 526 685 124 610 912 60 770 541 877 891 825 597 622 525 569 747 467 12 223 331 582 369 272 472 569 222 846 774 275 136 623 317 487 1066 580 373 729 733 178 420 347 362 729 665 712 571 165 641 946 0 104 484 181 82 362 1045 202 952 825 203 631 782 895 984 758 172 453
431 465 590 102 61 565 751 804 424 286 193 52 530 416 539 703 432 267 417 940 613 630 570 177 45 979 173 220 198 689 429 648 616 359 1097 222 384 792 835 708 395 539 506 598 151 680 697 213 529 682 187 168 496 926 688 446 454 654 60 338 757 686 375 524 892 613 648 651 251 149 741 860 885 128 571 741 873 277 91 571 520 575 470 828 276 60 450 588 703 92 447 794 478 239 459 448 802 780 790 739 510 794 577 750 172 272 272 805 887 545 860 584 807 703 458 809 537 39 615 359 986 825 769 439 351 761 726 910 129 147 802 781 566 708 597 685 93 561 856 82 779 488 791 836 799 510 548 537 505 769 427 94 133 229 551 410 189 544 470 131 749 699 354 102 575 359 549 1040 554 293 673 668 98 490 297 327 745 567 685 474 256 570 928 104 0 441 244 91 284 1026 285 934 774 172 592 684 802 948 675 224 424
64 361 604 340 451 410 331 377 482 443 634 394 160 535 441 284 31 324 183 513 629 405 167 267 457 538 410 460 459 336 201 499 198 332 660 412 160 352 455 345 266 424 548 458 455 394 491 237 209 317 391 308 231 528 253 503 301 287 418 104 559 267 236 198 453 471 495 633 231 479 581 433 444 332 133 469 435 323 422 424 95 414 53 395 167 455 54 554 655 532 310 353 191 488 219 108 609 422 611 315 494 368 287 309 399 249 388 752 477 267 449 361 476 617 179 368 167 460 362 395 545 404 603 143 443 657 475 475 318 534 370 566 545 380 576 325 534 129 432 424 434 77 501 413 365 299 229 268 139 473 20 473 507 483 120 345 556 546 411 501 570 352 482 352 141 343 500 603 136 221 255 280 508 499 145 122 431 449 252 376 489 226 502 484 441 0 407 402 218 597 472 506 343 607 151 540 573 507 387 381 62
363 602 348 228 302 693 638 780 180 493 355 210 417 183 307 595 415 86 483 824 371 733 571 253 213 907 385 65 78 728 502 786 605 508 995 428 442 737 682 742 506 681 264 370 383 757 813 287 388 713 58 310 566 780 602 203 568 511 286 333 532 580 475 567 802 751 419 407 181 388 508 835 813 280 534 541 825 434 317 348 447 355 455 793 272 302 385 345 459 278 567 718 339 87 304 353 573 617 924 632 267 772 645 682 378 158 37 562 755 615 856 684 627 460 513 752 422 282 422 122 909 809 907 481 546 520 520 810 253 204 770 898 322 536 354 534 301 535 836 163 608 478 871 817 704 607 598 368 524 576 387 180 377 458 478 193 433 301 626 374 880 743 118 178 546 142 308 940 468 387 662 683 340 246 306 290 563 711 595 615 83 608 812 181 244 407 0 153 374 910 69 819 745 383 538 826 913 873 750 31 359
380 497 501 100 149 595 692 776 334 352 246 59 467 330 448 645 398 178 416 881 524 650 547 161 71 935 240 140 120 683 431 683 590 395 1043 286 378 753 765 700 414 575 417 508 231 690 723 202 458 673 96 190 499 858 636 357 476 584 134 304 668 628 388 516 841 648 558 561 185 235 651 832 841 151 534 657 837 314 166 481 470 486 439 796 237 149 400 497 612 149 471 747 407 164 383 388 712 706 825 681 419 766 581 705 235 196 181 715 823 549 839 602 729 611 453 768 474 130 532 268 941 800 805 428 411 670 641 856 133 134 771 808 475 631 507 614 165 528 830 23 703 459 803 809 746 525 544 459 488 687 385 72 224 308 502 321 281 454 511 221 782 695 267 56 541 269 458 987 501 299 647 652 189 399 265 281 666 604 632 509 178 561 869 82 91 402 153 0 288 968 201 875 743 250 550 721 827 903 683 132 373
246 229 674 192 270 319 549 534 519 227 471 251 364 548 549 501 194 321 133 727 700 364 299 128 316 731 199 402 390 406 146 411 348 149 865 195 102 540 670 425 132 309 600 587 248 402 441 89 395 399 331 117 214 745 466 544 194 496 240 133 719 484 102 241 659 377 633 720 216 274 727 590 640 156 324 654 614 109 231 553 313 548 222 562 132 274 255 642 757 374 192 556 357 431 365 286 770 633 549 532 568 523 296 509 188 257 376 861 694 263 582 316 681 733 174 557 371 288 533 428 739 552 532 159 238 783 652 685 159 414 536 526 627 580 660 534 367 307 583 304 642 231 515 563 576 238 265 437 230 666 214 350 308 266 338 421 351 617 261 303 506 415 484 232 322 391 591 809 353 13 402 388 321 562 112 170 629 338 467 244 440 287 716 362 284 218 374 288 0 809 443 720 507 425 356 452 543 701 396 343 238
595 865 890 927 1044 853 276 387 875 1024 1213 975 501 944 724 323 616 828 723 87 905 785 544 858 1033 185 1005 975 984 594 730 904 498 888 101 1003 725 305 265 575 808 891 890 680 1051 707 842 832 522 573 923 904 704 178 343 883 808 402 1011 699 619 340 791 643 162 894 669 871 783 1075 679 372 210 926 488 492 290 905 1017 669 508 652 588 349 754 1047 577 820 849 1112 822 263 571 996 606 580 640 335 937 287 816 396 684 309 995 777 878 893 164 694 444 772 376 789 689 293 495 1049 539 829 169 405 946 676 1007 781 526 127 910 1090 365 868 831 413 842 385 1118 509 390 991 359 581 735 397 233 764 647 551 608 448 606 1037 1103 1075 478 744 1153 852 919 1097 914 607 924 928 495 782 787 75 472 809 470 533 1101 841 739 699 421 902 344 877 989 617 99 1045 1026 597 910 968 809 0 955 93 382 1196 453 931 856 182 703 897 603
426 669 310 288 346 762 686 843 151 551 361 260 469 131 307 645 482 148 552 869 332 802 637 319 247 961 439 66 89 796 571 853 670 574 1042 485 511 795 717 809 575 749 226 372 432 826 882 355 434 781 116 373 635 817 656 170 637 553 334 401 533 630 544 636 854 819 419 374 250 433 502 897 867 340 597 558 883 498 367 355 507 365 521 854 341 345 447 320 429 299 635 773 388 60 350 412 570 650 992 681 248 835 714 738 434 223 85 528 797 684 920 753 653 439 582 809 474 323 447 132 963 872 975 550 606 499 534 859 315 208 832 967 296 568 325 573 326 599 899 204 639 544 940 880 756 676 667 405 592 597 452 205 417 509 537 217 470 271 692 415 949 811 73 236 610 173 293 988 525 456 727 750 376 222 375 358 589 778 649 682 44 676 857 202 285 472 69 201 443 955 0 864 807 403 598 894 983 927 820 100 422
503 787 811 835 952 781 183 335 789 937 1120 883 408 857 642 231 527 736 639 8 828 719 464 766 940 183 916 883 892 532 647 838 420 805 180 915 638 240 195 515 725 818 807 601 961 646 781 741 431 510 831 813 625 133 254 797 729 312 919 608 555 248 706 564 103 826 594 797 691 985 613 332 163 835 402 423 249 818 926 587 417 570 500 299 662 955 486 742 779 1019 742 187 480 905 515 487 581 261 882 195 733 342 612 230 905 685 786 829 89 620 406 702 312 719 607 231 402 957 457 740 172 359 889 591 923 716 456 61 818 997 310 814 752 333 764 299 1026 424 350 898 287 494 685 353 145 688 571 462 526 381 515 944 1012 986 387 655 1062 771 842 1006 856 547 835 835 410 692 706 132 380 721 399 466 1009 757 648 607 349 831 254 799 898 541 8 952 934 506 819 875 720 93 864 0 323 1104 366 867 804 164 641 805 511
381 501 873 672 773 475 268 37 788 692 967 729 363 849 694 262 345 659 390 331 896 403 208 597 795 242 703 801 801 211 390 521 159 545 399 687 407 84 420 193 465 516 838 682 754 325 460 561 421 191 733 620 347 426 203 805 449 377 741 439 712 262 457 290 223 513 700 883 574 780 758 91 173 653 211 582 112 583 737 655 302 639 305 55 506 777 360 811 887 866 463 148 446 828 488 398 754 444 559 251 771 33 309 129 693 588 722 966 360 326 129 393 515 835 350 92 362 786 540 711 254 71 567 351 661 855 607 264 646 876 29 492 811 467 834 398 864 215 93 765 471 286 364 76 211 396 284 484 278 558 361 814 816 758 274 642 856 820 553 810 533 225 805 691 202 657 762 350 293 503 108 155 827 785 479 466 511 524 215 510 828 253 324 825 774 343 745 743 507 382 807 323 0 930 209 548 482 220 321 721 386
601 558 712 269 157 656 922 958 553 333 83 224 702 528 690 874 594 427 554 1111 732 734 723 340 179 1143 250 338 316 824 562 726 771 455 1265 288 527 955 1008 845 512 621 628 752 198 797 789 371 701 820 335 309 627 1098 856 573 564 826 190 503 913 857 501 663 1059 694 801 776 423 175 892 1014 1050 277 733 907 1033 381 194 727 689 733 631 984 443 153 619 722 832 106 553 960 650 345 630 619 956 952 866 909 647 947 704 915 256 442 417 930 1059 672 1007 693 977 840 597 971 709 147 782 505 1151 977 842 584 401 900 890 1079 289 199 958 869 698 879 728 858 85 721 1008 231 950 646 902 988 968 625 685 707 655 937 594 203 131 248 720 567 133 674 546 135 827 831 476 274 736 515 690 1208 724 432 826 813 104 623 462 497 915 646 854 563 363 710 1099 203 172 607 383 250 425 1196 403 1104 930 0 757 757 893 1112 792 372 593
175 439 674 491 601 457 207 246 580 572 785 544 163 640 498 165 165 452 277 373 698 421 130 417 607 387 553 596 598 284 287 533 115 442 511 550 273 203 355 282 365 485 633 495 600 377 501 387 225 260 530 455 281 409 115 598 378 228 568 255 555 151 343 224 304 512 520 690 373 625 591 299 293 482 42 439 289 453 571 465 93 450 134 256 317 605 154 615 701 682 391 203 242 623 283 188 602 343 619 187 569 239 298 158 543 383 514 787 350 292 331 388 409 653 249 219 164 611 364 502 394 277 617 228 560 681 455 329 468 681 234 561 612 329 638 261 685 67 302 572 363 129 465 284 221 350 242 292 171 428 165 621 655 621 66 435 702 619 493 649 582 303 596 502 59 448 564 455 91 356 153 210 658 581 296 269 381 504 118 453 621 220 362 631 592 151 538 550 356 453 598 366 209 757 0 570 562 356 371 516 181
602 225 1115 621 641 135 761 546 967 424 830 671 690 1000 971 728 510 772 369 875 1142 151 441 575 727 776 520 849 835 337 349 42 468 327 939 473 407 628 918 356 321 146 1046 995 564 224 93 539 746 358 780 532 309 954 667 991 261 794 625 535 1098 718 354 353 771 75 1034 1155 663 584 1121 575 721 571 529 998 648 409 599 961 606 952 495 585 572 644 594 1076 1184 757 260 682 731 877 756 647 1148 913 109 740 1006 536 273 645 518 703 827 1285 889 281 516 183 979 1152 362 639 695 668 900 875 791 535 85 399 356 1194 1008 811 589 830 567 130 1063 895 1095 830 737 505 559 733 933 480 240 545 737 242 329 808 414 994 554 771 628 510 608 855 631 1057 215 624 73 324 936 670 511 833 1022 894 636 439 472 402 667 1004 541 586 948 117 675 213 888 350 868 782 684 540 826 721 452 931 894 867 548 757 570 0 158 762 227 795 597
637 339 1173 728 765 238 728 470 1037 564 962 782 705 1077 1015 704 548 849 432 812 1199 180 437 671 842 686 648 945 934 286 413 174 448 444 849 605 474 566 887 296 414 272 1111 1030 696 185 105 632 766 310 873 640 354 906 639 1060 351 789 745 596 1113 696 441 375 703 202 1064 1205 739 719 1144 486 647 681 525 1000 566 525 723 996 619 985 522 507 646 769 624 1126 1228 882 357 628 761 974 792 680 1161 894 88 708 1063 462 286 597 644 775 909 1324 840 310 417 229 963 1190 410 574 709 791 917 945 702 451 108 446 498 1226 1016 744 694 945 494 27 1117 890 1147 821 865 503 468 842 917 502 121 459 688 306 345 832 435 989 591 883 763 650 612 911 772 1114 348 758 91 268 1016 773 506 898 1073 809 641 531 432 361 798 1064 612 647 942 249 649 331 983 353 806 895 802 573 913 827 543 856 983 804 482 893 562 158 0 677 192 882 635
524 720 923 846 956 695 256 216 875 901 1140 900 458 942 746 288 519 787 597 169 942 620 412 773 962 34 900 936 940 427 600 737 362 758 180 890 607 162 343 406 677 736 907 715 949 538 671 741 499 409 875 808 563 297 271 887 666 403 923 610 695 301 665 504 86 730 717 918 722 975 750 192 62 836 380 559 114 787 924 696 434 679 483 176 673 960 503 855 907 1038 681 156 541 960 581 522 726 398 760 254 834 226 530 198 890 725 845 967 244 545 263 612 459 849 559 146 454 966 566 813 38 228 771 553 875 853 591 112 824 1032 197 691 861 456 878 403 1040 395 210 926 426 470 556 219 177 616 502 546 481 522 521 974 1007 962 402 733 1052 877 772 1001 739 438 910 856 380 761 814 132 407 699 322 375 1012 855 651 623 483 744 278 730 956 470 170 984 948 507 873 903 701 182 927 164 220 1112 356 762 677 0 535 855 530
450 250 990 588 649 180 546 319 860 485 852 646 514 905 827 518 363 680 269 649 1015 90 245 523 710 550 543 789 780 110 253 203 259 340 713 508 309 401 705 129 282 226 931 840 595 7 140 482 575 132 716 507 186 733 454 882 229 599 624 422 921 509 300 191 544 200 873 1019 571 620 952 351 494 548 334 809 421 411 606 807 427 795 334 359 478 653 436 940 1040 762 240 458 571 818 604 491 970 707 250 525 879 309 106 422 536 604 742 1135 667 136 298 107 775 1000 238 412 517 672 726 769 565 310 252 271 431 1036 824 584 555 810 339 190 932 700 962 631 749 312 335 701 729 313 121 321 514 167 159 641 247 799 405 746 663 568 421 729 686 931 288 658 218 97 846 627 314 720 887 667 450 385 251 179 691 883 445 471 752 224 463 252 825 162 642 758 675 387 750 683 396 703 820 641 321 792 371 227 192 535 0 720 448
341 570 372 200 280 662 624 756 205 465 350 186 401 213 319 580 388 70 453 811 397 702 544 222 196 888 357 81 86 700 471 754 580 477 980 400 412 716 674 713 475 650 289 380 358 727 782 256 376 685 37 279 535 771 584 229 537 500 262 304 541 564 444 538 786 720 430 431 153 364 521 812 794 250 510 543 803 403 292 356 426 362 429 771 242 280 362 365 481 266 536 699 326 107 293 333 585 611 892 617 287 748 615 662 351 133 49 584 744 585 831 653 625 479 483 731 406 262 421 136 892 784 875 451 516 538 523 795 224 203 747 867 343 531 376 525 288 510 812 145 604 451 841 793 688 576 568 361 496 576 362 170 356 432 458 197 413 323 594 353 849 714 147 150 521 145 326 925 449 356 637 656 321 268 276 263 560 680 577 584 108 579 799 172 224 381 31 132 343 897 100 805 721 372 516 795 882 855 720 0 336
9 409 542 324 441 465 330 421 423 465 613 374 126 477 380 282 88 274 233 518 568 465 225 256 434 563 417 416 417 396 253 556 251 369 673 426 204 383 436 404 311 477 487 399 458 455 551 234 161 376 350 309 289 517 265 444 352 259 408 107 506 264 278 259 469 527 437 571 192 480 525 476 468 326 175 423 469 347 417 365 97 355 115 435 151 445 27 492 594 511 360 374 135 443 159 52 556 395 671 316 432 413 348 333 406 203 337 692 471 327 498 420 443 557 235 398 133 446 310 337 568 450 662 198 473 598 426 487 307 502 412 627 484 343 514 296 516 178 477 396 403 137 562 458 376 355 290 214 201 432 44 444 504 495 129 284 556 484 457 498 630 413 426 328 188 284 439 617 131 244 306 338 499 438 142 96 392 503 261 425 442 287 506 453 424 62 359 373 238 603 422 511 386 593 181 597 635 530 448 336 0
